tourney_id,tourney_name,surface,draw_size,tourney_level,indoor,tourney_date,match_num,winner_id,winner_seed,winner_entry,winner_name,winner_hand,winner_ht,winner_ioc,winner_age,winner_rank,winner_rank_points,loser_id,loser_seed,loser_entry,loser_name,loser_hand,loser_ht,loser_ioc,loser_age,loser_rank,loser_rank_points,score,best_of,round,minutes,w_ace,w_df,w_svpt,w_1stIn,w_1stWon,w_2ndWon,w_SvGms,w_bpSaved,w_bpFaced,l_ace,l_df,l_svpt,l_1stIn,l_1stWon,l_2ndWon,l_SvGms,l_bpSaved,l_bpFaced
2026-australian-open,Australian Open,Hard,,G,,20260201,1,alcaraz-5ab70,1,,Alcaraz,,,,,,,djokovic,4,,Djokovic,,,,,,,2-6 6-2 6-3 7-5,5,F,,,,,,,,,,,,,,,,,,,
2026-australian-open,Australian Open,Hard,,G,,20260130,2,djokovic,4,,Djokovic,,,,,,,sinner-8b8e8,2,,Sinner,,,,,,,3-6 6-3 4-6 6-4 6-4,5,SF,,,,,,,,,,,,,,,,,,,
2026-australian-open,Australian Open,Hard,,G,,20260130,3,alcaraz-5ab70,1,,Alcaraz,,,,,,,zverev-6f768,3,,Zverev,,,,,,,6-4 7-65 63-7 64-7 7-5,5,SF,,,,,,,,,,,,,,,,,,,
2026-australian-open,Australian Open,Hard,,G,,20260128,4,sinner-8b8e8,2,,Sinner,,,,,,,shelton-38989,8,,Shelton,,,,,,,6-3 6-4 6-4,5,QF,,,,,,,,,,,,,,,,,,,
2026-australian-open,Australian Open,Hard,,G,,20260128,5,djokovic,4,,Djokovic,,,,,,,musetti,5,,Musetti,,,,,,,4-6 3-6 3-1,5,QF,,,,,,,,,,,,,,,,,,,
2026-australian-open,Australian Open,Hard,,G,,20260127,6,alcaraz-5ab70,1,,Alcaraz,,,,,,,de-minaur,6,,De Minaur,,,,,,,7-5 6-2 6-1,5,QF,,,,,,,,,,,,,,,,,,,
2026-australian-open,Australian Open,Hard,,G,,20260127,7,zverev-6f768,3,,Zverev,,,,,,,tien,25,,Tien,,,,,,,6-3 65-7 6-1 7-63,5,QF,,,,,,,,,,,,,,,,,,,
2026-australian-open,Australian Open,Hard,,G,,20260126,8,shelton-38989,8,,Shelton,,,,,,,ruud-dfb38,12,,Ruud,,,,,,,3-6 6-4 6-3 6-4,5,R16,,,,,,,,,,,,,,,,,,,
2026-australian-open,Australian Open,Hard,,G,,20260126,9,sinner-8b8e8,2,,Sinner,,,,,,,darderi,22,,Darderi,,,,,,,6-1 6-3 7-62,5,R16,,,,,,,,,,,,,,,,,,,
2026-australian-open,Australian Open,Hard,,G,,20260126,10,musetti,5,,Musetti,,,,,,,fritz-f1aa7,9,,Fritz,,,,,,,6-2 7-5 6-4,5,R16,,,,,,,,,,,,,,,,,,,
2026-australian-open,Australian Open,Hard,,G,,20260125,11,de-minaur,6,,De Minaur,,,,,,,bublik-43f80,10,,Bublik,,,,,,,6-4 6-1 6-1,5,R16,,,,,,,,,,,,,,,,,,,
2026-australian-open,Australian Open,Hard,,G,,20260125,12,tien,25,,Tien,,,,,,,medvedev-e0d2d,11,,Medvedev,,,,,,,6-4 6-0 6-3,5,R16,,,,,,,,,,,,,,,,,,,
2026-australian-open,Australian Open,Hard,,G,,20260125,13,zverev-6f768,3,,Zverev,,,,,,,cerundolo,18,,Cerundolo,,,,,,,6-2 6-4 6-4,5,R16,,,,,,,,,,,,,,,,,,,
2026-australian-open,Australian Open,Hard,,G,,20260125,14,alcaraz-5ab70,1,,Alcaraz,,,,,,,paul-324c3,19,,Paul,,,,,,,7-66 6-4 7-5,5,R16,,,,,,,,,,,,,,,,,,,
2026-australian-open,Australian Open,Hard,,G,,20260124,15,ruud-dfb38,12,,Ruud,,,,,,,cilic,,,Cilic,,,,,,,6-4 6-4 3-6 7-5,5,R32,,,,,,,,,,,,,,,,,,,
2026-australian-open,Australian Open,Hard,,G,,20260124,16,mensik,16,,Mensik,,,,,,,quinn-d0193,,,Quinn,,,,,,,6-2 7-65 7-65,5,R32,,,,,,,,,,,,,,,,,,,
2026-australian-open,Australian Open,Hard,,G,,20260124,17,djokovic,4,,Djokovic,,,,,,,van-de-zandschulp,,,Van De Zandschulp,,,,,,,6-3 6-4 7-64,5,R32,,,,,,,,,,,,,,,,,,,
2026-australian-open,Australian Open,Hard,,G,,20260124,18,fritz-f1aa7,9,,Fritz,,,,,,,wawrinka-ffdb9,,,Wawrinka,,,,,,,7-65 2-6 6-4 6-4,5,R32,,,,,,,,,,,,,,,,,,,
2026-australian-open,Australian Open,Hard,,G,,20260124,19,shelton-38989,8,,Shelton,,,,,,,vacherot,30,,Vacherot,,,,,,,6-4 6-4 7-65,5,R32,,,,,,,,,,,,,,,,,,,
2026-australian-open,Australian Open,Hard,,G,,20260124,20,sinner-8b8e8,2,,Sinner,,,,,,,spizzirri,,,Spizzirri,,,,,,,4-6 6-3 6-4 6-4,5,R32,,,,,,,,,,,,,,,,,,,
2026-australian-open,Australian Open,Hard,,G,,20260124,21,darderi,22,,Darderi,,,,,,,khachanov,15,,Khachanov,,,,,,,7-65 3-6 6-3 6-4,5,R32,,,,,,,,,,,,,,,,,,,
2026-australian-open,Australian Open,Hard,,G,,20260124,22,musetti,5,,Musetti,,,,,,,machac,,,Machac,,,,,,,5-7 6-4 6-2 5-7 6-2,5,R32,,,,,,,,,,,,,,,,,,,
2026-australian-open,Australian Open,Hard,,G,,20260123,23,bublik-43f80,10,,Bublik,,,,,,,etcheverry-7101a,,,Etcheverry,,,,,,,7-64 7-65 6-4,5,R32,,,,,,,,,,,,,,,,,,,
2026-australian-open,Australian Open,Hard,,G,,20260123,24,zverev-6f768,3,,Zverev,,,,,,,norrie,26,,Norrie,,,,,,,7-5 4-6 6-3 6-1,5,R32,,,,,,,,,,,,,,,,,,,
2026-australian-open,Australian Open,Hard,,G,,20260123,25,de-minaur,6,,De Minaur,,,,,,,tiafoe,29,,Tiafoe,,,,,,,6-3 6-4 7-5,5,R32,,,,,,,,,,,,,,,,,,,
2026-australian-open,Australian Open,Hard,,G,,20260123,26,cerundolo,18,,Cerundolo,,,,,,,rublev,13,,Rublev,,,,,,,6-3 7-64 6-3,5,R32,,,,,,,,,,,,,,,,,,,
2026-australian-open,Australian Open,Hard,,G,,20260123,27,alcaraz-5ab70,1,,Alcaraz,,,,,,,moutet,32,,Moutet,,,,,,,6-2 6-4 6-1,5,R32,,,,,,,,,,,,,,,,,,,
2026-australian-open,Australian Open,Hard,,G,,20260123,28,paul-324c3,19,,Paul,,,,,,,davidovich-fokina,14,,Davidovich Fokina,,,,,,,6-1 6-1,5,R32,,,,,,,,,,,,,,,,,,,
2026-australian-open,Australian Open,Hard,,G,,20260123,29,medvedev-e0d2d,11,,Medvedev,,,,,,,marozsan,,,Marozsan,,,,,,,65-7 4-6 7-5 6-0 6-3,5,R32,,,,,,,,,,,,,,,,,,,
2026-australian-open,Australian Open,Hard,,G,,20260123,30,tien,25,,Tien,,,,,,,borges-8d823,,,Borges,,,,,,,7-69 6-4 6-2,5,R32,,,,,,,,,,,,,,,,,,,
2026-australian-open,Australian Open,Hard,,G,,20260122,31,ruud-dfb38,12,,Ruud,,,,,,,munar-d1298,,,Munar,,,,,,,6-3 7-5 6-4,5,R64,,,,,,,,,,,,,,,,,,,
2026-australian-open,Australian Open,Hard,,G,,20260122,32,sinner-8b8e8,2,,Sinner,,,,,,,duckworth,,,Duckworth,,,,,,,6-1 6-4 6-2,5,R64,,,,,,,,,,,,,,,,,,,
2026-australian-open,Australian Open,Hard,,G,,20260122,33,fritz-f1aa7,9,,Fritz,,,,,,,kopriva,,,Kopriva,,,,,,,6-1 6-4 7-64,5,R64,,,,,,,,,,,,,,,,,,,
2026-australian-open,Australian Open,Hard,,G,,20260122,34,cilic,,,Cilic,,,,,,,shapovalov,21,,Shapovalov,,,,,,,6-4 6-3 6-2,5,R64,,,,,,,,,,,,,,,,,,,
2026-australian-open,Australian Open,Hard,,G,,20260122,35,machac,,,Machac,,,,,,,tsitsipas-b526f,31,,Tsitsipas,,,,,,,6-4 3-6 7-65 7-65,5,R64,,,,,,,,,,,,,,,,,,,
2026-australian-open,Australian Open,Hard,,G,,20260122,36,wawrinka-ffdb9,,,Wawrinka,,,,,,,gea,,,Gea,,,,,,,4-6 6-3 3-6 7-5 7-63,5,R64,,,,,,,,,,,,,,,,,,,
2026-australian-open,Australian Open,Hard,,G,,20260122,37,spizzirri,,,Spizzirri,,,,,,,wu-9762d,,,Wu,,,,,,,6-2 6-4 64-7 4-6 6-3,5,R64,,,,,,,,,,,,,,,,,,,
2026-australian-open,Australian Open,Hard,,G,,20260122,38,van-de-zandschulp,,,Van De Zandschulp,,,,,,,shang,,,Shang,,,,,,,7-66 6-2 6-3,5,R64,,,,,,,,,,,,,,,,,,,
2026-australian-open,Australian Open,Hard,,G,,20260122,39,djokovic,4,,Djokovic,,,,,,,maestrelli,,,Maestrelli,,,,,,,6-3 6-2 6-2,5,R64,,,,,,,,,,,,,,,,,,,
2026-australian-open,Australian Open,Hard,,G,,20260122,40,quinn-d0193,,,Quinn,,,,,,,hurkacz,,,Hurkacz,,,,,,,6-4 7-65 6-1,5,R64,,,,,,,,,,,,,,,,,,,
2026-australian-open,Australian Open,Hard,,G,,20260122,41,shelton-38989,8,,Shelton,,,,,,,sweeny,,,Sweeny,,,,,,,6-3 6-2 6-2,5,R64,,,,,,,,,,,,,,,,,,,
2026-australian-open,Australian Open,Hard,,G,,20260122,42,musetti,5,,Musetti,,,,,,,sonego,,,Sonego,,,,,,,6-3 6-3 6-4,5,R64,,,,,,,,,,,,,,,,,,,
2026-australian-open,Australian Open,Hard,,G,,20260122,43,darderi,22,,Darderi,,,,,,,baez-a8fb1,,,Baez,,,,,,,6-3 1-6 6-4 6-3,5,R64,,,,,,,,,,,,,,,,,,,
2026-australian-open,Australian Open,Hard,,G,,20260122,44,khachanov,15,,Khachanov,,,,,,,basavareddy,,,Basavareddy,,,,,,,6-1 6-4 6-3,5,R64,,,,,,,,,,,,,,,,,,,
2026-australian-open,Australian Open,Hard,,G,,20260122,45,vacherot,30,,Vacherot,,,,,,,hijikata,,,Hijikata,,,,,,,6-1 6-3 4-6 6-2,5,R64,,,,,,,,,,,,,,,,,,,
2026-australian-open,Australian Open,Hard,,G,,20260122,46,mensik,16,,Mensik,,,,,,,jodar,,,Jodar,,,,,,,6-2 6-4 6-4,5,R64,,,,,,,,,,,,,,,,,,,
2026-australian-open,Australian Open,Hard,,G,,20260121,47,tiafoe,29,,Tiafoe,,,,,,,comesana-c17e0,,,Comesana,,,,,,,6-4 6-3 4-6 6-2,5,R64,,,,,,,,,,,,,,,,,,,
2026-australian-open,Australian Open,Hard,,G,,20260121,48,de-minaur,6,,De Minaur,,,,,,,medjedovic,,,Medjedovic,,,,,,,65-7 6-2 6-2 6-1,5,R64,,,,,,,,,,,,,,,,,,,
2026-australian-open,Australian Open,Hard,,G,,20260121,49,zverev-6f768,3,,Zverev,,,,,,,muller-c81bc,,,Muller,,,,,,,6-3 4-6 6-3 6-4,5,R64,,,,,,,,,,,,,,,,,,,
2026-australian-open,Australian Open,Hard,,G,,20260121,50,bublik-43f80,10,,Bublik,,,,,,,fucsovics,,,Fucsovics,,,,,,,7-5 6-4 7-5,5,R64,,,,,,,,,,,,,,,,,,,
2026-australian-open,Australian Open,Hard,,G,,20260121,51,norrie,26,,Norrie,,,,,,,nava-337db,,,Nava,,,,,,,6-1 7-63 4-6 7-65,5,R64,,,,,,,,,,,,,,,,,,,
2026-australian-open,Australian Open,Hard,,G,,20260121,52,tien,25,,Tien,,,,,,,shevchenko-3bd40,,,Shevchenko,,,,,,,6-2 5-7 6-1 6-0,5,R64,,,,,,,,,,,,,,,,,,,
2026-australian-open,Australian Open,Hard,,G,,20260121,53,moutet,32,,Moutet,,,,,,,zheng-c91db,,,Zheng,,,,,,,3-6 6-1 6-3 2-0,5,R64,,,,,,,,,,,,,,,,,,,
2026-australian-open,Australian Open,Hard,,G,,20260121,54,borges-8d823,,,Borges,,,,,,,thompson-46e89,,,Thompson,,,,,,,69-7 6-3 6-2 6-4,5,R64,,,,,,,,,,,,,,,,,,,
2026-australian-open,Australian Open,Hard,,G,,20260121,55,alcaraz-5ab70,1,,Alcaraz,,,,,,,hanfmann,,,Hanfmann,,,,,,,7-64 6-3 6-2,5,R64,,,,,,,,,,,,,,,,,,,
2026-australian-open,Australian Open,Hard,,G,,20260121,56,davidovich-fokina,14,,Davidovich Fokina,,,,,,,opelka,,,Opelka,,,,,,,6-3 7-63 5-7 4-6 6-4,5,R64,,,,,,,,,,,,,,,,,,,
2026-australian-open,Australian Open,Hard,,G,,20260121,57,etcheverry-7101a,,,Etcheverry,,,,,,,fery,,,Fery,,,,,,,7-64 6-1 6-3,5,R64,,,,,,,,,,,,,,,,,,,
2026-australian-open,Australian Open,Hard,,G,,20260121,58,medvedev-e0d2d,11,,Medvedev,,,,,,,halys,,,Halys,,,,,,,69-7 6-3 6-4 6-2,5,R64,,,,,,,,,,,,,,,,,,,
2026-australian-open,Australian Open,Hard,,G,,20260121,59,rublev,13,,Rublev,,,,,,,faria-4754c,,,Faria,,,,,,,6-4 6-3 4-6 7-5,5,R64,,,,,,,,,,,,,,,,,,,
2026-australian-open,Australian Open,Hard,,G,,20260121,60,cerundolo,18,,Cerundolo,,,,,,,dzumhur,,,Dzumhur,,,,,,,6-3 6-2 6-1,5,R64,,,,,,,,,,,,,,,,,,,
2026-australian-open,Australian Open,Hard,,G,,20260121,61,paul-324c3,19,,Paul,,,,,,,tirante,,,Tirante,,,,,,,6-3 6-4 6-2,5,R64,,,,,,,,,,,,,,,,,,,
2026-australian-open,Australian Open,Hard,,G,,20260121,62,marozsan,,,Marozsan,,,,,,,majchrzak-905d8,,,Majchrzak,,,,,,,6-3 6-4 7-65,5,R64,,,,,,,,,,,,,,,,,,,
2026-australian-open,Australian Open,Hard,,G,,20260120,63,tsitsipas-b526f,31,,Tsitsipas,,,,,,,mochizuki-f2487,,,Mochizuki,,,,,,,4-6 6-3 6-2 6-2,5,R128,,,,,,,,,,,,,,,,,,,
2026-australian-open,Australian Open,Hard,,G,,20260120,64,machac,,,Machac,,,,,,,dimitrov-779bc,,,Dimitrov,,,,,,,6-4 6-4 6-3,5,R128,,,,,,,,,,,,,,,,,,,
2026-australian-open,Australian Open,Hard,,G,,20260120,65,sinner-8b8e8,2,,Sinner,,,,,,,gaston-e1fa4,,,Gaston,,,,,,,6-2 6-1,5,R128,,,,,,,,,,,,,,,,,,,
2026-australian-open,Australian Open,Hard,,G,,20260120,66,kopriva,,,Kopriva,,,,,,,struff,,,Struff,,,,,,,4-6 6-2 2-6 6-3 6-1,5,R128,,,,,,,,,,,,,,,,,,,
2026-australian-open,Australian Open,Hard,,G,,20260120,67,fritz-f1aa7,9,,Fritz,,,,,,,royer,,,Royer,,,,,,,7-65 5-7 6-1 6-3,5,R128,,,,,,,,,,,,,,,,,,,
2026-australian-open,Australian Open,Hard,,G,,20260120,68,hurkacz,,,Hurkacz,,,,,,,bergs,,,Bergs,,,,,,,66-7 7-66 6-3 6-3,5,R128,,,,,,,,,,,,,,,,,,,
2026-australian-open,Australian Open,Hard,,G,,20260120,69,duckworth,,,Duckworth,,,,,,,prizmic,,,Prizmic,,,,,,,7-64 3-6 1-6 7-5 6-3,5,R128,,,,,,,,,,,,,,,,,,,
2026-australian-open,Australian Open,Hard,,G,,20260120,70,jodar,,,Jodar,,,,,,,sakamoto-9c9d5,,,Sakamoto,,,,,,,7-66 6-1 5-7 4-6 6-3,5,R128,,,,,,,,,,,,,,,,,,,
2026-australian-open,Australian Open,Hard,,G,,20260120,71,sweeny,,,Sweeny,,,,,,,monfils,,,Monfils,,,,,,,63-7 7-5 6-4 7-5,5,R128,,,,,,,,,,,,,,,,,,,
2026-australian-open,Australian Open,Hard,,G,,20260120,72,wu-9762d,,,Wu,,,,,,,nardi-e2cda,,,Nardi,,,,,,,7-5 4-6 6-4 6-2,5,R128,,,,,,,,,,,,,,,,,,,
2026-australian-open,Australian Open,Hard,,G,,20260120,73,spizzirri,,,Spizzirri,,,,,,,fonseca-57dc1,28,,Fonseca,,,,,,,6-4 2-6 6-1 6-2,5,R128,,,,,,,,,,,,,,,,,,,
2026-australian-open,Australian Open,Hard,,G,,20260120,74,shelton-38989,8,,Shelton,,,,,,,humbert-e2553,,,Humbert,,,,,,,6-3 7-62 7-65,5,R128,,,,,,,,,,,,,,,,,,,
2026-australian-open,Australian Open,Hard,,G,,20260120,75,mensik,16,,Mensik,,,,,,,carreno-busta,,,Carreno-Busta,,,,,,,7-5 4-6 2-6 7-61 6-3,5,R128,,,,,,,,,,,,,,,,,,,
2026-australian-open,Australian Open,Hard,,G,,20260120,76,basavareddy,,,Basavareddy,,,,,,,o-connell-020b8,,,O'Connell,,,,,,,4-6 7-67 63-7 6-2 6-3,5,R128,,,,,,,,,,,,,,,,,,,
2026-australian-open,Australian Open,Hard,,G,,20260120,77,khachanov,15,,Khachanov,,,,,,,michelsen-a98bb,,,Michelsen,,,,,,,4-6 6-4 6-3 5-7 6-3,5,R128,,,,,,,,,,,,,,,,,,,
2026-australian-open,Australian Open,Hard,,G,,20260120,78,baez-a8fb1,,,Baez,,,,,,,mpetshi-perricard,,,Mpetshi Perricard,,,,,,,6-4 6-4 3-6 5-7 6-3,5,R128,,,,,,,,,,,,,,,,,,,
2026-australian-open,Australian Open,Hard,,G,,20260120,79,quinn-d0193,,,Quinn,,,,,,,griekspoor-d58ed,23,,Griekspoor,,,,,,,6-2 6-3 6-2,5,R128,,,,,,,,,,,,,,,,,,,
2026-australian-open,Australian Open,Hard,,G,,20260120,80,musetti,5,,Musetti,,,,,,,collignon,,,Collignon,,,,,,,4-6 7-63 7-5 3-2,5,R128,,,,,,,,,,,,,,,,,,,
2026-australian-open,Australian Open,Hard,,G,,20260120,81,sonego,,,Sonego,,,,,,,taberner,,,Taberner,,,,,,,6-4 6-0 6-3,5,R128,,,,,,,,,,,,,,,,,,,
2026-australian-open,Australian Open,Hard,,G,,20260120,82,darderi,22,,Darderi,,,,,,,garin,,,Garin,,,,,,,7-65 7-5 7-63,5,R128,,,,,,,,,,,,,,,,,,,
2026-australian-open,Australian Open,Hard,,G,,20260119,83,djokovic,4,,Djokovic,,,,,,,martinez-c0caf,,,Martinez,,,,,,,6-3 6-2 6-2,5,R128,,,,,,,,,,,,,,,,,,,
2026-australian-open,Australian Open,Hard,,G,,20260119,84,ruud-dfb38,12,,Ruud,,,,,,,bellucci-47e7e,,,Bellucci,,,,,,,6-1 6-2 6-4,5,R128,,,,,,,,,,,,,,,,,,,
2026-australian-open,Australian Open,Hard,,G,,20260119,85,muller-c81bc,,,Muller,,,,,,,popyrin,,,Popyrin,,,,,,,2-6 6-3 3-6 7-65 7-64,5,R128,,,,,,,,,,,,,,,,,,,
2026-australian-open,Australian Open,Hard,,G,,20260119,86,vacherot,30,,Vacherot,,,,,,,damm-4f98a,,,Damm,,,,,,,6-4 6-4 6-4,5,R128,,,,,,,,,,,,,,,,,,,
2026-australian-open,Australian Open,Hard,,G,,20260119,87,gea,,,Gea,,,,,,,lehecka,17,,Lehecka,,,,,,,7-5 7-61 7-5,5,R128,,,,,,,,,,,,,,,,,,,
2026-australian-open,Australian Open,Hard,,G,,20260119,88,hijikata,,,Hijikata,,,,,,,mannarino-a7108,,,Mannarino,,,,,,,6-3 6-3 6-1,5,R128,,,,,,,,,,,,,,,,,,,
2026-australian-open,Australian Open,Hard,,G,,20260119,89,shapovalov,21,,Shapovalov,,,,,,,yunchaokete,,,Yunchaokete,,,,,,,6-3 7-63 6-1,5,R128,,,,,,,,,,,,,,,,,,,
2026-australian-open,Australian Open,Hard,,G,,20260119,90,munar-d1298,,,Munar,,,,,,,svrcina,,,Svrcina,,,,,,,3-6 6-2 65-7 7-5 6-3,5,R128,,,,,,,,,,,,,,,,,,,
2026-australian-open,Australian Open,Hard,,G,,20260119,91,maestrelli,,,Maestrelli,,,,,,,atmane,,,Atmane,,,,,,,6-4 3-6 64-7 6-1 6-1,5,R128,,,,,,,,,,,,,,,,,,,
2026-australian-open,Australian Open,Hard,,G,,20260119,92,van-de-zandschulp,,,Van De Zandschulp,,,,,,,nakashima-68876,27,,Nakashima,,,,,,,6-3 4-6 7-61 7-63,5,R128,,,,,,,,,,,,,,,,,,,
2026-australian-open,Australian Open,Hard,,G,,20260119,93,cilic,,,Cilic,,,,,,,altmaier,,,Altmaier,,,,,,,6-0 6-0 7-63,5,R128,,,,,,,,,,,,,,,,,,,
2026-australian-open,Australian Open,Hard,,G,,20260119,94,majchrzak-905d8,,,Majchrzak,,,,,,,fearnley,,,Fearnley,,,,,,,7-62 7-5 3-6 7-63,5,R128,,,,,,,,,,,,,,,,,,,
2026-australian-open,Australian Open,Hard,,G,,20260119,95,wawrinka-ffdb9,,,Wawrinka,,,,,,,djere,,,Djere,,,,,,,5-7 6-3 6-4 7-64,5,R128,,,,,,,,,,,,,,,,,,,
2026-australian-open,Australian Open,Hard,,G,,20260119,96,tirante,,,Tirante,,,,,,,vukic,,,Vukic,,,,,,,7-5 6-2 6-2,5,R128,,,,,,,,,,,,,,,,,,,
2026-australian-open,Australian Open,Hard,,G,,20260119,97,davidovich-fokina,14,,Davidovich Fokina,,,,,,,misolic,,,Misolic,,,,,,,6-2 6-3 6-3,5,R128,,,,,,,,,,,,,,,,,,,
2026-australian-open,Australian Open,Hard,,G,,20260119,98,tien,25,,Tien,,,,,,,giron-49e97,,,Giron,,,,,,,7-62 4-6 3-6 7-63 6-2,5,R128,,,,,,,,,,,,,,,,,,,
2026-australian-open,Australian Open,Hard,,G,,20260119,99,de-minaur,6,,De Minaur,,,,,,,mcdonald-4d935,,,McDonald,,,,,,,6-2 6-2 6-3,5,R128,,,,,,,,,,,,,,,,,,,
2026-australian-open,Australian Open,Hard,,G,,20260119,100,thompson-46e89,,,Thompson,,,,,,,cerundolo-08df6,,,Cerundolo,,,,,,,63-7 7-5 6-1 6-1,5,R128,,,,,,,,,,,,,,,,,,,
2026-australian-open,Australian Open,Hard,,G,,20260119,101,rublev,13,,Rublev,,,,,,,arnaldi,,,Arnaldi,,,,,,,6-4 6-2 6-3,5,R128,,,,,,,,,,,,,,,,,,,
2026-australian-open,Australian Open,Hard,,G,,20260119,102,opelka,,,Opelka,,,,,,,budkov-kjaer,,,Budkov Kjaer,,,,,,,6-4 6-3 6-4,5,R128,,,,,,,,,,,,,,,,,,,
2026-australian-open,Australian Open,Hard,,G,,20260119,103,shang,,,Shang,,,,,,,bautista-agut,,,Bautista-Agut,,,,,,,6-4 62-7 6-4 6-0,5,R128,,,,,,,,,,,,,,,,,,,
2026-australian-open,Australian Open,Hard,,G,,20260119,104,paul-324c3,19,,Paul,,,,,,,kovacevic-a2706,,,Kovacevic,,,,,,,6-4 6-3 6-3,5,R128,,,,,,,,,,,,,,,,,,,
2026-australian-open,Australian Open,Hard,,G,,20260119,105,marozsan,,,Marozsan,,,,,,,rinderknech,24,,Rinderknech,,,,,,,6-3 6-4 62-7 6-4,5,R128,,,,,,,,,,,,,,,,,,,
2026-australian-open,Australian Open,Hard,,G,,20260119,106,medvedev-e0d2d,11,,Medvedev,,,,,,,de-jong-57322,,,De Jong,,,,,,,7-5 6-2 7-62,5,R128,,,,,,,,,,,,,,,,,,,
2026-australian-open,Australian Open,Hard,,G,,20260119,107,halys,,,Halys,,,,,,,tabilo,,,Tabilo,,,,,,,6-2 6-2 7-62,5,R128,,,,,,,,,,,,,,,,,,,
2026-australian-open,Australian Open,Hard,,G,,20260119,108,borges-8d823,,,Borges,,,,,,,auger-aliassime,7,,Auger Aliassime,,,,,,,3-6 6-4 6-4 0-0,5,R128,,,,,,,,,,,,,,,,,,,
2026-australian-open,Australian Open,Hard,,G,,20260119,109,medjedovic,,,Medjedovic,,,,,,,navone,,,Navone,,,,,,,6-2 63-7 6-4 6-2,5,R128,,,,,,,,,,,,,,,,,,,
2026-australian-open,Australian Open,Hard,,G,,20260119,110,shevchenko-3bd40,,,Shevchenko,,,,,,,ymer,,,Ymer,,,,,,,3-6 7-5 6-4 6-1,5,R128,,,,,,,,,,,,,,,,,,,
2026-australian-open,Australian Open,Hard,,G,,20260118,111,alcaraz-5ab70,1,,Alcaraz,,,,,,,walton,,,Walton,,,,,,,6-3 7-62 6-2,5,R128,,,,,,,,,,,,,,,,,,,
2026-australian-open,Australian Open,Hard,,G,,20260118,112,bublik-43f80,10,,Bublik,,,,,,,brooksby,,,Brooksby,,,,,,,6-4 6-4 6-4,5,R128,,,,,,,,,,,,,,,,,,,
2026-australian-open,Australian Open,Hard,,G,,20260118,113,norrie,26,,Norrie,,,,,,,bonzi-a38fa,,,Bonzi,,,,,,,6-0 62-7 4-6 6-3 6-4,5,R128,,,,,,,,,,,,,,,,,,,
2026-australian-open,Australian Open,Hard,,G,,20260118,114,hanfmann,,,Hanfmann,,,,,,,svajda,,,Svajda,,,,,,,7-5 4-6 6-4 7-63,5,R128,,,,,,,,,,,,,,,,,,,
2026-australian-open,Australian Open,Hard,,G,,20260118,115,tiafoe,29,,Tiafoe,,,,,,,kubler-21879,,,Kubler,,,,,,,7-64 6-3 6-2,5,R128,,,,,,,,,,,,,,,,,,,
2026-australian-open,Australian Open,Hard,,G,,20260118,116,fucsovics,,,Fucsovics,,,,,,,ugo-carabelli,,,Ugo Carabelli,,,,,,,7-65 6-1 6-2,5,R128,,,,,,,,,,,,,,,,,,,
2026-australian-open,Australian Open,Hard,,G,,20260118,117,faria-4754c,,,Faria,,,,,,,blockx,,,Blockx,,,,,,,6-3 3-6 6-3 6-4,5,R128,,,,,,,,,,,,,,,,,,,
2026-australian-open,Australian Open,Hard,,G,,20260118,118,zheng-c91db,,,Zheng,,,,,,,korda-2529f,,,Korda,,,,,,,6-4 6-4 3-6 60-7 6-3,5,R128,,,,,,,,,,,,,,,,,,,
2026-australian-open,Australian Open,Hard,,G,,20260118,119,dzumhur,,,Dzumhur,,,,,,,draxl,,,Draxl,,,,,,,7-5 6-0 6-4,5,R128,,,,,,,,,,,,,,,,,,,
2026-australian-open,Australian Open,Hard,,G,,20260118,120,nava-337db,,,Nava,,,,,,,jacquet-d2059,,,Jacquet,,,,,,,6-2 7-5 65-7 4-6 7-66,5,R128,,,,,,,,,,,,,,,,,,,
2026-australian-open,Australian Open,Hard,,G,,20260118,121,comesana-c17e0,,,Comesana,,,,,,,kypson,,,Kypson,,,,,,,6-2 6-3 3-6 6-3,5,R128,,,,,,,,,,,,,,,,,,,
2026-australian-open,Australian Open,Hard,,G,,20260118,122,cerundolo,18,,Cerundolo,,,,,,,zhang-45ae9,,,Zhang,,,,,,,6-3 7-60 6-3,5,R128,,,,,,,,,,,,,,,,,,,
2026-australian-open,Australian Open,Hard,,G,,20260118,123,zverev-6f768,3,,Zverev,,,,,,,diallo-dd116,,,Diallo,,,,,,,61-7 6-1 6-4 6-2,5,R128,,,,,,,,,,,,,,,,,,,
2026-australian-open,Australian Open,Hard,,G,,20260118,124,moutet,32,,Moutet,,,,,,,schoolkate,,,Schoolkate,,,,,,,6-4 7-61 6-3,5,R128,,,,,,,,,,,,,,,,,,,
2026-australian-open,Australian Open,Hard,,G,,20260118,125,fery,,,Fery,,,,,,,cobolli-d6311,20,,Cobolli,,,,,,,7-61 6-4 6-1,5,R128,,,,,,,,,,,,,,,,,,,
2026-australian-open,Australian Open,Hard,,G,,20260118,126,etcheverry-7101a,,,Etcheverry,,,,,,,kecmanovic,,,Kecmanovic,,,,,,,6-2 3-6 4-6 6-3 6-4,5,R128,,,,,,,,,,,,,,,,,,,
2026-wimbledon,Wimbledon,Grass,,G,,20260712,1,sinner-8b8e8,1,,Sinner,,,,,,,zverev-6f768,2,,Zverev,,,,,,,67-7 7-62 6-3 6-4,5,F,,,,,,,,,,,,,,,,,,,
2026-wimbledon,Wimbledon,Grass,,G,,20260710,2,sinner-8b8e8,1,,Sinner,,,,,,,djokovic,7,,Djokovic,,,,,,,6-4 6-4 6-4,5,SF,,,,,,,,,,,,,,,,,,,
2026-wimbledon,Wimbledon,Grass,,G,,20260710,3,zverev-6f768,2,,Zverev,,,,,,,fery,,,Fery,,,,,,,7-60 6-2 6-4,5,SF,,,,,,,,,,,,,,,,,,,
2026-wimbledon,Wimbledon,Grass,,G,,20260708,4,zverev-6f768,2,,Zverev,,,,,,,fritz-f1aa7,6,,Fritz,,,,,,,6-4 6-4 6-2,5,QF,,,,,,,,,,,,,,,,,,,
2026-wimbledon,Wimbledon,Grass,,G,,20260708,5,fery,,,Fery,,,,,,,cobolli-d6311,9,,Cobolli,,,,,,,6-4 7-64 6-0,5,QF,,,,,,,,,,,,,,,,,,,
2026-wimbledon,Wimbledon,Grass,,G,,20260707,6,djokovic,7,,Djokovic,,,,,,,auger-aliassime,3,,Auger Aliassime,,,,,,,7-610 3-6 6-3 64-7 7-64,5,QF,,,,,,,,,,,,,,,,,,,
2026-wimbledon,Wimbledon,Grass,,G,,20260707,7,sinner-8b8e8,1,,Sinner,,,,,,,struff,,,Struff,,,,,,,7-5 7-64 6-3,5,QF,,,,,,,,,,,,,,,,,,,
2026-wimbledon,Wimbledon,Grass,,G,,20260707,8,zverev-6f768,2,,Zverev,,,,,,,lehecka,13,,Lehecka,,,,,,,6-4 7-5 3-6 7-66,5,R16,,,,,,,,,,,,,,,,,,,
2026-wimbledon,Wimbledon,Grass,,G,,20260706,9,fritz-f1aa7,6,,Fritz,,,,,,,bublik-43f80,10,,Bublik,,,,,,,7-61 6-4 6-4,5,R16,,,,,,,,,,,,,,,,,,,
2026-wimbledon,Wimbledon,Grass,,G,,20260706,10,fery,,,Fery,,,,,,,dimitrov-779bc,,,Dimitrov,,,,,,,7-5 3-6 4-6 6-4 7-67,5,R16,,,,,,,,,,,,,,,,,,,
2026-wimbledon,Wimbledon,Grass,,G,,20260706,11,cobolli-d6311,9,,Cobolli,,,,,,,de-minaur,5,,De Minaur,,,,,,,7-5 7-64 6-3,5,R16,,,,,,,,,,,,,,,,,,,
2026-wimbledon,Wimbledon,Grass,,G,,20260705,12,sinner-8b8e8,1,,Sinner,,,,,,,mochizuki-f2487,,,Mochizuki,,,,,,,6-3 7-60 6-3,5,R16,,,,,,,,,,,,,,,,,,,
2026-wimbledon,Wimbledon,Grass,,G,,20260705,13,struff,,,Struff,,,,,,,hurkacz,,,Hurkacz,,,,,,,3-6 65-7 7-62 7-5 4-2,5,R16,,,,,,,,,,,,,,,,,,,
2026-wimbledon,Wimbledon,Grass,,G,,20260705,14,auger-aliassime,3,,Auger Aliassime,,,,,,,davidovich-fokina,22,,Davidovich Fokina,,,,,,,64-7 7-66 6-3 62-7 6-1,5,R16,,,,,,,,,,,,,,,,,,,
2026-wimbledon,Wimbledon,Grass,,G,,20260705,15,djokovic,7,,Djokovic,,,,,,,safiullin,,,Safiullin,,,,,,,7-66 6-3 3-6 6-3,5,R16,,,,,,,,,,,,,,,,,,,
2026-wimbledon,Wimbledon,Grass,,G,,20260704,16,dimitrov-779bc,,,Dimitrov,,,,,,,berrettini-707ad,,,Berrettini,,,,,,,6-3 6-4 3-6 5-7 6-3,5,R32,,,,,,,,,,,,,,,,,,,
2026-wimbledon,Wimbledon,Grass,,G,,20260704,17,bublik-43f80,10,,Bublik,,,,,,,tiafoe,17,,Tiafoe,,,,,,,4-6 7-65 7-611 4-6 6-3,5,R32,,,,,,,,,,,,,,,,,,,
2026-wimbledon,Wimbledon,Grass,,G,,20260704,18,fritz-f1aa7,6,,Fritz,,,,,,,sonego,,,Sonego,,,,,,,4-6 6-3 6-4 7-65,5,R32,,,,,,,,,,,,,,,,,,,
2026-wimbledon,Wimbledon,Grass,,G,,20260704,19,zverev-6f768,2,,Zverev,,,,,,,giron-49e97,,,Giron,,,,,,,6-2 7-64 6-4,5,R32,,,,,,,,,,,,,,,,,,,
2026-wimbledon,Wimbledon,Grass,,G,,20260704,20,lehecka,13,,Lehecka,,,,,,,munar-d1298,,,Munar,,,,,,,6-4 6-4 4-6 6-4,5,R32,,,,,,,,,,,,,,,,,,,
2026-wimbledon,Wimbledon,Grass,,G,,20260704,21,fery,,,Fery,,,,,,,bergs,,,Bergs,,,,,,,2-6 7-5 2-6 7-63 7-65,5,R32,,,,,,,,,,,,,,,,,,,
2026-wimbledon,Wimbledon,Grass,,G,,20260704,22,cobolli-d6311,9,,Cobolli,,,,,,,khachanov,19,,Khachanov,,,,,,,0-6 7-64 65-7 6-2 6-2,5,R32,,,,,,,,,,,,,,,,,,,
2026-wimbledon,Wimbledon,Grass,,G,,20260704,23,de-minaur,5,,De Minaur,,,,,,,svajda,,,Svajda,,,,,,,6-2 5-7 6-2 6-4,5,R32,,,,,,,,,,,,,,,,,,,
2026-wimbledon,Wimbledon,Grass,,G,,20260703,24,auger-aliassime,3,,Auger Aliassime,,,,,,,zheng-c91db,,,Zheng,,,,,,,7-61 6-2 6-1,5,R32,,,,,,,,,,,,,,,,,,,
2026-wimbledon,Wimbledon,Grass,,G,,20260703,25,davidovich-fokina,22,,Davidovich Fokina,,,,,,,fucsovics,,,Fucsovics,,,,,,,7-63 6-2 6-3,5,R32,,,,,,,,,,,,,,,,,,,
2026-wimbledon,Wimbledon,Grass,,G,,20260703,26,hurkacz,,,Hurkacz,,,,,,,paul-324c3,21,,Paul,,,,,,,4-6 7-65 7-5 6-2,5,R32,,,,,,,,,,,,,,,,,,,
2026-wimbledon,Wimbledon,Grass,,G,,20260703,27,sinner-8b8e8,1,,Sinner,,,,,,,brooksby,,,Brooksby,,,,,,,6-4 6-3 6-4,5,R32,,,,,,,,,,,,,,,,,,,
2026-wimbledon,Wimbledon,Grass,,G,,20260703,28,struff,,,Struff,,,,,,,medvedev-e0d2d,8,,Medvedev,,,,,,,7-64 7-65 7-5,5,R32,,,,,,,,,,,,,,,,,,,
2026-wimbledon,Wimbledon,Grass,,G,,20260703,29,djokovic,7,,Djokovic,,,,,,,rinderknech,25,,Rinderknech,,,,,,,7-5 6-4 1-6 7-64,5,R32,,,,,,,,,,,,,,,,,,,
2026-wimbledon,Wimbledon,Grass,,G,,20260703,30,mochizuki-f2487,,,Mochizuki,,,,,,,jodar,23,,Jodar,,,,,,,1-6 7-65 6-4 6-4,5,R32,,,,,,,,,,,,,,,,,,,
2026-wimbledon,Wimbledon,Grass,,G,,20260703,31,safiullin,,,Safiullin,,,,,,,fonseca-57dc1,24,,Fonseca,,,,,,,6-3 6-3 6-3,5,R32,,,,,,,,,,,,,,,,,,,
2026-wimbledon,Wimbledon,Grass,,G,,20260702,32,bublik-43f80,10,,Bublik,,,,,,,jacquet-d2059,,,Jacquet,,,,,,,6-3 6-4 7-65,5,R64,,,,,,,,,,,,,,,,,,,
2026-wimbledon,Wimbledon,Grass,,G,,20260702,33,dimitrov-779bc,,,Dimitrov,,,,,,,mensik,15,,Mensik,,,,,,,7-65 4-6 7-5 6-3,5,R64,,,,,,,,,,,,,,,,,,,
2026-wimbledon,Wimbledon,Grass,,G,,20260702,34,tiafoe,17,,Tiafoe,,,,,,,choinski,,,Choinski,,,,,,,4-6 6-2 7-5 6-2,5,R64,,,,,,,,,,,,,,,,,,,
2026-wimbledon,Wimbledon,Grass,,G,,20260702,35,lehecka,13,,Lehecka,,,,,,,molcan,,,Molcan,,,,,,,6-3 6-2 6-4,5,R64,,,,,,,,,,,,,,,,,,,
2026-wimbledon,Wimbledon,Grass,,G,,20260702,36,khachanov,19,,Khachanov,,,,,,,hanfmann,,,Hanfmann,,,,,,,6-3 6-4 6-4,5,R64,,,,,,,,,,,,,,,,,,,
2026-wimbledon,Wimbledon,Grass,,G,,20260702,37,cobolli-d6311,9,,Cobolli,,,,,,,duckworth,,,Duckworth,,,,,,,7-64 3-6 7-63 6-1,5,R64,,,,,,,,,,,,,,,,,,,
2026-wimbledon,Wimbledon,Grass,,G,,20260702,38,berrettini-707ad,,,Berrettini,,,,,,,fils,20,,Fils,,,,,,,6-4 7-5 3-6 6-3,5,R64,,,,,,,,,,,,,,,,,,,
2026-wimbledon,Wimbledon,Grass,,G,,20260702,39,zverev-6f768,2,,Zverev,,,,,,,royer,,,Royer,,,,,,,6-1 6-3 7-63,5,R64,,,,,,,,,,,,,,,,,,,
2026-wimbledon,Wimbledon,Grass,,G,,20260702,40,munar-d1298,,,Munar,,,,,,,fearnley,,,Fearnley,,,,,,,6-4 7-63 6-4,5,R64,,,,,,,,,,,,,,,,,,,
2026-wimbledon,Wimbledon,Grass,,G,,20260702,41,giron-49e97,,,Giron,,,,,,,halys,,,Halys,,,,,,,7-65 6-3 6-4,5,R64,,,,,,,,,,,,,,,,,,,
2026-wimbledon,Wimbledon,Grass,,G,,20260702,42,struff,,,Struff,,,,,,,nakashima-68876,28,,Nakashima,,,,,,,4-6 7-66 7-65 66-7 7-67,5,R64,,,,,,,,,,,,,,,,,,,
2026-wimbledon,Wimbledon,Grass,,G,,20260702,43,jodar,23,,Jodar,,,,,,,carreno-busta,,,Carreno-Busta,,,,,,,3-6 6-3 1-6 6-3 6-4,5,R64,,,,,,,,,,,,,,,,,,,
2026-wimbledon,Wimbledon,Grass,,G,,20260702,44,svajda,,,Svajda,,,,,,,majchrzak-905d8,,,Majchrzak,,,,,,,2-6 6-2 65-7 6-4 6-3,5,R64,,,,,,,,,,,,,,,,,,,
2026-wimbledon,Wimbledon,Grass,,G,,20260702,45,bergs,,,Bergs,,,,,,,faria-4754c,,,Faria,,,,,,,7-66 4-6 6-2 6-3,5,R64,,,,,,,,,,,,,,,,,,,
2026-wimbledon,Wimbledon,Grass,,G,,20260702,46,de-minaur,5,,De Minaur,,,,,,,mannarino-a7108,,,Mannarino,,,,,,,6-3 6-2 6-2,5,R64,,,,,,,,,,,,,,,,,,,
2026-wimbledon,Wimbledon,Grass,,G,,20260702,47,fery,,,Fery,,,,,,,virtanen-7d161,,,Virtanen,,,,,,,5-7 7-63 6-3 6-3,5,R64,,,,,,,,,,,,,,,,,,,
2026-wimbledon,Wimbledon,Grass,,G,,20260702,48,fritz-f1aa7,6,,Fritz,,,,,,,kypson,,,Kypson,,,,,,,6-2 6-2 7-5,5,R64,,,,,,,,,,,,,,,,,,,
2026-wimbledon,Wimbledon,Grass,,G,,20260702,49,sonego,,,Sonego,,,,,,,diallo-dd116,,,Diallo,,,,,,,7-64 4-6 7-64 66-7 6-2,5,R64,,,,,,,,,,,,,,,,,,,
2026-wimbledon,Wimbledon,Grass,,G,,20260701,50,djokovic,7,,Djokovic,,,,,,,tsitsipas-b526f,,,Tsitsipas,,,,,,,6-3 6-4 6-2,5,R64,,,,,,,,,,,,,,,,,,,
2026-wimbledon,Wimbledon,Grass,,G,,20260701,51,auger-aliassime,3,,Auger Aliassime,,,,,,,prizmic,,,Prizmic,,,,,,,7-62 6-3 7-5,5,R64,,,,,,,,,,,,,,,,,,,
2026-wimbledon,Wimbledon,Grass,,G,,20260701,52,mochizuki-f2487,,,Mochizuki,,,,,,,quinn-d0193,,,Quinn,,,,,,,6-2 7-66 7-5,5,R64,,,,,,,,,,,,,,,,,,,
2026-wimbledon,Wimbledon,Grass,,G,,20260701,53,fonseca-57dc1,24,,Fonseca,,,,,,,de-jong-57322,,,De Jong,,,,,,,6-1 7-5 6-4,5,R64,,,,,,,,,,,,,,,,,,,
2026-wimbledon,Wimbledon,Grass,,G,,20260701,54,medvedev-e0d2d,8,,Medvedev,,,,,,,merida-aguilar,,,Merida Aguilar,,,,,,,3-6 6-3 7-5 6-2,5,R64,,,,,,,,,,,,,,,,,,,
2026-wimbledon,Wimbledon,Grass,,G,,20260701,55,rinderknech,25,,Rinderknech,,,,,,,damm-4f98a,,,Damm,,,,,,,6-4 7-61 6-3,5,R64,,,,,,,,,,,,,,,,,,,
2026-wimbledon,Wimbledon,Grass,,G,,20260701,56,safiullin,,,Safiullin,,,,,,,van-de-zandschulp,,,Van De Zandschulp,,,,,,,6-0 4-6 6-3 3-6 7-65,5,R64,,,,,,,,,,,,,,,,,,,
2026-wimbledon,Wimbledon,Grass,,G,,20260701,57,sinner-8b8e8,1,,Sinner,,,,,,,borges-8d823,,,Borges,,,,,,,7-64 7-62 6-4,5,R64,,,,,,,,,,,,,,,,,,,
2026-wimbledon,Wimbledon,Grass,,G,,20260701,58,davidovich-fokina,22,,Davidovich Fokina,,,,,,,marozsan,,,Marozsan,,,,,,,6-3 6-0 6-3,5,R64,,,,,,,,,,,,,,,,,,,
2026-wimbledon,Wimbledon,Grass,,G,,20260701,59,zheng-c91db,,,Zheng,,,,,,,mejia-a7d27,,,Mejia,,,,,,,64-7 7-68 6-1 6-4,5,R64,,,,,,,,,,,,,,,,,,,
2026-wimbledon,Wimbledon,Grass,,G,,20260701,60,brooksby,,,Brooksby,,,,,,,buse,31,,Buse,,,,,,,6-2 6-2 6-3,5,R64,,,,,,,,,,,,,,,,,,,
2026-wimbledon,Wimbledon,Grass,,G,,20260701,61,fucsovics,,,Fucsovics,,,,,,,tien,16,,Tien,,,,,,,66-7 6-4 7-64 6-3,5,R64,,,,,,,,,,,,,,,,,,,
2026-wimbledon,Wimbledon,Grass,,G,,20260701,62,hurkacz,,,Hurkacz,,,,,,,ofner-44428,,,Ofner,,,,,,,7-68 6-4 6-4,5,R64,,,,,,,,,,,,,,,,,,,
2026-wimbledon,Wimbledon,Grass,,G,,20260701,63,paul-324c3,21,,Paul,,,,,,,kwon-b3d34,,,Kwon,,,,,,,6-3 7-64 6-2,5,R64,,,,,,,,,,,,,,,,,,,
2026-wimbledon,Wimbledon,Grass,,G,,20260701,64,tiafoe,17,,Tiafoe,,,,,,,atmane,,,Atmane,,,,,,,7-66 6-1 4-6 6-4,5,R128,,,,,,,,,,,,,,,,,,,
2026-wimbledon,Wimbledon,Grass,,G,,20260701,65,cobolli-d6311,9,,Cobolli,,,,,,,navone,,,Navone,,,,,,,1-6 7-65 6-3 7-68,5,R128,,,,,,,,,,,,,,,,,,,
2026-wimbledon,Wimbledon,Grass,,G,,20260701,66,molcan,,,Molcan,,,,,,,altmaier,,,Altmaier,,,,,,,6-4 3-6 7-5 6-2,5,R128,,,,,,,,,,,,,,,,,,,
2026-wimbledon,Wimbledon,Grass,,G,,20260630,67,choinski,,,Choinski,,,,,,,kopriva,,,Kopriva,,,,,,,6-3 7-5 6-2,5,R128,,,,,,,,,,,,,,,,,,,
2026-wimbledon,Wimbledon,Grass,,G,,20260630,68,lehecka,13,,Lehecka,,,,,,,popyrin,,,Popyrin,,,,,,,6-4 6-2 6-4,5,R128,,,,,,,,,,,,,,,,,,,
2026-wimbledon,Wimbledon,Grass,,G,,20260630,69,dimitrov-779bc,,,Dimitrov,,,,,,,sweeny,,,Sweeny,,,,,,,7-64 6-3 7-5,5,R128,,,,,,,,,,,,,,,,,,,
2026-wimbledon,Wimbledon,Grass,,G,,20260630,70,berrettini-707ad,,,Berrettini,,,,,,,wawrinka-ffdb9,,,Wawrinka,,,,,,,67-7 7-616 7-67 7-65,5,R128,,,,,,,,,,,,,,,,,,,
2026-wimbledon,Wimbledon,Grass,,G,,20260630,71,duckworth,,,Duckworth,,,,,,,griekspoor-d58ed,,,Griekspoor,,,,,,,6-4 4-6 7-5 6-4,5,R128,,,,,,,,,,,,,,,,,,,
2026-wimbledon,Wimbledon,Grass,,G,,20260630,72,fils,20,,Fils,,,,,,,collignon,,,Collignon,,,,,,,7-5 6-1 6-3,5,R128,,,,,,,,,,,,,,,,,,,
2026-wimbledon,Wimbledon,Grass,,G,,20260630,73,zverev-6f768,2,,Zverev,,,,,,,blockx,,,Blockx,,,,,,,6-4 68-7 7-65 7-60,5,R128,,,,,,,,,,,,,,,,,,,
2026-wimbledon,Wimbledon,Grass,,G,,20260630,74,giron-49e97,,,Giron,,,,,,,moutet,,,Moutet,,,,,,,4-6 6-4 7-5 6-4,5,R128,,,,,,,,,,,,,,,,,,,
2026-wimbledon,Wimbledon,Grass,,G,,20260630,75,sonego,,,Sonego,,,,,,,etcheverry-7101a,29,,Etcheverry,,,,,,,6-4 6-4 62-7 7-64,5,R128,,,,,,,,,,,,,,,,,,,
2026-wimbledon,Wimbledon,Grass,,G,,20260630,76,kypson,,,Kypson,,,,,,,mcdonald-4d935,,,McDonald,,,,,,,3-6 6-1 6-4 6-4,5,R128,,,,,,,,,,,,,,,,,,,
2026-wimbledon,Wimbledon,Grass,,G,,20260630,77,khachanov,19,,Khachanov,,,,,,,harris-5a94c,,,Harris,,,,,,,6-3 5-7 6-3 6-3,5,R128,,,,,,,,,,,,,,,,,,,
2026-wimbledon,Wimbledon,Grass,,G,,20260630,78,mensik,15,,Mensik,,,,,,,samuel-371b3,,,Samuel,,,,,,,5-7 6-3 6-3 3-6 7-67,5,R128,,,,,,,,,,,,,,,,,,,
2026-wimbledon,Wimbledon,Grass,,G,,20260630,79,munar-d1298,,,Munar,,,,,,,cerundolo,18,,Cerundolo,,,,,,,6-1 6-4 6-3,5,R128,,,,,,,,,,,,,,,,,,,
2026-wimbledon,Wimbledon,Grass,,G,,20260630,80,jacquet-d2059,,,Jacquet,,,,,,,gaubas,,,Gaubas,,,,,,,6-3 6-4 7-62,5,R128,,,,,,,,,,,,,,,,,,,
2026-wimbledon,Wimbledon,Grass,,G,,20260630,81,nakashima-68876,28,,Nakashima,,,,,,,pinnington-jones,,,Pinnington Jones,,,,,,,6-3 7-65 7-5,5,R128,,,,,,,,,,,,,,,,,,,
2026-wimbledon,Wimbledon,Grass,,G,,20260630,82,bergs,,,Bergs,,,,,,,humbert-e2553,27,,Humbert,,,,,,,6-2 7-5 4-6 3-6 6-3,5,R128,,,,,,,,,,,,,,,,,,,
2026-wimbledon,Wimbledon,Grass,,G,,20260630,83,bublik-43f80,10,,Bublik,,,,,,,kokkinakis-7b2e6,,,Kokkinakis,,,,,,,4-6 6-3 610-7 6-3 6-4,5,R128,,,,,,,,,,,,,,,,,,,
2026-wimbledon,Wimbledon,Grass,,G,,20260630,84,diallo-dd116,,,Diallo,,,,,,,bonzi-a38fa,,,Bonzi,,,,,,,1-6 4-6 7-65 6-3 3-1,5,R128,,,,,,,,,,,,,,,,,,,
2026-wimbledon,Wimbledon,Grass,,G,,20260630,85,fritz-f1aa7,6,,Fritz,,,,,,,lajovic,,,Lajovic,,,,,,,6-3 6-4 6-3,5,R128,,,,,,,,,,,,,,,,,,,
2026-wimbledon,Wimbledon,Grass,,G,,20260630,86,svajda,,,Svajda,,,,,,,llamas-ruiz,,,Llamas Ruiz,,,,,,,6-1 6-2 6-4,5,R128,,,,,,,,,,,,,,,,,,,
2026-wimbledon,Wimbledon,Grass,,G,,20260630,87,fery,,,Fery,,,,,,,dzumhur,,,Dzumhur,,,,,,,3-6 6-2 6-2 6-1,5,R128,,,,,,,,,,,,,,,,,,,
2026-wimbledon,Wimbledon,Grass,,G,,20260630,88,halys,,,Halys,,,,,,,arnaldi,32,,Arnaldi,,,,,,,3-6 6-1 7-65 6-3,5,R128,,,,,,,,,,,,,,,,,,,
2026-wimbledon,Wimbledon,Grass,,G,,20260630,89,de-jong-57322,,,De Jong,,,,,,,hijikata,,,Hijikata,,,,,,,7-64 3-6 5-7 6-4 6-3,5,R128,,,,,,,,,,,,,,,,,,,
2026-wimbledon,Wimbledon,Grass,,G,,20260630,90,de-minaur,5,,De Minaur,,,,,,,burruchaga,,,Burruchaga,,,,,,,7-65 6-1 6-0,5,R128,,,,,,,,,,,,,,,,,,,
2026-wimbledon,Wimbledon,Grass,,G,,20260630,91,virtanen-7d161,,,Virtanen,,,,,,,shelton-38989,4,,Shelton,,,,,,,6-4 3-6 68-7 6-2 7-69,5,R128,,,,,,,,,,,,,,,,,,,
2026-wimbledon,Wimbledon,Grass,,G,,20260630,92,fearnley,,,Fearnley,,,,,,,michelsen-a98bb,,,Michelsen,,,,,,,3-6 4-6 6-2 6-3 6-2,5,R128,,,,,,,,,,,,,,,,,,,
2026-wimbledon,Wimbledon,Grass,,G,,20260630,93,majchrzak-905d8,,,Majchrzak,,,,,,,tabilo,30,,Tabilo,,,,,,,6-3 7-5 7-5,5,R128,,,,,,,,,,,,,,,,,,,
2026-wimbledon,Wimbledon,Grass,,G,,20260630,94,mannarino-a7108,,,Mannarino,,,,,,,droguet,,,Droguet,,,,,,,6-2 6-4 6-1,5,R128,,,,,,,,,,,,,,,,,,,
2026-wimbledon,Wimbledon,Grass,,G,,20260630,95,hanfmann,,,Hanfmann,,,,,,,mpetshi-perricard,,,Mpetshi Perricard,,,,,,,66-7 7-69 6-2 6-3,5,R128,,,,,,,,,,,,,,,,,,,
2026-wimbledon,Wimbledon,Grass,,G,,20260630,96,faria-4754c,,,Faria,,,,,,,shimabukuro,,,Shimabukuro,,,,,,,7-66 6-3 62-7 6-3,5,R128,,,,,,,,,,,,,,,,,,,
2026-wimbledon,Wimbledon,Grass,,G,,20260630,97,royer,,,Royer,,,,,,,wendelken,,,Wendelken,,,,,,,4-6 6-3 6-3 6-3,5,R128,,,,,,,,,,,,,,,,,,,
2026-wimbledon,Wimbledon,Grass,,G,,20260629,98,djokovic,7,,Djokovic,,,,,,,wu-9762d,,,Wu,,,,,,,6-4 5-7 6-4 6-4,5,R128,,,,,,,,,,,,,,,,,,,
2026-wimbledon,Wimbledon,Grass,,G,,20260629,99,auger-aliassime,3,,Auger Aliassime,,,,,,,shevchenko-3bd40,,,Shevchenko,,,,,,,6-3 6-1 6-4,5,R128,,,,,,,,,,,,,,,,,,,
2026-wimbledon,Wimbledon,Grass,,G,,20260629,100,davidovich-fokina,22,,Davidovich Fokina,,,,,,,cerundolo-08df6,,,Cerundolo,,,,,,,6-4 6-4 7-62,5,R128,,,,,,,,,,,,,,,,,,,
2026-wimbledon,Wimbledon,Grass,,G,,20260629,101,mejia-a7d27,,,Mejia,,,,,,,vallejo-d7859,,,Vallejo,,,,,,,4-6 6-4 7-5 7-62,5,R128,,,,,,,,,,,,,,,,,,,
2026-wimbledon,Wimbledon,Grass,,G,,20260629,102,medvedev-e0d2d,8,,Medvedev,,,,,,,cilic,,,Cilic,,,,,,,6-1 6-2 6-4,5,R128,,,,,,,,,,,,,,,,,,,
2026-wimbledon,Wimbledon,Grass,,G,,20260629,103,marozsan,,,Marozsan,,,,,,,tirante,,,Tirante,,,,,,,7-5 6-3 6-4,5,R128,,,,,,,,,,,,,,,,,,,
2026-wimbledon,Wimbledon,Grass,,G,,20260629,104,tsitsipas-b526f,,,Tsitsipas,,,,,,,gaston-e1fa4,,,Gaston,,,,,,,6-1 6-4 6-2,5,R128,,,,,,,,,,,,,,,,,,,
2026-wimbledon,Wimbledon,Grass,,G,,20260629,105,kwon-b3d34,,,Kwon,,,,,,,landaluce-84126,,,Landaluce,,,,,,,6-4 6-3 6-3,5,R128,,,,,,,,,,,,,,,,,,,
2026-wimbledon,Wimbledon,Grass,,G,,20260629,106,struff,,,Struff,,,,,,,baez-a8fb1,,,Baez,,,,,,,6-1 7-64 4-6 2-6 7-5,5,R128,,,,,,,,,,,,,,,,,,,
2026-wimbledon,Wimbledon,Grass,,G,,20260629,107,quinn-d0193,,,Quinn,,,,,,,darderi,14,,Darderi,,,,,,,7-67 7-5 6-2,5,R128,,,,,,,,,,,,,,,,,,,
2026-wimbledon,Wimbledon,Grass,,G,,20260629,108,prizmic,,,Prizmic,,,,,,,walton,,,Walton,,,,,,,4-6 7-63 6-4 6-2,5,R128,,,,,,,,,,,,,,,,,,,
2026-wimbledon,Wimbledon,Grass,,G,,20260629,109,borges-8d823,,,Borges,,,,,,,boyer-64ede,,,Boyer,,,,,,,6-3 7-5 7-5,5,R128,,,,,,,,,,,,,,,,,,,
2026-wimbledon,Wimbledon,Grass,,G,,20260629,110,rinderknech,25,,Rinderknech,,,,,,,tarvet,,,Tarvet,,,,,,,7-64 7-64 4-6 7-5,5,R128,,,,,,,,,,,,,,,,,,,
2026-wimbledon,Wimbledon,Grass,,G,,20260629,111,fonseca-57dc1,24,,Fonseca,,,,,,,bautista-agut,,,Bautista-Agut,,,,,,,7-64 6-4 6-3,5,R128,,,,,,,,,,,,,,,,,,,
2026-wimbledon,Wimbledon,Grass,,G,,20260629,112,sinner-8b8e8,1,,Sinner,,,,,,,kecmanovic,,,Kecmanovic,,,,,,,4-6 6-3 66-7 6-2 6-3,5,R128,,,,,,,,,,,,,,,,,,,
2026-wimbledon,Wimbledon,Grass,,G,,20260629,113,hurkacz,,,Hurkacz,,,,,,,ruud-dfb38,11,,Ruud,,,,,,,6-4 6-2 7-67,5,R128,,,,,,,,,,,,,,,,,,,
2026-wimbledon,Wimbledon,Grass,,G,,20260629,114,ofner-44428,,,Ofner,,,,,,,medjedovic,,,Medjedovic,,,,,,,1-6 6-2 4-6 6-3 6-4,5,R128,,,,,,,,,,,,,,,,,,,
2026-wimbledon,Wimbledon,Grass,,G,,20260629,115,merida-aguilar,,,Merida Aguilar,,,,,,,ugo-carabelli,,,Ugo Carabelli,,,,,,,4-6 3-6 6-2 3-0,5,R128,,,,,,,,,,,,,,,,,,,
2026-wimbledon,Wimbledon,Grass,,G,,20260629,116,zheng-c91db,,,Zheng,,,,,,,norrie,26,,Norrie,,,,,,,67-7 6-2 62-7 6-3 7-64,5,R128,,,,,,,,,,,,,,,,,,,
2026-wimbledon,Wimbledon,Grass,,G,,20260629,117,paul-324c3,21,,Paul,,,,,,,muller-c81bc,,,Muller,,,,,,,6-1 6-2 6-1,5,R128,,,,,,,,,,,,,,,,,,,
2026-wimbledon,Wimbledon,Grass,,G,,20260629,118,mochizuki-f2487,,,Mochizuki,,,,,,,basing,,,Basing,,,,,,,6-3 6-0 6-0,5,R128,,,,,,,,,,,,,,,,,,,
2026-wimbledon,Wimbledon,Grass,,G,,20260629,119,safiullin,,,Safiullin,,,,,,,rublev,12,,Rublev,,,,,,,6-4 66-7 3-6 6-3 7-612,5,R128,,,,,,,,,,,,,,,,,,,
2026-wimbledon,Wimbledon,Grass,,G,,20260629,120,buse,31,,Buse,,,,,,,nava-337db,,,Nava,,,,,,,7-63 3-6 7-5 6-0,5,R128,,,,,,,,,,,,,,,,,,,
2026-wimbledon,Wimbledon,Grass,,G,,20260629,121,fucsovics,,,Fucsovics,,,,,,,van-assche,,,Van Assche,,,,,,,6-3 4-0,5,R128,,,,,,,,,,,,,,,,,,,
2026-wimbledon,Wimbledon,Grass,,G,,20260629,122,tien,16,,Tien,,,,,,,svrcina,,,Svrcina,,,,,,,6-1 6-4 64-7 6-3,5,R128,,,,,,,,,,,,,,,,,,,
2026-wimbledon,Wimbledon,Grass,,G,,20260629,123,van-de-zandschulp,,,Van De Zandschulp,,,,,,,kovacevic-a2706,,,Kovacevic,,,,,,,6-3 62-7 6-4 6-0,5,R128,,,,,,,,,,,,,,,,,,,
2026-wimbledon,Wimbledon,Grass,,G,,20260629,124,damm-4f98a,,,Damm,,,,,,,trungelliti,,,Trungelliti,,,,,,,7-65 65-7 7-62 7-65,5,R128,,,,,,,,,,,,,,,,,,,
2026-wimbledon,Wimbledon,Grass,,G,,20260629,125,brooksby,,,Brooksby,,,,,,,vukic,,,Vukic,,,,,,,7-67 6-1 6-1,5,R128,,,,,,,,,,,,,,,,,,,
2026-wimbledon,Wimbledon,Grass,,G,,20260629,126,jodar,23,,Jodar,,,,,,,gill-59a09,,,Gill,,,,,,,6-3 6-3 7-5,5,R128,,,,,,,,,,,,,,,,,,,
2026-wimbledon,Wimbledon,Grass,,G,,20260629,127,carreno-busta,,,Carreno-Busta,,,,,,,shapovalov,,,Shapovalov,,,,,,,6-3 7-67,5,R128,,,,,,,,,,,,,,,,,,,
2026-us-open,US Open,Hard,,G,,20260913,1,zverev-6f768,1,,Zverev,,,,,,,shelton-38989,8,,Shelton,,,,,,,6-3 7-62 5-7 6-2,5,F,,,,,,,,,,,,,,,,,,,
2026-us-open,US Open,Hard,,G,,20260912,2,shelton-38989,8,,Shelton,,,,,,,tiafoe,11,,Tiafoe,,,,,,,4-6 6-3 6-3 7-5,5,SF,,,,,,,,,,,,,,,,,,,
2026-us-open,US Open,Hard,,G,,20260911,3,zverev-6f768,1,,Zverev,,,,,,,khachanov,,,Khachanov,,,,,,,6-3 7-67 7-66,5,SF,,,,,,,,,,,,,,,,,,,
2026-us-open,US Open,Hard,,G,,20260910,4,zverev-6f768,1,,Zverev,,,,,,,van-de-zandschulp,,,Van De Zandschulp,,,,,,,6-2 7-5 6-1,5,QF,,,,,,,,,,,,,,,,,,,
2026-us-open,US Open,Hard,,G,,20260909,5,khachanov,,,Khachanov,,,,,,,blockx,28,,Blockx,,,,,,,6-2 7-5 3-2,5,QF,,,,,,,,,,,,,,,,,,,
2026-us-open,US Open,Hard,,G,,20260909,6,shelton-38989,8,,Shelton,,,,,,,alcaraz-5ab70,2,,Alcaraz,,,,,,,65-7 6-1 6-3 1-6 7-67,5,QF,,,,,,,,,,,,,,,,,,,
2026-us-open,US Open,Hard,,G,,20260908,7,tiafoe,11,,Tiafoe,,,,,,,michelsen-a98bb,,,Michelsen,,,,,,,5-7 3-6 7-5 6-3 7-66,5,QF,,,,,,,,,,,,,,,,,,,
2026-us-open,US Open,Hard,,G,,20260908,8,zverev-6f768,1,,Zverev,,,,,,,darderi,21,,Darderi,,,,,,,6-2 6-2 7-63,5,R16,,,,,,,,,,,,,,,,,,,
2026-us-open,US Open,Hard,,G,,20260907,9,khachanov,,,Khachanov,,,,,,,tien,14,,Tien,,,,,,,7-5 4-6 66-7 6-1 6-4,5,R16,,,,,,,,,,,,,,,,,,,
2026-us-open,US Open,Hard,,G,,20260907,10,van-de-zandschulp,,,Van De Zandschulp,,,,,,,gea,,,Gea,,,,,,,3-6 60-7 7-67 7-63 6-4,5,R16,,,,,,,,,,,,,,,,,,,
2026-us-open,US Open,Hard,,G,,20260907,11,blockx,28,,Blockx,,,,,,,cerundolo,24,,Cerundolo,,,,,,,6-3 4-6 7-5 7-5,5,R16,,,,,,,,,,,,,,,,,,,
2026-us-open,US Open,Hard,,G,,20260907,12,shelton-38989,8,,Shelton,,,,,,,tsitsipas-b526f,,,Tsitsipas,,,,,,,6-2 6-3 6-4,5,R16,,,,,,,,,,,,,,,,,,,
2026-us-open,US Open,Hard,,G,,20260906,13,tiafoe,11,,Tiafoe,,,,,,,medvedev-e0d2d,7,,Medvedev,,,,,,,7-61 6-4 7-66,5,R16,,,,,,,,,,,,,,,,,,,
2026-us-open,US Open,Hard,,G,,20260906,14,michelsen-a98bb,,,Michelsen,,,,,,,etcheverry-7101a,27,,Etcheverry,,,,,,,7-66 6-4 6-4,5,R16,,,,,,,,,,,,,,,,,,,
2026-us-open,US Open,Hard,,G,,20260906,15,alcaraz-5ab70,2,,Alcaraz,,,,,,,paul-324c3,20,,Paul,,,,,,,6-4 6-3 6-4,5,R16,,,,,,,,,,,,,,,,,,,
2026-us-open,US Open,Hard,,G,,20260906,16,zverev-6f768,1,,Zverev,,,,,,,tabilo,25,,Tabilo,,,,,,,6-2 7-62 6-2,5,R32,,,,,,,,,,,,,,,,,,,
2026-us-open,US Open,Hard,,G,,20260906,17,tien,14,,Tien,,,,,,,mensik,17,,Mensik,,,,,,,6-3 1-6 62-7 6-3 6-4,5,R32,,,,,,,,,,,,,,,,,,,
2026-us-open,US Open,Hard,,G,,20260905,18,van-de-zandschulp,,,Van De Zandschulp,,,,,,,bergs,31,,Bergs,,,,,,,3-6 7-63 4-6 7-66 6-3,5,R32,,,,,,,,,,,,,,,,,,,
2026-us-open,US Open,Hard,,G,,20260905,19,gea,,,Gea,,,,,,,zheng-c91db,,,Zheng,,,,,,,7-67 3-6 4-6 6-3 6-2,5,R32,,,,,,,,,,,,,,,,,,,
2026-us-open,US Open,Hard,,G,,20260905,20,darderi,21,,Darderi,,,,,,,sweeny,,,Sweeny,,,,,,,6-4 6-3 6-3,5,R32,,,,,,,,,,,,,,,,,,,
2026-us-open,US Open,Hard,,G,,20260905,21,khachanov,,,Khachanov,,,,,,,bonzi-a38fa,,,Bonzi,,,,,,,6-3 6-2 6-4,5,R32,,,,,,,,,,,,,,,,,,,
2026-us-open,US Open,Hard,,G,,20260905,22,blockx,28,,Blockx,,,,,,,cobolli-d6311,5,,Cobolli,,,,,,,64-7 6-3 6-0 6-3,5,R32,,,,,,,,,,,,,,,,,,,
2026-us-open,US Open,Hard,,G,,20260905,23,cerundolo,24,,Cerundolo,,,,,,,fritz-f1aa7,9,,Fritz,,,,,,,3-6 4-6 6-3 6-4 6-4,5,R32,,,,,,,,,,,,,,,,,,,
2026-us-open,US Open,Hard,,G,,20260905,24,shelton-38989,8,,Shelton,,,,,,,shapovalov,,,Shapovalov,,,,,,,7-63 65-7 6-3 6-4,5,R32,,,,,,,,,,,,,,,,,,,
2026-us-open,US Open,Hard,,G,,20260905,25,tiafoe,11,,Tiafoe,,,,,,,vacherot,22,,Vacherot,,,,,,,6-4 6-2 6-4,5,R32,,,,,,,,,,,,,,,,,,,
2026-us-open,US Open,Hard,,G,,20260905,26,michelsen-a98bb,,,Michelsen,,,,,,,merida-aguilar,,,Merida Aguilar,,,,,,,7-65 6-4 6-3,5,R32,,,,,,,,,,,,,,,,,,,
2026-us-open,US Open,Hard,,G,,20260904,27,etcheverry-7101a,27,,Etcheverry,,,,,,,navone,,,Navone,,,,,,,6-4 6-4 6-3,5,R32,,,,,,,,,,,,,,,,,,,
2026-us-open,US Open,Hard,,G,,20260904,28,tsitsipas-b526f,,,Tsitsipas,,,,,,,lehecka,18,,Lehecka,,,,,,,2-6 6-1 7-63 6-1,5,R32,,,,,,,,,,,,,,,,,,,
2026-us-open,US Open,Hard,,G,,20260904,29,alcaraz-5ab70,2,,Alcaraz,,,,,,,wu-9762d,,,Wu,,,,,,,6-3 6-4 6-1,5,R32,,,,,,,,,,,,,,,,,,,
2026-us-open,US Open,Hard,,G,,20260904,30,paul-324c3,20,,Paul,,,,,,,bublik-43f80,15,,Bublik,,,,,,,6-4 3-6 64-7 6-1 6-3,5,R32,,,,,,,,,,,,,,,,,,,
2026-us-open,US Open,Hard,,G,,20260904,31,medvedev-e0d2d,7,,Medvedev,,,,,,,rinderknech,26,,Rinderknech,,,,,,,6-4 6-4 6-4,5,R32,,,,,,,,,,,,,,,,,,,
2026-us-open,US Open,Hard,,G,,20260904,32,zverev-6f768,1,,Zverev,,,,,,,halys,,,Halys,,,,,,,6-4 4-6 7-63 63-7 6-3,5,R64,,,,,,,,,,,,,,,,,,,
2026-us-open,US Open,Hard,,G,,20260904,33,zheng-c91db,,,Zheng,,,,,,,yunchaokete,,,Yunchaokete,,,,,,,6-3 2-6 6-2 6-3,5,R64,,,,,,,,,,,,,,,,,,,
2026-us-open,US Open,Hard,,G,,20260904,34,tien,14,,Tien,,,,,,,monfils,,,Monfils,,,,,,,6-3 6-4 6-3,5,R64,,,,,,,,,,,,,,,,,,,
2026-us-open,US Open,Hard,,G,,20260904,35,gea,,,Gea,,,,,,,svajda,,,Svajda,,,,,,,5-7 6-3 6-2 6-2,5,R64,,,,,,,,,,,,,,,,,,,
2026-us-open,US Open,Hard,,G,,20260904,36,bergs,31,,Bergs,,,,,,,de-jong-57322,,,De Jong,,,,,,,7-5 1-6 6-2 7-62,5,R64,,,,,,,,,,,,,,,,,,,
2026-us-open,US Open,Hard,,G,,20260904,37,van-de-zandschulp,,,Van De Zandschulp,,,,,,,de-minaur,6,,De Minaur,,,,,,,6-4 7-5 6-2,5,R64,,,,,,,,,,,,,,,,,,,
2026-us-open,US Open,Hard,,G,,20260903,38,bonzi-a38fa,,,Bonzi,,,,,,,buse,32,,Buse,,,,,,,6-2 7-64 6-0,5,R64,,,,,,,,,,,,,,,,,,,
2026-us-open,US Open,Hard,,G,,20260903,39,blockx,28,,Blockx,,,,,,,trungelliti,,,Trungelliti,,,,,,,6-3 6-2 3-6 6-1,5,R64,,,,,,,,,,,,,,,,,,,
2026-us-open,US Open,Hard,,G,,20260903,40,cobolli-d6311,5,,Cobolli,,,,,,,schoolkate,,,Schoolkate,,,,,,,3-6 6-3 6-4 7-5,5,R64,,,,,,,,,,,,,,,,,,,
2026-us-open,US Open,Hard,,G,,20260903,41,tabilo,25,,Tabilo,,,,,,,popyrin,,,Popyrin,,,,,,,2-6 7-64 7-63 6-2,5,R64,,,,,,,,,,,,,,,,,,,
2026-us-open,US Open,Hard,,G,,20260903,42,mensik,17,,Mensik,,,,,,,rodionov-f5e38,,,Rodionov,,,,,,,6-3 3-6 6-2 6-3,5,R64,,,,,,,,,,,,,,,,,,,
2026-us-open,US Open,Hard,,G,,20260903,43,sweeny,,,Sweeny,,,,,,,musetti,13,,Musetti,,,,,,,3-6 6-1 6-2 6-2,5,R64,,,,,,,,,,,,,,,,,,,
2026-us-open,US Open,Hard,,G,,20260903,44,fritz-f1aa7,9,,Fritz,,,,,,,bellucci-47e7e,,,Bellucci,,,,,,,6-0 6-1 6-1,5,R64,,,,,,,,,,,,,,,,,,,
2026-us-open,US Open,Hard,,G,,20260903,45,darderi,21,,Darderi,,,,,,,svrcina,,,Svrcina,,,,,,,6-3 65-7 6-4 6-4,5,R64,,,,,,,,,,,,,,,,,,,
2026-us-open,US Open,Hard,,G,,20260903,46,khachanov,,,Khachanov,,,,,,,auger-aliassime,3,,Auger Aliassime,,,,,,,65-7 6-3 6-2 6-2,5,R64,,,,,,,,,,,,,,,,,,,
2026-us-open,US Open,Hard,,G,,20260903,47,cerundolo,24,,Cerundolo,,,,,,,struff,,,Struff,,,,,,,5-7 7-5 4-6 6-2 6-3,5,R64,,,,,,,,,,,,,,,,,,,
2026-us-open,US Open,Hard,,G,,20260903,48,alcaraz-5ab70,2,,Alcaraz,,,,,,,faria-4754c,,,Faria,,,,,,,4-6 6-0 6-3 6-2,5,R64,,,,,,,,,,,,,,,,,,,
2026-us-open,US Open,Hard,,G,,20260903,49,paul-324c3,20,,Paul,,,,,,,prizmic,,,Prizmic,,,,,,,6-2 6-3 5-7 6-4,5,R64,,,,,,,,,,,,,,,,,,,
2026-us-open,US Open,Hard,,G,,20260903,50,bublik-43f80,15,,Bublik,,,,,,,mannarino-a7108,,,Mannarino,,,,,,,6-3 6-1 6-1,5,R64,,,,,,,,,,,,,,,,,,,
2026-us-open,US Open,Hard,,G,,20260903,51,vacherot,22,,Vacherot,,,,,,,majchrzak-905d8,,,Majchrzak,,,,,,,6-4 4-6 7-63 6-2,5,R64,,,,,,,,,,,,,,,,,,,
2026-us-open,US Open,Hard,,G,,20260903,52,tiafoe,11,,Tiafoe,,,,,,,sakamoto-9c9d5,,,Sakamoto,,,,,,,6-3 7-62 7-5,5,R64,,,,,,,,,,,,,,,,,,,
2026-us-open,US Open,Hard,,G,,20260903,53,navone,,,Navone,,,,,,,berrettini-707ad,,,Berrettini,,,,,,,3-6 6-3 6-4 7-64,5,R64,,,,,,,,,,,,,,,,,,,
2026-us-open,US Open,Hard,,G,,20260903,54,wu-9762d,,,Wu,,,,,,,duckworth,,,Duckworth,,,,,,,7-5 6-3 6-1,5,R64,,,,,,,,,,,,,,,,,,,
2026-us-open,US Open,Hard,,G,,20260903,55,lehecka,18,,Lehecka,,,,,,,samuel-371b3,,,Samuel,,,,,,,6-4 6-2 6-4,5,R64,,,,,,,,,,,,,,,,,,,
2026-us-open,US Open,Hard,,G,,20260902,56,tsitsipas-b526f,,,Tsitsipas,,,,,,,harris-9f62b,,,Harris,,,,,,,61-7 6-3 7-64 6-4,5,R64,,,,,,,,,,,,,,,,,,,
2026-us-open,US Open,Hard,,G,,20260902,57,shapovalov,,,Shapovalov,,,,,,,van-assche,,,Van Assche,,,,,,,6-0 6-4 7-67,5,R64,,,,,,,,,,,,,,,,,,,
2026-us-open,US Open,Hard,,G,,20260902,58,etcheverry-7101a,27,,Etcheverry,,,,,,,fearnley,,,Fearnley,,,,,,,6-3 6-3 3-6 6-3,5,R64,,,,,,,,,,,,,,,,,,,
2026-us-open,US Open,Hard,,G,,20260902,59,shelton-38989,8,,Shelton,,,,,,,hurkacz,,,Hurkacz,,,,,,,6-3 5-7 7-63 7-5,5,R64,,,,,,,,,,,,,,,,,,,
2026-us-open,US Open,Hard,,G,,20260902,60,rinderknech,26,,Rinderknech,,,,,,,munar-d1298,,,Munar,,,,,,,7-64 6-2 7-5,5,R64,,,,,,,,,,,,,,,,,,,
2026-us-open,US Open,Hard,,G,,20260902,61,merida-aguilar,,,Merida Aguilar,,,,,,,rublev,23,,Rublev,,,,,,,63-7 6-2 6-4 6-4,5,R64,,,,,,,,,,,,,,,,,,,
2026-us-open,US Open,Hard,,G,,20260902,62,medvedev-e0d2d,7,,Medvedev,,,,,,,gorzny,,,Gorzny,,,,,,,6-1 6-3 7-5,5,R64,,,,,,,,,,,,,,,,,,,
2026-us-open,US Open,Hard,,G,,20260902,63,michelsen-a98bb,,,Michelsen,,,,,,,nakashima-68876,16,,Nakashima,,,,,,,6-3 6-4 6-4,5,R64,,,,,,,,,,,,,,,,,,,
2026-us-open,US Open,Hard,,G,,20260903,64,bergs,31,,Bergs,,,,,,,taberner,,,Taberner,,,,,,,6-3 3-6 6-2 6-2,5,R128,,,,,,,,,,,,,,,,,,,
2026-us-open,US Open,Hard,,G,,20260902,65,de-jong-57322,,,De Jong,,,,,,,passaro-5f6f1,,,Passaro,,,,,,,2-6 6-2 4-6 6-3 6-2,5,R128,,,,,,,,,,,,,,,,,,,
2026-us-open,US Open,Hard,,G,,20260902,66,zheng-c91db,,,Zheng,,,,,,,marozsan,,,Marozsan,,,,,,,6-4 6-4 6-2,5,R128,,,,,,,,,,,,,,,,,,,
2026-us-open,US Open,Hard,,G,,20260902,67,de-minaur,6,,De Minaur,,,,,,,guerrieri,,,Guerrieri,,,,,,,6-2 6-2 6-4,5,R128,,,,,,,,,,,,,,,,,,,
2026-us-open,US Open,Hard,,G,,20260902,68,yunchaokete,,,Yunchaokete,,,,,,,jodar,12,,Jodar,,,,,,,6-2 6-1 6-1,5,R128,,,,,,,,,,,,,,,,,,,
2026-us-open,US Open,Hard,,G,,20260902,69,buse,32,,Buse,,,,,,,giron-49e97,,,Giron,,,,,,,3-6 6-3 6-3 66-7 6-1,5,R128,,,,,,,,,,,,,,,,,,,
2026-us-open,US Open,Hard,,G,,20260902,70,svajda,,,Svajda,,,,,,,altmaier,,,Altmaier,,,,,,,6-3 6-1 65-7 6-2,5,R128,,,,,,,,,,,,,,,,,,,
2026-us-open,US Open,Hard,,G,,20260902,71,van-de-zandschulp,,,Van De Zandschulp,,,,,,,choinski,,,Choinski,,,,,,,6-3 6-1 7-65,5,R128,,,,,,,,,,,,,,,,,,,
2026-us-open,US Open,Hard,,G,,20260902,72,bonzi-a38fa,,,Bonzi,,,,,,,molcan,,,Molcan,,,,,,,6-4 3-6 6-3 6-2,5,R128,,,,,,,,,,,,,,,,,,,
2026-us-open,US Open,Hard,,G,,20260902,73,zverev-6f768,1,,Zverev,,,,,,,sonego,,,Sonego,,,,,,,6-4 3-6 67-7 7-5 6-4,5,R128,,,,,,,,,,,,,,,,,,,
2026-us-open,US Open,Hard,,G,,20260902,74,monfils,,,Monfils,,,,,,,vallejo-d7859,,,Vallejo,,,,,,,2-6 6-1 6-2 6-0,5,R128,,,,,,,,,,,,,,,,,,,
2026-us-open,US Open,Hard,,G,,20260901,75,musetti,13,,Musetti,,,,,,,fery,,,Fery,,,,,,,6-3 6-3 7-5,5,R128,,,,,,,,,,,,,,,,,,,
2026-us-open,US Open,Hard,,G,,20260901,76,gea,,,Gea,,,,,,,cerundolo-08df6,,,Cerundolo,,,,,,,6-3 2-6 3-6 6-3 6-1,5,R128,,,,,,,,,,,,,,,,,,,
2026-us-open,US Open,Hard,,G,,20260901,77,struff,,,Struff,,,,,,,ugo-carabelli,,,Ugo Carabelli,,,,,,,6-4 6-3 6-3,5,R128,,,,,,,,,,,,,,,,,,,
2026-us-open,US Open,Hard,,G,,20260901,78,bellucci-47e7e,,,Bellucci,,,,,,,piros,,,Piros,,,,,,,6-4 6-2 6-0,5,R128,,,,,,,,,,,,,,,,,,,
2026-us-open,US Open,Hard,,G,,20260901,79,sweeny,,,Sweeny,,,,,,,moutet,,,Moutet,,,,,,,7-64 6-4 3-0,5,R128,,,,,,,,,,,,,,,,,,,
2026-us-open,US Open,Hard,,G,,20260901,80,cerundolo,24,,Cerundolo,,,,,,,misolic,,,Misolic,,,,,,,6-4 6-3 7-5,5,R128,,,,,,,,,,,,,,,,,,,
2026-us-open,US Open,Hard,,G,,20260901,81,schoolkate,,,Schoolkate,,,,,,,basavareddy,,,Basavareddy,,,,,,,7-64 3-6 6-3 6-4,5,R128,,,,,,,,,,,,,,,,,,,
2026-us-open,US Open,Hard,,G,,20260901,82,fritz-f1aa7,9,,Fritz,,,,,,,blanch-748a3,,,Blanch,,,,,,,6-3 6-2 6-4,5,R128,,,,,,,,,,,,,,,,,,,
2026-us-open,US Open,Hard,,G,,20260901,83,cobolli-d6311,5,,Cobolli,,,,,,,comesana-c17e0,,,Comesana,,,,,,,3-6 2-6 6-3 6-4 6-4,5,R128,,,,,,,,,,,,,,,,,,,
2026-us-open,US Open,Hard,,G,,20260901,84,tiafoe,11,,Tiafoe,,,,,,,damm-4f98a,,,Damm,,,,,,,6-4 4-6 3-6 6-3 6-4,5,R128,,,,,,,,,,,,,,,,,,,
2026-us-open,US Open,Hard,,G,,20260901,85,mensik,17,,Mensik,,,,,,,mochizuki-f2487,,,Mochizuki,,,,,,,6-1 6-4 7-5,5,R128,,,,,,,,,,,,,,,,,,,
2026-us-open,US Open,Hard,,G,,20260901,86,shelton-38989,8,,Shelton,,,,,,,griekspoor-d58ed,,,Griekspoor,,,,,,,1-6 6-1 7-63 6-2,5,R128,,,,,,,,,,,,,,,,,,,
2026-us-open,US Open,Hard,,G,,20260901,87,popyrin,,,Popyrin,,,,,,,dimitrov-779bc,,,Dimitrov,,,,,,,3-6 6-3 6-2 6-4,5,R128,,,,,,,,,,,,,,,,,,,
2026-us-open,US Open,Hard,,G,,20260901,88,auger-aliassime,3,,Auger Aliassime,,,,,,,hijikata,,,Hijikata,,,,,,,7-5 4-6 6-3 7-5,5,R128,,,,,,,,,,,,,,,,,,,
2026-us-open,US Open,Hard,,G,,20260901,89,tien,14,,Tien,,,,,,,borges-8d823,,,Borges,,,,,,,6-4 6-1 6-2,5,R128,,,,,,,,,,,,,,,,,,,
2026-us-open,US Open,Hard,,G,,20260901,90,halys,,,Halys,,,,,,,diaz-acosta,,,Diaz Acosta,,,,,,,6-4 7-5 67-7 6-1,5,R128,,,,,,,,,,,,,,,,,,,
2026-us-open,US Open,Hard,,G,,20260831,91,khachanov,,,Khachanov,,,,,,,burruchaga,,,Burruchaga,,,,,,,6-3 6-0 6-1,5,R128,,,,,,,,,,,,,,,,,,,
2026-us-open,US Open,Hard,,G,,20260831,92,trungelliti,,,Trungelliti,,,,,,,shang,,,Shang,,,,,,,0-6 7-65 1-6 6-3 6-4,5,R128,,,,,,,,,,,,,,,,,,,
2026-us-open,US Open,Hard,,G,,20260831,93,blockx,28,,Blockx,,,,,,,barrios-vera,,,Barrios Vera,,,,,,,6-3 6-4 6-2,5,R128,,,,,,,,,,,,,,,,,,,
2026-us-open,US Open,Hard,,G,,20260831,94,tabilo,25,,Tabilo,,,,,,,hanfmann,,,Hanfmann,,,,,,,6-3 6-2 67-7 6-3,5,R128,,,,,,,,,,,,,,,,,,,
2026-us-open,US Open,Hard,,G,,20260831,95,berrettini-707ad,,,Berrettini,,,,,,,wawrinka-ffdb9,,,Wawrinka,,,,,,,7-64 7-63 6-0,5,R128,,,,,,,,,,,,,,,,,,,
2026-us-open,US Open,Hard,,G,,20260831,96,nakashima-68876,16,,Nakashima,,,,,,,baez-a8fb1,,,Baez,,,,,,,6-2 6-1 6-0,5,R128,,,,,,,,,,,,,,,,,,,
2026-us-open,US Open,Hard,,G,,20260831,97,darderi,21,,Darderi,,,,,,,wendelken,,,Wendelken,,,,,,,6-2 3-6 6-2 7-5,5,R128,,,,,,,,,,,,,,,,,,,
2026-us-open,US Open,Hard,,G,,20260831,98,sakamoto-9c9d5,,,Sakamoto,,,,,,,vukic,,,Vukic,,,,,,,6-4 65-7 6-4 3-6 6-4,5,R128,,,,,,,,,,,,,,,,,,,
2026-us-open,US Open,Hard,,G,,20260831,99,hurkacz,,,Hurkacz,,,,,,,dzumhur,,,Dzumhur,,,,,,,6-4 4-6 6-1 6-1,5,R128,,,,,,,,,,,,,,,,,,,
2026-us-open,US Open,Hard,,G,,20260831,100,svrcina,,,Svrcina,,,,,,,royer,,,Royer,,,,,,,6-4 6-3 5-7 5-7 6-2,5,R128,,,,,,,,,,,,,,,,,,,
2026-us-open,US Open,Hard,,G,,20260831,101,michelsen-a98bb,,,Michelsen,,,,,,,cina,,,Cina,,,,,,,6-4 6-1 6-0,5,R128,,,,,,,,,,,,,,,,,,,
2026-us-open,US Open,Hard,,G,,20260831,102,fearnley,,,Fearnley,,,,,,,landaluce-84126,,,Landaluce,,,,,,,4-6 6-2 4-6 7-5 6-3,5,R128,,,,,,,,,,,,,,,,,,,
2026-us-open,US Open,Hard,,G,,20260831,103,alcaraz-5ab70,2,,Alcaraz,,,,,,,safiullin,,,Safiullin,,,,,,,6-4 6-4 6-4,5,R128,,,,,,,,,,,,,,,,,,,
2026-us-open,US Open,Hard,,G,,20260831,104,rodionov-f5e38,,,Rodionov,,,,,,,mpetshi-perricard,,,Mpetshi Perricard,,,,,,,7-62 6-0 7-64,5,R128,,,,,,,,,,,,,,,,,,,
2026-us-open,US Open,Hard,,G,,20260831,105,gorzny,,,Gorzny,,,,,,,collignon,,,Collignon,,,,,,,3-6 6-3 3-6 6-3 7-69,5,R128,,,,,,,,,,,,,,,,,,,
2026-us-open,US Open,Hard,,G,,20260831,106,duckworth,,,Duckworth,,,,,,,arnaldi,30,,Arnaldi,,,,,,,5-7 6-3 6-2 7-68,5,R128,,,,,,,,,,,,,,,,,,,
2026-us-open,US Open,Hard,,G,,20260831,107,mannarino-a7108,,,Mannarino,,,,,,,tirante,,,Tirante,,,,,,,4-6 3-6 6-3 6-3 6-3,5,R128,,,,,,,,,,,,,,,,,,,
2026-us-open,US Open,Hard,,G,,20260831,108,tsitsipas-b526f,,,Tsitsipas,,,,,,,fils,10,,Fils,,,,,,,4-6 7-63 6-1 6-4,5,R128,,,,,,,,,,,,,,,,,,,
2026-us-open,US Open,Hard,,G,,20260831,109,rublev,23,,Rublev,,,,,,,virtanen-7d161,,,Virtanen,,,,,,,65-7 60-7 6-0 6-2 7-65,5,R128,,,,,,,,,,,,,,,,,,,
2026-us-open,US Open,Hard,,G,,20260831,110,vacherot,22,,Vacherot,,,,,,,kovacevic-a2706,,,Kovacevic,,,,,,,6-2 6-3 7-5,5,R128,,,,,,,,,,,,,,,,,,,
2026-us-open,US Open,Hard,,G,,20260831,111,bublik-43f80,15,,Bublik,,,,,,,wolf-e839f,,,Wolf,,,,,,,6-4 6-2 3-6 6-1,5,R128,,,,,,,,,,,,,,,,,,,
2026-us-open,US Open,Hard,,G,,20260831,112,navone,,,Navone,,,,,,,djokovic,4,,Djokovic,,,,,,,7-65 5-7 4-6 6-2 6-1,5,R128,,,,,,,,,,,,,,,,,,,
2026-us-open,US Open,Hard,,G,,20260830,113,etcheverry-7101a,27,,Etcheverry,,,,,,,kopriva,,,Kopriva,,,,,,,6-3 6-4 6-0,5,R128,,,,,,,,,,,,,,,,,,,
2026-us-open,US Open,Hard,,G,,20260830,114,shapovalov,,,Shapovalov,,,,,,,kecmanovic,,,Kecmanovic,,,,,,,6-4 4-6 6-4 6-1,5,R128,,,,,,,,,,,,,,,,,,,
2026-us-open,US Open,Hard,,G,,20260830,115,samuel-371b3,,,Samuel,,,,,,,machac,,,Machac,,,,,,,6-2 6-3 6-2,5,R128,,,,,,,,,,,,,,,,,,,
2026-us-open,US Open,Hard,,G,,20260830,116,faria-4754c,,,Faria,,,,,,,brooksby,,,Brooksby,,,,,,,6-3 7-64 4-6 1-6 6-2,5,R128,,,,,,,,,,,,,,,,,,,
2026-us-open,US Open,Hard,,G,,20260830,117,medvedev-e0d2d,7,,Medvedev,,,,,,,gaston-e1fa4,,,Gaston,,,,,,,6-4 6-2 6-4,5,R128,,,,,,,,,,,,,,,,,,,
2026-us-open,US Open,Hard,,G,,20260830,118,van-assche,,,Van Assche,,,,,,,norrie,29,,Norrie,,,,,,,66-7 6-2 6-2 6-3,5,R128,,,,,,,,,,,,,,,,,,,
2026-us-open,US Open,Hard,,G,,20260830,119,paul-324c3,20,,Paul,,,,,,,wong-d3ead,,,Wong,,,,,,,63-7 6-1 6-3 6-3,5,R128,,,,,,,,,,,,,,,,,,,
2026-us-open,US Open,Hard,,G,,20260830,120,munar-d1298,,,Munar,,,,,,,atmane,,,Atmane,,,,,,,65-7 3-6 6-1 7-64 7-5,5,R128,,,,,,,,,,,,,,,,,,,
2026-us-open,US Open,Hard,,G,,20260830,121,harris-9f62b,,,Harris,,,,,,,kennedy-81205,,,Kennedy,,,,,,,6-4 6-2 6-2,5,R128,,,,,,,,,,,,,,,,,,,
2026-us-open,US Open,Hard,,G,,20260830,122,merida-aguilar,,,Merida Aguilar,,,,,,,fucsovics,,,Fucsovics,,,,,,,6-4 6-4 6-2,5,R128,,,,,,,,,,,,,,,,,,,
2026-us-open,US Open,Hard,,G,,20260830,123,lehecka,18,,Lehecka,,,,,,,carreno-busta,,,Carreno-Busta,,,,,,,6-1 7-65 4-6 6-2,5,R128,,,,,,,,,,,,,,,,,,,
2026-us-open,US Open,Hard,,G,,20260830,124,prizmic,,,Prizmic,,,,,,,shevchenko-3bd40,,,Shevchenko,,,,,,,2-6 6-3 6-3 5-7 7-5,5,R128,,,,,,,,,,,,,,,,,,,
2026-us-open,US Open,Hard,,G,,20260830,125,rinderknech,26,,Rinderknech,,,,,,,shimabukuro,,,Shimabukuro,,,,,,,64-7 6-2 7-64 6-2,5,R128,,,,,,,,,,,,,,,,,,,
2026-us-open,US Open,Hard,,G,,20260830,126,majchrzak-905d8,,,Majchrzak,,,,,,,medjedovic,,,Medjedovic,,,,,,,6-3 6-3 6-3,5,R128,,,,,,,,,,,,,,,,,,,
2026-us-open,US Open,Hard,,G,,20260830,127,wu-9762d,,,Wu,,,,,,,walton,,,Walton,,,,,,,7-62 6-2 7-5,5,R128,,,,,,,,,,,,,,,,,,,
2026-indian-wells,Indian Wells,Hard,,M,,20260315,1,sinner-8b8e8,2,,Sinner,,,,,,,medvedev-e0d2d,11,,Medvedev,,,,,,,7-66 7-64,3,F,,,,,,,,,,,,,,,,,,,
2026-indian-wells,Indian Wells,Hard,,M,,20260314,2,medvedev-e0d2d,11,,Medvedev,,,,,,,alcaraz-5ab70,1,,Alcaraz,,,,,,,6-3 7-63,3,SF,,,,,,,,,,,,,,,,,,,
2026-indian-wells,Indian Wells,Hard,,M,,20260314,3,sinner-8b8e8,2,,Sinner,,,,,,,zverev-6f768,4,,Zverev,,,,,,,6-2 6-4,3,SF,,,,,,,,,,,,,,,,,,,
2026-indian-wells,Indian Wells,Hard,,M,,20260313,4,alcaraz-5ab70,1,,Alcaraz,,,,,,,norrie,27,,Norrie,,,,,,,6-3 6-4,3,QF,,,,,,,,,,,,,,,,,,,
2026-indian-wells,Indian Wells,Hard,,M,,20260313,5,medvedev-e0d2d,11,,Medvedev,,,,,,,draper-e73d3,14,,Draper,,,,,,,6-1 7-5,3,QF,,,,,,,,,,,,,,,,,,,
2026-indian-wells,Indian Wells,Hard,,M,,20260312,6,sinner-8b8e8,2,,Sinner,,,,,,,tien,25,,Tien,,,,,,,6-1 6-2,3,QF,,,,,,,,,,,,,,,,,,,
2026-indian-wells,Indian Wells,Hard,,M,,20260312,7,zverev-6f768,4,,Zverev,,,,,,,fils,32,,Fils,,,,,,,6-2 6-3,3,QF,,,,,,,,,,,,,,,,,,,
2026-indian-wells,Indian Wells,Hard,,M,,20260312,8,draper-e73d3,14,,Draper,,,,,,,djokovic,3,,Djokovic,,,,,,,4-6 6-4 7-65,3,R16,,,,,,,,,,,,,,,,,,,
2026-indian-wells,Indian Wells,Hard,,M,,20260311,9,alcaraz-5ab70,1,,Alcaraz,,,,,,,ruud-dfb38,13,,Ruud,,,,,,,6-1 7-62,3,R16,,,,,,,,,,,,,,,,,,,
2026-indian-wells,Indian Wells,Hard,,M,,20260311,10,medvedev-e0d2d,11,,Medvedev,,,,,,,michelsen-a98bb,,,Michelsen,,,,,,,6-2 6-4,3,R16,,,,,,,,,,,,,,,,,,,
2026-indian-wells,Indian Wells,Hard,,M,,20260311,11,norrie,27,,Norrie,,,,,,,hijikata,,,Hijikata,,,,,,,6-4 6-2,3,R16,,,,,,,,,,,,,,,,,,,
2026-indian-wells,Indian Wells,Hard,,M,,20260311,12,sinner-8b8e8,2,,Sinner,,,,,,,fonseca-57dc1,,,Fonseca,,,,,,,7-66 7-64,3,R16,,,,,,,,,,,,,,,,,,,
2026-indian-wells,Indian Wells,Hard,,M,,20260310,13,tien,25,,Tien,,,,,,,davidovich-fokina,18,,Davidovich Fokina,,,,,,,4-6 6-1 7-64,3,R16,,,,,,,,,,,,,,,,,,,
2026-indian-wells,Indian Wells,Hard,,M,,20260310,14,zverev-6f768,4,,Zverev,,,,,,,tiafoe,21,,Tiafoe,,,,,,,6-3 6-4,3,R16,,,,,,,,,,,,,,,,,,,
2026-indian-wells,Indian Wells,Hard,,M,,20260310,15,fils,32,,Fils,,,,,,,auger-aliassime,9,,Auger Aliassime,,,,,,,6-3 7-69,3,R16,,,,,,,,,,,,,,,,,,,
2026-indian-wells,Indian Wells,Hard,,M,,20260310,16,medvedev-e0d2d,11,,Medvedev,,,,,,,baez-a8fb1,,,Baez,,,,,,,6-4 6-0,3,R32,,,,,,,,,,,,,,,,,,,
2026-indian-wells,Indian Wells,Hard,,M,,20260310,17,alcaraz-5ab70,1,,Alcaraz,,,,,,,rinderknech,26,,Rinderknech,,,,,,,66-7 6-3 6-2,3,R32,,,,,,,,,,,,,,,,,,,
2026-indian-wells,Indian Wells,Hard,,M,,20260310,18,ruud-dfb38,13,,Ruud,,,,,,,vacherot,24,,Vacherot,,,,,,,3-6 6-3 6-4,3,R32,,,,,,,,,,,,,,,,,,,
2026-indian-wells,Indian Wells,Hard,,M,,20260309,19,michelsen-a98bb,,,Michelsen,,,,,,,fritz-f1aa7,7,,Fritz,,,,,,,6-4 7-66,3,R32,,,,,,,,,,,,,,,,,,,
2026-indian-wells,Indian Wells,Hard,,M,,20260309,20,draper-e73d3,14,,Draper,,,,,,,cerundolo,19,,Cerundolo,,,,,,,6-1 7-5,3,R32,,,,,,,,,,,,,,,,,,,
2026-indian-wells,Indian Wells,Hard,,M,,20260309,21,hijikata,,,Hijikata,,,,,,,bublik-43f80,10,,Bublik,,,,,,,63-7 7-63 6-3,3,R32,,,,,,,,,,,,,,,,,,,
2026-indian-wells,Indian Wells,Hard,,M,,20260309,22,djokovic,3,,Djokovic,,,,,,,kovacevic-a2706,,,Kovacevic,,,,,,,6-4 1-6 6-4,3,R32,,,,,,,,,,,,,,,,,,,
2026-indian-wells,Indian Wells,Hard,,M,,20260309,23,norrie,27,,Norrie,,,,,,,de-minaur,6,,De Minaur,,,,,,,6-4 6-4,3,R32,,,,,,,,,,,,,,,,,,,
2026-indian-wells,Indian Wells,Hard,,M,,20260309,24,fonseca-57dc1,,,Fonseca,,,,,,,paul-324c3,23,,Paul,,,,,,,6-2 6-3,3,R32,,,,,,,,,,,,,,,,,,,
2026-indian-wells,Indian Wells,Hard,,M,,20260309,25,auger-aliassime,9,,Auger Aliassime,,,,,,,diallo-dd116,,,Diallo,,,,,,,65-7 6-3 6-3,3,R32,,,,,,,,,,,,,,,,,,,
2026-indian-wells,Indian Wells,Hard,,M,,20260309,26,tiafoe,21,,Tiafoe,,,,,,,cobolli-d6311,15,,Cobolli,,,,,,,6-1 6-2,3,R32,,,,,,,,,,,,,,,,,,,
2026-indian-wells,Indian Wells,Hard,,M,,20260309,27,fils,32,,Fils,,,,,,,fucsovics,,,Fucsovics,,,,,,,6-3 7-5,3,R32,,,,,,,,,,,,,,,,,,,
2026-indian-wells,Indian Wells,Hard,,M,,20260308,28,sinner-8b8e8,2,,Sinner,,,,,,,shapovalov,,,Shapovalov,,,,,,,6-3 6-2,3,R32,,,,,,,,,,,,,,,,,,,
2026-indian-wells,Indian Wells,Hard,,M,,20260308,29,davidovich-fokina,18,,Davidovich Fokina,,,,,,,mensik,12,,Mensik,,,,,,,6-2 4-6 6-2,3,R32,,,,,,,,,,,,,,,,,,,
2026-indian-wells,Indian Wells,Hard,,M,,20260308,30,tien,25,,Tien,,,,,,,shelton-38989,8,,Shelton,,,,,,,7-63 4-6 6-3,3,R32,,,,,,,,,,,,,,,,,,,
2026-indian-wells,Indian Wells,Hard,,M,,20260308,31,zverev-6f768,4,,Zverev,,,,,,,nakashima-68876,28,,Nakashima,,,,,,,7-62 5-7 6-4,3,R32,,,,,,,,,,,,,,,,,,,
2026-indian-wells,Indian Wells,Hard,,M,,20260308,32,medvedev-e0d2d,11,,Medvedev,,,,,,,tabilo,,,Tabilo,,,,,,,6-4 6-2,3,R64,,,,,,,,,,,,,,,,,,,
2026-indian-wells,Indian Wells,Hard,,M,,20260308,33,michelsen-a98bb,,,Michelsen,,,,,,,humbert-e2553,34,,Humbert,,,,,,,7-5 65-7 7-66,3,R64,,,,,,,,,,,,,,,,,,,
2026-indian-wells,Indian Wells,Hard,,M,,20260308,34,bublik-43f80,10,,Bublik,,,,,,,kopriva,,,Kopriva,,,,,,,3-6 7-63 6-2,3,R64,,,,,,,,,,,,,,,,,,,
2026-indian-wells,Indian Wells,Hard,,M,,20260308,35,baez-a8fb1,,,Baez,,,,,,,lehecka,22,,Lehecka,,,,,,,6-4 6-1,3,R64,,,,,,,,,,,,,,,,,,,
2026-indian-wells,Indian Wells,Hard,,M,,20260308,36,fritz-f1aa7,7,,Fritz,,,,,,,fearnley,,,Fearnley,,,,,,,6-3 68-7 6-1,3,R64,,,,,,,,,,,,,,,,,,,
2026-indian-wells,Indian Wells,Hard,,M,,20260308,37,alcaraz-5ab70,1,,Alcaraz,,,,,,,dimitrov-779bc,,,Dimitrov,,,,,,,6-2 6-3,3,R64,,,,,,,,,,,,,,,,,,,
2026-indian-wells,Indian Wells,Hard,,M,,20260308,38,norrie,27,,Norrie,,,,,,,mcdonald-4d935,,,McDonald,,,,,,,6-2 6-3,3,R64,,,,,,,,,,,,,,,,,,,
2026-indian-wells,Indian Wells,Hard,,M,,20260308,39,hijikata,,,Hijikata,,,,,,,darderi,20,,Darderi,,,,,,,4-6 6-2 6-4,3,R64,,,,,,,,,,,,,,,,,,,
2026-indian-wells,Indian Wells,Hard,,M,,20260308,40,de-minaur,6,,De Minaur,,,,,,,korda-2529f,,,Korda,,,,,,,4-6 6-4 6-4,3,R64,,,,,,,,,,,,,,,,,,,
2026-indian-wells,Indian Wells,Hard,,M,,20260307,41,djokovic,3,,Djokovic,,,,,,,majchrzak-905d8,,,Majchrzak,,,,,,,4-6 6-1 6-2,3,R64,,,,,,,,,,,,,,,,,,,
2026-indian-wells,Indian Wells,Hard,,M,,20260307,42,vacherot,24,,Vacherot,,,,,,,borges-8d823,,,Borges,,,,,,,7-5 7-5,3,R64,,,,,,,,,,,,,,,,,,,
2026-indian-wells,Indian Wells,Hard,,M,,20260307,43,diallo-dd116,,,Diallo,,,,,,,rublev,17,,Rublev,,,,,,,64-7 7-61 6-3,3,R64,,,,,,,,,,,,,,,,,,,
2026-indian-wells,Indian Wells,Hard,,M,,20260307,44,fonseca-57dc1,,,Fonseca,,,,,,,khachanov,16,,Khachanov,,,,,,,4-6 7-67 6-4,3,R64,,,,,,,,,,,,,,,,,,,
2026-indian-wells,Indian Wells,Hard,,M,,20260307,45,cerundolo,19,,Cerundolo,,,,,,,bonzi-a38fa,,,Bonzi,,,,,,,6-4 5-7 7-65,3,R64,,,,,,,,,,,,,,,,,,,
2026-indian-wells,Indian Wells,Hard,,M,,20260307,46,ruud-dfb38,13,,Ruud,,,,,,,shevchenko-3bd40,,,Shevchenko,,,,,,,6-1 7-64,3,R64,,,,,,,,,,,,,,,,,,,
2026-indian-wells,Indian Wells,Hard,,M,,20260307,47,kovacevic-a2706,,,Kovacevic,,,,,,,moutet,31,,Moutet,,,,,,,6-1 6-4,3,R64,,,,,,,,,,,,,,,,,,,
2026-indian-wells,Indian Wells,Hard,,M,,20260307,48,draper-e73d3,14,,Draper,,,,,,,bautista-agut,,,Bautista-Agut,,,,,,,3-6 6-3 6-2,3,R64,,,,,,,,,,,,,,,,,,,
2026-indian-wells,Indian Wells,Hard,,M,,20260307,49,mensik,12,,Mensik,,,,,,,giron-49e97,,,Giron,,,,,,,7-5 7-64,3,R64,,,,,,,,,,,,,,,,,,,
2026-indian-wells,Indian Wells,Hard,,M,,20260307,50,paul-324c3,23,,Paul,,,,,,,bergs,,,Bergs,,,,,,,6-1 6-2,3,R64,,,,,,,,,,,,,,,,,,,
2026-indian-wells,Indian Wells,Hard,,M,,20260307,51,sinner-8b8e8,2,,Sinner,,,,,,,svrcina,,,Svrcina,,,,,,,6-1 6-1,3,R64,,,,,,,,,,,,,,,,,,,
2026-indian-wells,Indian Wells,Hard,,M,,20260307,52,davidovich-fokina,18,,Davidovich Fokina,,,,,,,svajda,,,Svajda,,,,,,,7-60 6-2,3,R64,,,,,,,,,,,,,,,,,,,
2026-indian-wells,Indian Wells,Hard,,M,,20260307,53,shapovalov,,,Shapovalov,,,,,,,etcheverry-7101a,31,,Etcheverry,,,,,,,6-3 2-6 7-65,3,R64,,,,,,,,,,,,,,,,,,,
2026-indian-wells,Indian Wells,Hard,,M,,20260307,54,tiafoe,21,,Tiafoe,,,,,,,brooksby,,,Brooksby,,,,,,,6-4 6-2,3,R64,,,,,,,,,,,,,,,,,,,
2026-indian-wells,Indian Wells,Hard,,M,,20260307,55,auger-aliassime,9,,Auger Aliassime,,,,,,,monfils,,,Monfils,,,,,,,65-7 6-3 6-4,3,R64,,,,,,,,,,,,,,,,,,,
2026-indian-wells,Indian Wells,Hard,,M,,20260306,56,nakashima-68876,28,,Nakashima,,,,,,,ugo-carabelli,,,Ugo Carabelli,,,,,,,6-3 6-4,3,R64,,,,,,,,,,,,,,,,,,,
2026-indian-wells,Indian Wells,Hard,,M,,20260306,57,fils,32,,Fils,,,,,,,prizmic,,,Prizmic,,,,,,,6-2 3-2,3,R64,,,,,,,,,,,,,,,,,,,
2026-indian-wells,Indian Wells,Hard,,M,,20260306,58,fucsovics,,,Fucsovics,,,,,,,musetti,5,,Musetti,,,,,,,7-5 6-1,3,R64,,,,,,,,,,,,,,,,,,,
2026-indian-wells,Indian Wells,Hard,,M,,20260306,59,shelton-38989,8,,Shelton,,,,,,,opelka,,,Opelka,,,,,,,63-7 7-64 6-3,3,R64,,,,,,,,,,,,,,,,,,,
2026-indian-wells,Indian Wells,Hard,,M,,20260306,60,zverev-6f768,4,,Zverev,,,,,,,berrettini-707ad,,,Berrettini,,,,,,,6-3 6-4,3,R64,,,,,,,,,,,,,,,,,,,
2026-indian-wells,Indian Wells,Hard,,M,,20260306,61,tien,25,,Tien,,,,,,,walton,,,Walton,,,,,,,7-63 7-68,3,R64,,,,,,,,,,,,,,,,,,,
2026-indian-wells,Indian Wells,Hard,,M,,20260306,62,cobolli-d6311,15,,Cobolli,,,,,,,kecmanovic,,,Kecmanovic,,,,,,,3-6 6-3 6-4,3,R64,,,,,,,,,,,,,,,,,,,
2026-indian-wells,Indian Wells,Hard,,M,,20260306,63,kopriva,,,Kopriva,,,,,,,zheng-c91db,,,Zheng,,,,,,,7-61 7-5,3,R128,,,,,,,,,,,,,,,,,,,
2026-indian-wells,Indian Wells,Hard,,M,,20260306,64,mcdonald-4d935,,,McDonald,,,,,,,arnaldi,,,Arnaldi,,,,,,,6-0 6-1,3,R128,,,,,,,,,,,,,,,,,,,
2026-indian-wells,Indian Wells,Hard,,M,,20260306,65,korda-2529f,,,Korda,,,,,,,comesana-c17e0,,,Comesana,,,,,,,7-5 6-0,3,R128,,,,,,,,,,,,,,,,,,,
2026-indian-wells,Indian Wells,Hard,,M,,20260306,66,hijikata,,,Hijikata,,,,,,,maestrelli,,,Maestrelli,,,,,,,7-65 6-4,3,R128,,,,,,,,,,,,,,,,,,,
2026-indian-wells,Indian Wells,Hard,,M,,20260306,67,borges-8d823,,,Borges,,,,,,,nava-337db,,,Nava,,,,,,,7-69 7-5,3,R128,,,,,,,,,,,,,,,,,,,
2026-indian-wells,Indian Wells,Hard,,M,,20260306,68,tabilo,,,Tabilo,,,,,,,jodar,,,Jodar,,,,,,,6-1 6-2,3,R128,,,,,,,,,,,,,,,,,,,
2026-indian-wells,Indian Wells,Hard,,M,,20260306,69,cerundolo-08df6,,,Cerundolo,,,,,,,van-de-zandschulp,,,Van De Zandschulp,,,,,,,7-63 65-7 6-3,3,R128,,,,,,,,,,,,,,,,,,,
2026-indian-wells,Indian Wells,Hard,,M,,20260306,70,michelsen-a98bb,,,Michelsen,,,,,,,merida-aguilar,,,Merida Aguilar,,,,,,,6-3 6-4,3,R128,,,,,,,,,,,,,,,,,,,
2026-indian-wells,Indian Wells,Hard,,M,,20260306,71,bautista-agut,,,Bautista-Agut,,,,,,,marozsan,,,Marozsan,,,,,,,6-4 62-7 6-4,3,R128,,,,,,,,,,,,,,,,,,,
2026-indian-wells,Indian Wells,Hard,,M,,20260306,72,bonzi-a38fa,,,Bonzi,,,,,,,royer,,,Royer,,,,,,,6-4 6-3,3,R128,,,,,,,,,,,,,,,,,,,
2026-indian-wells,Indian Wells,Hard,,M,,20260305,73,baez-a8fb1,,,Baez,,,,,,,tseng-5c1bc,,,Tseng,,,,,,,6-3 6-2,3,R128,,,,,,,,,,,,,,,,,,,
2026-indian-wells,Indian Wells,Hard,,M,,20260305,74,fearnley,,,Fearnley,,,,,,,dzumhur,,,Dzumhur,,,,,,,6-3 6-3,3,R128,,,,,,,,,,,,,,,,,,,
2026-indian-wells,Indian Wells,Hard,,M,,20260305,75,kovacevic-a2706,,,Kovacevic,,,,,,,hurkacz,,,Hurkacz,,,,,,,7-66 7-64,3,R128,,,,,,,,,,,,,,,,,,,
2026-indian-wells,Indian Wells,Hard,,M,,20260305,76,dimitrov-779bc,,,Dimitrov,,,,,,,atmane,,,Atmane,,,,,,,6-4 5-7 6-4,3,R128,,,,,,,,,,,,,,,,,,,
2026-indian-wells,Indian Wells,Hard,,M,,20260305,77,majchrzak-905d8,,,Majchrzak,,,,,,,mpetshi-perricard,,,Mpetshi Perricard,,,,,,,6-3 1-6 7-5,3,R128,,,,,,,,,,,,,,,,,,,
2026-indian-wells,Indian Wells,Hard,,M,,20260305,78,shevchenko-3bd40,,,Shevchenko,,,,,,,shimabukuro,,,Shimabukuro,,,,,,,6-4 3-6 6-2,3,R128,,,,,,,,,,,,,,,,,,,
2026-indian-wells,Indian Wells,Hard,,M,,20260305,79,shapovalov,,,Shapovalov,,,,,,,tsitsipas-b526f,,,Tsitsipas,,,,,,,6-2 3-6 6-4,3,R128,,,,,,,,,,,,,,,,,,,
2026-indian-wells,Indian Wells,Hard,,M,,20260305,80,fonseca-57dc1,,,Fonseca,,,,,,,collignon,,,Collignon,,,,,,,7-62 6-4,3,R128,,,,,,,,,,,,,,,,,,,
2026-indian-wells,Indian Wells,Hard,,M,,20260305,81,svajda,,,Svajda,,,,,,,cilic,,,Cilic,,,,,,,7-65 6-4,3,R128,,,,,,,,,,,,,,,,,,,
2026-indian-wells,Indian Wells,Hard,,M,,20260305,82,monfils,,,Monfils,,,,,,,galarneau-32e1f,,,Galarneau,,,,,,,6-3 6-4,3,R128,,,,,,,,,,,,,,,,,,,
2026-indian-wells,Indian Wells,Hard,,M,,20260305,83,brooksby,,,Brooksby,,,,,,,popyrin,,,Popyrin,,,,,,,6-3 6-4,3,R128,,,,,,,,,,,,,,,,,,,
2026-indian-wells,Indian Wells,Hard,,M,,20260305,84,prizmic,,,Prizmic,,,,,,,schoolkate,,,Schoolkate,,,,,,,7-65 3-6 7-5,3,R128,,,,,,,,,,,,,,,,,,,
2026-indian-wells,Indian Wells,Hard,,M,,20260305,85,berrettini-707ad,,,Berrettini,,,,,,,mannarino-a7108,,,Mannarino,,,,,,,4-6 7-5 7-5,3,R128,,,,,,,,,,,,,,,,,,,
2026-indian-wells,Indian Wells,Hard,,M,,20260304,86,fucsovics,,,Fucsovics,,,,,,,o-connell-020b8,,,O'Connell,,,,,,,7-5 6-3,3,R128,,,,,,,,,,,,,,,,,,,
2026-indian-wells,Indian Wells,Hard,,M,,20260304,87,svrcina,,,Svrcina,,,,,,,duckworth,,,Duckworth,,,,,,,6-2 6-4,3,R128,,,,,,,,,,,,,,,,,,,
2026-indian-wells,Indian Wells,Hard,,M,,20260304,88,diallo-dd116,,,Diallo,,,,,,,bellucci-47e7e,,,Bellucci,,,,,,,7-65 6-4,3,R128,,,,,,,,,,,,,,,,,,,
2026-indian-wells,Indian Wells,Hard,,M,,20260304,89,opelka,,,Opelka,,,,,,,quinn-d0193,,,Quinn,,,,,,,7-5 7-63,3,R128,,,,,,,,,,,,,,,,,,,
2026-indian-wells,Indian Wells,Hard,,M,,20260304,90,bergs,,,Bergs,,,,,,,struff,,,Struff,,,,,,,6-3 6-4,3,R128,,,,,,,,,,,,,,,,,,,
2026-indian-wells,Indian Wells,Hard,,M,,20260304,91,kecmanovic,,,Kecmanovic,,,,,,,altmaier,,,Altmaier,,,,,,,6-3 1-0,3,R128,,,,,,,,,,,,,,,,,,,
2026-indian-wells,Indian Wells,Hard,,M,,20260304,92,ugo-carabelli,,,Ugo Carabelli,,,,,,,damm-4f98a,,,Damm,,,,,,,7-65 6-3,3,R128,,,,,,,,,,,,,,,,,,,
2026-indian-wells,Indian Wells,Hard,,M,,20260304,93,walton,,,Walton,,,,,,,halys,,,Halys,,,,,,,6-3 6-3,3,R128,,,,,,,,,,,,,,,,,,,
2026-indian-wells,Indian Wells,Hard,,M,,20260304,94,giron-49e97,,,Giron,,,,,,,navone,,,Navone,,,,,,,4-6 7-5 6-3,3,R128,,,,,,,,,,,,,,,,,,,
2026-miami,Miami,Hard,,M,,20260329,1,sinner-8b8e8,2,,Sinner,,,,,,,lehecka,21,,Lehecka,,,,,,,6-4 6-4,3,F,,,,,,,,,,,,,,,,,,,
2026-miami,Miami,Hard,,M,,20260328,2,sinner-8b8e8,2,,Sinner,,,,,,,zverev-6f768,3,,Zverev,,,,,,,6-3 7-64,3,SF,,,,,,,,,,,,,,,,,,,
2026-miami,Miami,Hard,,M,,20260327,3,lehecka,21,,Lehecka,,,,,,,fils,28,,Fils,,,,,,,6-2 6-2,3,SF,,,,,,,,,,,,,,,,,,,
2026-miami,Miami,Hard,,M,,20260327,4,zverev-6f768,3,,Zverev,,,,,,,cerundolo,18,,Cerundolo,,,,,,,6-1 6-2,3,QF,,,,,,,,,,,,,,,,,,,
2026-miami,Miami,Hard,,M,,20260326,5,sinner-8b8e8,2,,Sinner,,,,,,,tiafoe,19,,Tiafoe,,,,,,,6-2 6-2,3,QF,,,,,,,,,,,,,,,,,,,
2026-miami,Miami,Hard,,M,,20260326,6,fils,28,,Fils,,,,,,,paul-324c3,22,,Paul,,,,,,,63-7 7-64 7-66,3,QF,,,,,,,,,,,,,,,,,,,
2026-miami,Miami,Hard,,M,,20260325,7,lehecka,21,,Lehecka,,,,,,,landaluce-84126,,,Landaluce,,,,,,,7-61 7-5,3,QF,,,,,,,,,,,,,,,,,,,
2026-miami,Miami,Hard,,M,,20260325,8,zverev-6f768,3,,Zverev,,,,,,,halys,,,Halys,,,,,,,7-64 7-61,3,R16,,,,,,,,,,,,,,,,,,,
2026-miami,Miami,Hard,,M,,20260325,9,cerundolo,18,,Cerundolo,,,,,,,humbert-e2553,31,,Humbert,,,,,,,6-4 6-3,3,R16,,,,,,,,,,,,,,,,,,,
2026-miami,Miami,Hard,,M,,20260324,10,tiafoe,19,,Tiafoe,,,,,,,atmane,,,Atmane,,,,,,,6-4 1-6 6-4,3,R16,,,,,,,,,,,,,,,,,,,
2026-miami,Miami,Hard,,M,,20260324,11,sinner-8b8e8,2,,Sinner,,,,,,,michelsen-a98bb,,,Michelsen,,,,,,,7-5 7-64,3,R16,,,,,,,,,,,,,,,,,,,
2026-miami,Miami,Hard,,M,,20260324,12,paul-324c3,22,,Paul,,,,,,,etcheverry-7101a,29,,Etcheverry,,,,,,,6-1 6-3,3,R16,,,,,,,,,,,,,,,,,,,
2026-miami,Miami,Hard,,M,,20260324,13,fils,28,,Fils,,,,,,,vacherot,24,,Vacherot,,,,,,,6-4 64-7 6-4,3,R16,,,,,,,,,,,,,,,,,,,
2026-miami,Miami,Hard,,M,,20260324,14,lehecka,21,,Lehecka,,,,,,,fritz-f1aa7,6,,Fritz,,,,,,,6-4 64-7 6-2,3,R16,,,,,,,,,,,,,,,,,,,
2026-miami,Miami,Hard,,M,,20260324,15,landaluce-84126,,,Landaluce,,,,,,,korda-2529f,32,,Korda,,,,,,,2-6 7-66 6-4,3,R16,,,,,,,,,,,,,,,,,,,
2026-miami,Miami,Hard,,M,,20260324,16,sinner-8b8e8,2,,Sinner,,,,,,,moutet,30,,Moutet,,,,,,,6-1 6-4,3,R32,,,,,,,,,,,,,,,,,,,
2026-miami,Miami,Hard,,M,,20260323,17,halys,,,Halys,,,,,,,majchrzak-905d8,,,Majchrzak,,,,,,,7-64 6-1,3,R32,,,,,,,,,,,,,,,,,,,
2026-miami,Miami,Hard,,M,,20260323,18,zverev-6f768,3,,Zverev,,,,,,,cilic,,,Cilic,,,,,,,6-2 5-7 6-4,3,R32,,,,,,,,,,,,,,,,,,,
2026-miami,Miami,Hard,,M,,20260323,19,michelsen-a98bb,,,Michelsen,,,,,,,tabilo,,,Tabilo,,,,,,,3-6 6-3 6-4,3,R32,,,,,,,,,,,,,,,,,,,
2026-miami,Miami,Hard,,M,,20260323,20,tiafoe,19,,Tiafoe,,,,,,,mensik,12,,Mensik,,,,,,,7-64 4-6 7-611,3,R32,,,,,,,,,,,,,,,,,,,
2026-miami,Miami,Hard,,M,,20260323,21,atmane,,,Atmane,,,,,,,auger-aliassime,7,,Auger Aliassime,,,,,,,6-3 1-6 6-3,3,R32,,,,,,,,,,,,,,,,,,,
2026-miami,Miami,Hard,,M,,20260323,22,cerundolo,18,,Cerundolo,,,,,,,medvedev-e0d2d,9,,Medvedev,,,,,,,6-0 4-6 7-5,3,R32,,,,,,,,,,,,,,,,,,,
2026-miami,Miami,Hard,,M,,20260323,23,humbert-e2553,31,,Humbert,,,,,,,shevchenko-3bd40,,,Shevchenko,,,,,,,6-4 7-62,3,R32,,,,,,,,,,,,,,,,,,,
2026-miami,Miami,Hard,,M,,20260323,24,fils,28,,Fils,,,,,,,tsitsipas-b526f,,,Tsitsipas,,,,,,,6-0 6-1,3,R32,,,,,,,,,,,,,,,,,,,
2026-miami,Miami,Hard,,M,,20260323,25,vacherot,24,,Vacherot,,,,,,,berrettini-707ad,,,Berrettini,,,,,,,7-65 6-4,3,R32,,,,,,,,,,,,,,,,,,,
2026-miami,Miami,Hard,,M,,20260322,26,landaluce-84126,,,Landaluce,,,,,,,khachanov,14,,Khachanov,,,,,,,6-3 7-62,3,R32,,,,,,,,,,,,,,,,,,,
2026-miami,Miami,Hard,,M,,20260322,27,paul-324c3,22,,Paul,,,,,,,collignon,,,Collignon,,,,,,,6-2 3-6 7-65,3,R32,,,,,,,,,,,,,,,,,,,
2026-miami,Miami,Hard,,M,,20260322,28,korda-2529f,32,,Korda,,,,,,,alcaraz-5ab70,1,,Alcaraz,,,,,,,6-3 5-7 6-4,3,R32,,,,,,,,,,,,,,,,,,,
2026-miami,Miami,Hard,,M,,20260322,29,etcheverry-7101a,29,,Etcheverry,,,,,,,jodar,,,Jodar,,,,,,,7-5 6-4,3,R32,,,,,,,,,,,,,,,,,,,
2026-miami,Miami,Hard,,M,,20260322,30,fritz-f1aa7,6,,Fritz,,,,,,,opelka,,,Opelka,,,,,,,6-3 6-4,3,R32,,,,,,,,,,,,,,,,,,,
2026-miami,Miami,Hard,,M,,20260322,31,lehecka,21,,Lehecka,,,,,,,quinn-d0193,,,Quinn,,,,,,,6-3 7-66,3,R32,,,,,,,,,,,,,,,,,,,
2026-miami,Miami,Hard,,M,,20260322,32,zverev-6f768,3,,Zverev,,,,,,,damm-4f98a,,,Damm,,,,,,,6-2 6-4,3,R64,,,,,,,,,,,,,,,,,,,
2026-miami,Miami,Hard,,M,,20260322,33,cilic,,,Cilic,,,,,,,nakashima-68876,27,,Nakashima,,,,,,,2-6 6-4 7-67,3,R64,,,,,,,,,,,,,,,,,,,
2026-miami,Miami,Hard,,M,,20260322,34,tiafoe,19,,Tiafoe,,,,,,,cazaux,,,Cazaux,,,,,,,7-61 6-1,3,R64,,,,,,,,,,,,,,,,,,,
2026-miami,Miami,Hard,,M,,20260322,35,shevchenko-3bd40,,,Shevchenko,,,,,,,shelton-38989,8,,Shelton,,,,,,,63-7 7-63 6-3,3,R64,,,,,,,,,,,,,,,,,,,
2026-miami,Miami,Hard,,M,,20260321,36,humbert-e2553,31,,Humbert,,,,,,,diallo-dd116,,,Diallo,,,,,,,6-1 6-4,3,R64,,,,,,,,,,,,,,,,,,,
2026-miami,Miami,Hard,,M,,20260321,37,cerundolo,18,,Cerundolo,,,,,,,tirante,,,Tirante,,,,,,,6-4 6-2,3,R64,,,,,,,,,,,,,,,,,,,
2026-miami,Miami,Hard,,M,,20260321,38,mensik,12,,Mensik,,,,,,,walton,,,Walton,,,,,,,3-6 6-2 6-4,3,R64,,,,,,,,,,,,,,,,,,,
2026-miami,Miami,Hard,,M,,20260321,39,tabilo,,,Tabilo,,,,,,,rublev,15,,Rublev,,,,,,,65-7 6-2 6-4,3,R64,,,,,,,,,,,,,,,,,,,
2026-miami,Miami,Hard,,M,,20260321,40,michelsen-a98bb,,,Michelsen,,,,,,,norrie,23,,Norrie,,,,,,,7-5 64-7 6-4,3,R64,,,,,,,,,,,,,,,,,,,
2026-miami,Miami,Hard,,M,,20260321,41,medvedev-e0d2d,9,,Medvedev,,,,,,,sakamoto-9c9d5,,,Sakamoto,,,,,,,610-7 6-3 6-1,3,R64,,,,,,,,,,,,,,,,,,,
2026-miami,Miami,Hard,,M,,20260321,42,moutet,30,,Moutet,,,,,,,machac,,,Machac,,,,,,,6-0 1-6 6-4,3,R64,,,,,,,,,,,,,,,,,,,
2026-miami,Miami,Hard,,M,,20260321,43,sinner-8b8e8,2,,Sinner,,,,,,,dzumhur,,,Dzumhur,,,,,,,6-3 6-3,3,R64,,,,,,,,,,,,,,,,,,,
2026-miami,Miami,Hard,,M,,20260321,44,auger-aliassime,7,,Auger Aliassime,,,,,,,fucsovics,,,Fucsovics,,,,,,,7-63 7-5,3,R64,,,,,,,,,,,,,,,,,,,
2026-miami,Miami,Hard,,M,,20260321,45,atmane,,,Atmane,,,,,,,rinderknech,26,,Rinderknech,,,,,,,7-64 6-3,3,R64,,,,,,,,,,,,,,,,,,,
2026-miami,Miami,Hard,,M,,20260321,46,etcheverry-7101a,29,,Etcheverry,,,,,,,bergs,,,Bergs,,,,,,,7-65 7-63,3,R64,,,,,,,,,,,,,,,,,,,
2026-miami,Miami,Hard,,M,,20260321,47,jodar,,,Jodar,,,,,,,vukic,,,Vukic,,,,,,,6-1 6-2,3,R64,,,,,,,,,,,,,,,,,,,
2026-miami,Miami,Hard,,M,,20260321,48,halys,,,Halys,,,,,,,davidovich-fokina,16,,Davidovich Fokina,,,,,,,7-68 6-4,3,R64,,,,,,,,,,,,,,,,,,,
2026-miami,Miami,Hard,,M,,20260321,49,majchrzak-905d8,,,Majchrzak,,,,,,,tien,20,,Tien,,,,,,,6-2 4-6 6-2,3,R64,,,,,,,,,,,,,,,,,,,
2026-miami,Miami,Hard,,M,,20260321,50,vacherot,24,,Vacherot,,,,,,,navone,,,Navone,,,,,,,6-3 6-4,3,R64,,,,,,,,,,,,,,,,,,,
2026-miami,Miami,Hard,,M,,20260321,51,landaluce-84126,,,Landaluce,,,,,,,darderi,17,,Darderi,,,,,,,6-3 64-7 6-4,3,R64,,,,,,,,,,,,,,,,,,,
2026-miami,Miami,Hard,,M,,20260321,52,lehecka,21,,Lehecka,,,,,,,kouame-d4969,,,Kouame,,,,,,,6-2 7-5,3,R64,,,,,,,,,,,,,,,,,,,
2026-miami,Miami,Hard,,M,,20260321,53,tsitsipas-b526f,,,Tsitsipas,,,,,,,de-minaur,5,,De Minaur,,,,,,,6-3 7-63,3,R64,,,,,,,,,,,,,,,,,,,
2026-miami,Miami,Hard,,M,,20260321,54,collignon,,,Collignon,,,,,,,cobolli-d6311,13,,Cobolli,,,,,,,7-5 6-3,3,R64,,,,,,,,,,,,,,,,,,,
2026-miami,Miami,Hard,,M,,20260321,55,alcaraz-5ab70,1,,Alcaraz,,,,,,,fonseca-57dc1,,,Fonseca,,,,,,,6-4 6-4,3,R64,,,,,,,,,,,,,,,,,,,
2026-miami,Miami,Hard,,M,,20260321,56,korda-2529f,32,,Korda,,,,,,,ugo-carabelli,,,Ugo Carabelli,,,,,,,6-0 6-3,3,R64,,,,,,,,,,,,,,,,,,,
2026-miami,Miami,Hard,,M,,20260321,57,fils,28,,Fils,,,,,,,blanch-748a3,,,Blanch,,,,,,,6-2 6-3,3,R64,,,,,,,,,,,,,,,,,,,
2026-miami,Miami,Hard,,M,,20260320,58,khachanov,14,,Khachanov,,,,,,,bautista-agut,,,Bautista-Agut,,,,,,,6-3 6-3,3,R64,,,,,,,,,,,,,,,,,,,
2026-miami,Miami,Hard,,M,,20260320,59,fritz-f1aa7,6,,Fritz,,,,,,,van-de-zandschulp,,,Van De Zandschulp,,,,,,,6-3 62-7 6-3,3,R64,,,,,,,,,,,,,,,,,,,
2026-miami,Miami,Hard,,M,,20260320,60,berrettini-707ad,,,Berrettini,,,,,,,bublik-43f80,10,,Bublik,,,,,,,6-4 6-4,3,R64,,,,,,,,,,,,,,,,,,,
2026-miami,Miami,Hard,,M,,20260320,61,opelka,,,Opelka,,,,,,,draper-e73d3,25,,Draper,,,,,,,7-63 7-60,3,R64,,,,,,,,,,,,,,,,,,,
2026-miami,Miami,Hard,,M,,20260320,62,paul-324c3,22,,Paul,,,,,,,mannarino-a7108,,,Mannarino,,,,,,,6-2 2-6 6-4,3,R64,,,,,,,,,,,,,,,,,,,
2026-miami,Miami,Hard,,M,,20260320,63,quinn-d0193,,,Quinn,,,,,,,ruud-dfb38,11,,Ruud,,,,,,,6-4 7-67,3,R64,,,,,,,,,,,,,,,,,,,
2026-miami,Miami,Hard,,M,,20260321,64,cazaux,,,Cazaux,,,,,,,barrios-vera,,,Barrios Vera,,,,,,,7-5 6-4,3,R128,,,,,,,,,,,,,,,,,,,
2026-miami,Miami,Hard,,M,,20260320,65,shevchenko-3bd40,,,Shevchenko,,,,,,,arnaldi,,,Arnaldi,,,,,,,7-65 65-7 6-2,3,R128,,,,,,,,,,,,,,,,,,,
2026-miami,Miami,Hard,,M,,20260320,66,diallo-dd116,,,Diallo,,,,,,,wu-9762d,,,Wu,,,,,,,6-2 7-63,3,R128,,,,,,,,,,,,,,,,,,,
2026-miami,Miami,Hard,,M,,20260320,67,walton,,,Walton,,,,,,,baez-a8fb1,,,Baez,,,,,,,6-2 6-2,3,R128,,,,,,,,,,,,,,,,,,,
2026-miami,Miami,Hard,,M,,20260320,68,fucsovics,,,Fucsovics,,,,,,,o-connell-020b8,,,O'Connell,,,,,,,7-66 6-3,3,R128,,,,,,,,,,,,,,,,,,,
2026-miami,Miami,Hard,,M,,20260320,69,sakamoto-9c9d5,,,Sakamoto,,,,,,,kovacevic-a2706,,,Kovacevic,,,,,,,6-4 3-6 7-67,3,R128,,,,,,,,,,,,,,,,,,,
2026-miami,Miami,Hard,,M,,20260320,70,atmane,,,Atmane,,,,,,,altmaier,,,Altmaier,,,,,,,6-4 6-2,3,R128,,,,,,,,,,,,,,,,,,,
2026-miami,Miami,Hard,,M,,20260320,71,tirante,,,Tirante,,,,,,,royer,,,Royer,,,,,,,7-5 69-7 7-65,3,R128,,,,,,,,,,,,,,,,,,,
2026-miami,Miami,Hard,,M,,20260320,72,michelsen-a98bb,,,Michelsen,,,,,,,bellucci-47e7e,,,Bellucci,,,,,,,6-2 6-1,3,R128,,,,,,,,,,,,,,,,,,,
2026-miami,Miami,Hard,,M,,20260319,73,halys,,,Halys,,,,,,,draxl,,,Draxl,,,,,,,64-7 6-1 6-1,3,R128,,,,,,,,,,,,,,,,,,,
2026-miami,Miami,Hard,,M,,20260319,74,tabilo,,,Tabilo,,,,,,,comesana-c17e0,,,Comesana,,,,,,,6-4 6-2,3,R128,,,,,,,,,,,,,,,,,,,
2026-miami,Miami,Hard,,M,,20260319,75,majchrzak-905d8,,,Majchrzak,,,,,,,kecmanovic,,,Kecmanovic,,,,,,,4-6 6-3 6-1,3,R128,,,,,,,,,,,,,,,,,,,
2026-miami,Miami,Hard,,M,,20260319,76,machac,,,Machac,,,,,,,nava-337db,,,Nava,,,,,,,2-6 6-4 6-1,3,R128,,,,,,,,,,,,,,,,,,,
2026-miami,Miami,Hard,,M,,20260319,77,damm-4f98a,,,Damm,,,,,,,fearnley,,,Fearnley,,,,,,,6-0,3,R128,,,,,,,,,,,,,,,,,,,
2026-miami,Miami,Hard,,M,,20260319,78,fonseca-57dc1,,,Fonseca,,,,,,,marozsan,,,Marozsan,,,,,,,6-4 3-6 6-2,3,R128,,,,,,,,,,,,,,,,,,,
2026-miami,Miami,Hard,,M,,20260319,79,cilic,,,Cilic,,,,,,,popyrin,,,Popyrin,,,,,,,6-4 6-4,3,R128,,,,,,,,,,,,,,,,,,,
2026-miami,Miami,Hard,,M,,20260319,80,dzumhur,,,Dzumhur,,,,,,,buse,,,Buse,,,,,,,66-7 7-66 6-1,3,R128,,,,,,,,,,,,,,,,,,,
2026-miami,Miami,Hard,,M,,20260319,81,collignon,,,Collignon,,,,,,,dimitrov-779bc,,,Dimitrov,,,,,,,7-63 4-6 7-66,3,R128,,,,,,,,,,,,,,,,,,,
2026-miami,Miami,Hard,,M,,20260319,82,tsitsipas-b526f,,,Tsitsipas,,,,,,,fery,,,Fery,,,,,,,6-1 7-64,3,R128,,,,,,,,,,,,,,,,,,,
2026-miami,Miami,Hard,,M,,20260319,83,opelka,,,Opelka,,,,,,,borges-8d823,,,Borges,,,,,,,66-7 6-2 7-65,3,R128,,,,,,,,,,,,,,,,,,,
2026-miami,Miami,Hard,,M,,20260319,84,berrettini-707ad,,,Berrettini,,,,,,,muller-c81bc,,,Muller,,,,,,,6-4 6-2,3,R128,,,,,,,,,,,,,,,,,,,
2026-miami,Miami,Hard,,M,,20260319,85,van-de-zandschulp,,,Van De Zandschulp,,,,,,,shapovalov,,,Shapovalov,,,,,,,7-5 6-3,3,R128,,,,,,,,,,,,,,,,,,,
2026-miami,Miami,Hard,,M,,20260319,86,ugo-carabelli,,,Ugo Carabelli,,,,,,,mpetshi-perricard,,,Mpetshi Perricard,,,,,,,2-6 6-3 7-63,3,R128,,,,,,,,,,,,,,,,,,,
2026-miami,Miami,Hard,,M,,20260319,87,landaluce-84126,,,Landaluce,,,,,,,giron-49e97,,,Giron,,,,,,,6-3 7-66,3,R128,,,,,,,,,,,,,,,,,,,
2026-miami,Miami,Hard,,M,,20260319,88,quinn-d0193,,,Quinn,,,,,,,hurkacz,,,Hurkacz,,,,,,,6-2 6-4,3,R128,,,,,,,,,,,,,,,,,,,
2026-miami,Miami,Hard,,M,,20260319,89,blanch-748a3,,,Blanch,,,,,,,struff,,,Struff,,,,,,,6-3 3-6 6-3,3,R128,,,,,,,,,,,,,,,,,,,
2026-miami,Miami,Hard,,M,,20260319,90,mannarino-a7108,,,Mannarino,,,,,,,zhang-45ae9,,,Zhang,,,,,,,6-3 6-2,3,R128,,,,,,,,,,,,,,,,,,,
2026-miami,Miami,Hard,,M,,20260319,91,bergs,,,Bergs,,,,,,,brooksby,,,Brooksby,,,,,,,7-5 6-2,3,R128,,,,,,,,,,,,,,,,,,,
2026-miami,Miami,Hard,,M,,20260319,92,bautista-agut,,,Bautista-Agut,,,,,,,duckworth,,,Duckworth,,,,,,,7-63 7-64,3,R128,,,,,,,,,,,,,,,,,,,
2026-miami,Miami,Hard,,M,,20260319,93,kouame-d4969,,,Kouame,,,,,,,svajda,,,Svajda,,,,,,,5-7 6-4 6-4,3,R128,,,,,,,,,,,,,,,,,,,
2026-miami,Miami,Hard,,M,,20260319,94,jodar,,,Jodar,,,,,,,hanfmann,,,Hanfmann,,,,,,,6-4 4-6 6-1,3,R128,,,,,,,,,,,,,,,,,,,
2026-miami,Miami,Hard,,M,,20260319,95,navone,,,Navone,,,,,,,basilashvili,,,Basilashvili,,,,,,,7-67 6-3,3,R128,,,,,,,,,,,,,,,,,,,
2026-monte-carlo,Monte Carlo,Clay,,M,,20260412,1,sinner-8b8e8,2,,Sinner,,,,,,,alcaraz-5ab70,1,,Alcaraz,,,,,,,7-65 6-3,3,F,,,,,,,,,,,,,,,,,,,
2026-monte-carlo,Monte Carlo,Clay,,M,,20260411,2,alcaraz-5ab70,1,,Alcaraz,,,,,,,vacherot,,,Vacherot,,,,,,,6-4 6-4,3,SF,,,,,,,,,,,,,,,,,,,
2026-monte-carlo,Monte Carlo,Clay,,M,,20260411,3,sinner-8b8e8,2,,Sinner,,,,,,,zverev-6f768,3,,Zverev,,,,,,,6-1 6-4,3,SF,,,,,,,,,,,,,,,,,,,
2026-monte-carlo,Monte Carlo,Clay,,M,,20260410,4,vacherot,,,Vacherot,,,,,,,de-minaur,5,,De Minaur,,,,,,,6-4 3-6 6-3,3,QF,,,,,,,,,,,,,,,,,,,
2026-monte-carlo,Monte Carlo,Clay,,M,,20260410,5,alcaraz-5ab70,1,,Alcaraz,,,,,,,bublik-43f80,8,,Bublik,,,,,,,6-3 6-0,3,QF,,,,,,,,,,,,,,,,,,,
2026-monte-carlo,Monte Carlo,Clay,,M,,20260410,6,sinner-8b8e8,2,,Sinner,,,,,,,auger-aliassime,6,,Auger Aliassime,,,,,,,6-3 6-4,3,QF,,,,,,,,,,,,,,,,,,,
2026-monte-carlo,Monte Carlo,Clay,,M,,20260410,7,zverev-6f768,3,,Zverev,,,,,,,fonseca-57dc1,,,Fonseca,,,,,,,7-5 63-7 6-3,3,QF,,,,,,,,,,,,,,,,,,,
2026-monte-carlo,Monte Carlo,Clay,,M,,20260409,8,vacherot,,,Vacherot,,,,,,,hurkacz,,,Hurkacz,,,,,,,64-7 6-3 6-4,3,R16,,,,,,,,,,,,,,,,,,,
2026-monte-carlo,Monte Carlo,Clay,,M,,20260409,9,de-minaur,5,,De Minaur,,,,,,,blockx,,,Blockx,,,,,,,7-5 7-64,3,R16,,,,,,,,,,,,,,,,,,,
2026-monte-carlo,Monte Carlo,Clay,,M,,20260409,10,alcaraz-5ab70,1,,Alcaraz,,,,,,,etcheverry-7101a,,,Etcheverry,,,,,,,6-1 4-6 6-3,3,R16,,,,,,,,,,,,,,,,,,,
2026-monte-carlo,Monte Carlo,Clay,,M,,20260409,11,bublik-43f80,8,,Bublik,,,,,,,lehecka,11,,Lehecka,,,,,,,6-2 7-5,3,R16,,,,,,,,,,,,,,,,,,,
2026-monte-carlo,Monte Carlo,Clay,,M,,20260409,12,sinner-8b8e8,2,,Sinner,,,,,,,machac,,,Machac,,,,,,,6-1 63-7 6-3,3,R16,,,,,,,,,,,,,,,,,,,
2026-monte-carlo,Monte Carlo,Clay,,M,,20260409,13,auger-aliassime,6,,Auger Aliassime,,,,,,,ruud-dfb38,9,,Ruud,,,,,,,7-5 2-2,3,R16,,,,,,,,,,,,,,,,,,,
2026-monte-carlo,Monte Carlo,Clay,,M,,20260409,14,zverev-6f768,3,,Zverev,,,,,,,bergs,,,Bergs,,,,,,,6-2 7-5,3,R16,,,,,,,,,,,,,,,,,,,
2026-monte-carlo,Monte Carlo,Clay,,M,,20260409,15,fonseca-57dc1,,,Fonseca,,,,,,,berrettini-707ad,,,Berrettini,,,,,,,6-3 6-2,3,R16,,,,,,,,,,,,,,,,,,,
2026-monte-carlo,Monte Carlo,Clay,,M,,20260408,16,hurkacz,,,Hurkacz,,,,,,,marozsan,,,Marozsan,,,,,,,6-2 6-3,3,R64,,,,,,,,,,,,,,,,,,,
2026-monte-carlo,Monte Carlo,Clay,,M,,20260408,17,vacherot,,,Vacherot,,,,,,,musetti,4,,Musetti,,,,,,,7-66 7-5,3,R64,,,,,,,,,,,,,,,,,,,
2026-monte-carlo,Monte Carlo,Clay,,M,,20260408,18,blockx,,,Blockx,,,,,,,cobolli-d6311,10,,Cobolli,,,,,,,6-3 6-3,3,R64,,,,,,,,,,,,,,,,,,,
2026-monte-carlo,Monte Carlo,Clay,,M,,20260408,19,etcheverry-7101a,,,Etcheverry,,,,,,,atmane,,,Atmane,,,,,,,3-6 6-3 6-2,3,R64,,,,,,,,,,,,,,,,,,,
2026-monte-carlo,Monte Carlo,Clay,,M,,20260408,20,ruud-dfb38,9,,Ruud,,,,,,,moutet,,,Moutet,,,,,,,7-5 6-3,3,R64,,,,,,,,,,,,,,,,,,,
2026-monte-carlo,Monte Carlo,Clay,,M,,20260408,21,auger-aliassime,6,,Auger Aliassime,,,,,,,cilic,,,Cilic,,,,,,,7-64 6-3,3,R64,,,,,,,,,,,,,,,,,,,
2026-monte-carlo,Monte Carlo,Clay,,M,,20260408,22,machac,,,Machac,,,,,,,cerundolo,16,,Cerundolo,,,,,,,7-62 6-3,3,R64,,,,,,,,,,,,,,,,,,,
2026-monte-carlo,Monte Carlo,Clay,,M,,20260408,23,fonseca-57dc1,,,Fonseca,,,,,,,rinderknech,,,Rinderknech,,,,,,,7-5 4-6 6-3,3,R64,,,,,,,,,,,,,,,,,,,
2026-monte-carlo,Monte Carlo,Clay,,M,,20260408,24,zverev-6f768,3,,Zverev,,,,,,,garin,,,Garin,,,,,,,4-6 6-4 7-5,3,R64,,,,,,,,,,,,,,,,,,,
2026-monte-carlo,Monte Carlo,Clay,,M,,20260408,25,bergs,,,Bergs,,,,,,,rublev,13,,Rublev,,,,,,,6-4 6-1,3,R64,,,,,,,,,,,,,,,,,,,
2026-monte-carlo,Monte Carlo,Clay,,M,,20260408,26,lehecka,11,,Lehecka,,,,,,,tabilo,,,Tabilo,,,,,,,4-6 7-64 6-3,3,R64,,,,,,,,,,,,,,,,,,,
2026-monte-carlo,Monte Carlo,Clay,,M,,20260408,27,berrettini-707ad,,,Berrettini,,,,,,,medvedev-e0d2d,7,,Medvedev,,,,,,,6-0 6-0,3,R64,,,,,,,,,,,,,,,,,,,
2026-monte-carlo,Monte Carlo,Clay,,M,,20260407,28,de-minaur,5,,De Minaur,,,,,,,norrie,,,Norrie,,,,,,,7-65 2-6 6-2,3,R64,,,,,,,,,,,,,,,,,,,
2026-monte-carlo,Monte Carlo,Clay,,M,,20260407,29,bublik-43f80,8,,Bublik,,,,,,,monfils,,,Monfils,,,,,,,6-4 6-4,3,R64,,,,,,,,,,,,,,,,,,,
2026-monte-carlo,Monte Carlo,Clay,,M,,20260407,30,alcaraz-5ab70,1,,Alcaraz,,,,,,,baez-a8fb1,,,Baez,,,,,,,6-1 6-3,3,R64,,,,,,,,,,,,,,,,,,,
2026-monte-carlo,Monte Carlo,Clay,,M,,20260407,31,sinner-8b8e8,2,,Sinner,,,,,,,humbert-e2553,,,Humbert,,,,,,,6-3 6-0,3,R64,,,,,,,,,,,,,,,,,,,
2026-monte-carlo,Monte Carlo,Clay,,M,,20260407,32,moutet,,,Moutet,,,,,,,muller-c81bc,,,Muller,,,,,,,6-4 6-1,3,R128,,,,,,,,,,,,,,,,,,,
2026-monte-carlo,Monte Carlo,Clay,,M,,20260407,33,ruud-dfb38,9,,Ruud,,,,,,,popyrin,,,Popyrin,,,,,,,6-3 6-4,3,R128,,,,,,,,,,,,,,,,,,,
2026-monte-carlo,Monte Carlo,Clay,,M,,20260407,34,atmane,,,Atmane,,,,,,,quinn-d0193,,,Quinn,,,,,,,6-1 6-4,3,R128,,,,,,,,,,,,,,,,,,,
2026-monte-carlo,Monte Carlo,Clay,,M,,20260407,35,marozsan,,,Marozsan,,,,,,,dzumhur,,,Dzumhur,,,,,,,6-2 6-1,3,R128,,,,,,,,,,,,,,,,,,,
2026-monte-carlo,Monte Carlo,Clay,,M,,20260407,36,cilic,,,Cilic,,,,,,,shevchenko-3bd40,,,Shevchenko,,,,,,,6-1 6-3,3,R128,,,,,,,,,,,,,,,,,,,
2026-monte-carlo,Monte Carlo,Clay,,M,,20260407,37,etcheverry-7101a,,,Etcheverry,,,,,,,dimitrov-779bc,,,Dimitrov,,,,,,,6-4 2-6 6-3,3,R128,,,,,,,,,,,,,,,,,,,
2026-monte-carlo,Monte Carlo,Clay,,M,,20260407,38,hurkacz,,,Hurkacz,,,,,,,darderi,15,,Darderi,,,,,,,7-64 5-7 6-1,3,R128,,,,,,,,,,,,,,,,,,,
2026-monte-carlo,Monte Carlo,Clay,,M,,20260407,39,berrettini-707ad,,,Berrettini,,,,,,,bautista-agut,,,Bautista-Agut,,,,,,,4-0,3,R128,,,,,,,,,,,,,,,,,,,
2026-monte-carlo,Monte Carlo,Clay,,M,,20260406,40,cobolli-d6311,10,,Cobolli,,,,,,,comesana-c17e0,,,Comesana,,,,,,,7-5 2-6 6-3,3,R128,,,,,,,,,,,,,,,,,,,
2026-monte-carlo,Monte Carlo,Clay,,M,,20260406,41,vacherot,,,Vacherot,,,,,,,cerundolo-08df6,,,Cerundolo,,,,,,,5-7 6-2 6-1,3,R128,,,,,,,,,,,,,,,,,,,
2026-monte-carlo,Monte Carlo,Clay,,M,,20260406,42,fonseca-57dc1,,,Fonseca,,,,,,,diallo-dd116,,,Diallo,,,,,,,6-2 6-3,3,R128,,,,,,,,,,,,,,,,,,,
2026-monte-carlo,Monte Carlo,Clay,,M,,20260406,43,blockx,,,Blockx,,,,,,,shapovalov,,,Shapovalov,,,,,,,6-4 4-6 6-3,3,R128,,,,,,,,,,,,,,,,,,,
2026-monte-carlo,Monte Carlo,Clay,,M,,20260406,44,machac,,,Machac,,,,,,,altmaier,,,Altmaier,,,,,,,6-4 1-6 6-3,3,R128,,,,,,,,,,,,,,,,,,,
2026-monte-carlo,Monte Carlo,Clay,,M,,20260406,45,cerundolo,16,,Cerundolo,,,,,,,tsitsipas-b526f,,,Tsitsipas,,,,,,,7-5 6-4,3,R128,,,,,,,,,,,,,,,,,,,
2026-monte-carlo,Monte Carlo,Clay,,M,,20260406,46,garin,,,Garin,,,,,,,arnaldi,,,Arnaldi,,,,,,,6-2 6-4,3,R128,,,,,,,,,,,,,,,,,,,
2026-monte-carlo,Monte Carlo,Clay,,M,,20260406,47,baez-a8fb1,,,Baez,,,,,,,wawrinka-ffdb9,,,Wawrinka,,,,,,,7-5 7-5,3,R128,,,,,,,,,,,,,,,,,,,
2026-monte-carlo,Monte Carlo,Clay,,M,,20260406,48,lehecka,11,,Lehecka,,,,,,,nava-337db,,,Nava,,,,,,,7-61 68-7 6-2,3,R128,,,,,,,,,,,,,,,,,,,
2026-monte-carlo,Monte Carlo,Clay,,M,,20260406,49,bergs,,,Bergs,,,,,,,mannarino-a7108,,,Mannarino,,,,,,,6-4 6-3,3,R128,,,,,,,,,,,,,,,,,,,
2026-monte-carlo,Monte Carlo,Clay,,M,,20260406,50,rinderknech,,,Rinderknech,,,,,,,khachanov,12,,Khachanov,,,,,,,7-5 6-2,3,R128,,,,,,,,,,,,,,,,,,,
2026-monte-carlo,Monte Carlo,Clay,,M,,20260406,51,rublev,13,,Rublev,,,,,,,borges-8d823,,,Borges,,,,,,,6-4 1-6 6-1,3,R128,,,,,,,,,,,,,,,,,,,
2026-monte-carlo,Monte Carlo,Clay,,M,,20260405,52,humbert-e2553,,,Humbert,,,,,,,kouame-d4969,,,Kouame,,,,,,,6-3 7-5,3,R128,,,,,,,,,,,,,,,,,,,
2026-monte-carlo,Monte Carlo,Clay,,M,,20260405,53,tabilo,,,Tabilo,,,,,,,fucsovics,,,Fucsovics,,,,,,,6-4 6-3,3,R128,,,,,,,,,,,,,,,,,,,
2026-monte-carlo,Monte Carlo,Clay,,M,,20260405,54,monfils,,,Monfils,,,,,,,griekspoor-d58ed,,,Griekspoor,,,,,,,67-7 6-1 6-4,3,R128,,,,,,,,,,,,,,,,,,,
2026-monte-carlo,Monte Carlo,Clay,,M,,20260405,55,norrie,,,Norrie,,,,,,,kecmanovic,,,Kecmanovic,,,,,,,6-2 4-6 7-60,3,R128,,,,,,,,,,,,,,,,,,,
2026-madrid,Madrid,Clay,,M,,20260503,1,sinner-8b8e8,1,,Sinner,,,,,,,zverev-6f768,2,,Zverev,,,,,,,6-1 6-2,3,F,,,,,,,,,,,,,,,,,,,
2026-madrid,Madrid,Clay,,M,,20260501,2,zverev-6f768,2,,Zverev,,,,,,,blockx,,,Blockx,,,,,,,6-2 7-5,3,SF,,,,,,,,,,,,,,,,,,,
2026-madrid,Madrid,Clay,,M,,20260501,3,sinner-8b8e8,1,,Sinner,,,,,,,fils,21,,Fils,,,,,,,6-2 6-4,3,SF,,,,,,,,,,,,,,,,,,,
2026-madrid,Madrid,Clay,,M,,20260430,4,zverev-6f768,2,,Zverev,,,,,,,cobolli-d6311,10,,Cobolli,,,,,,,6-1 6-4,3,QF,,,,,,,,,,,,,,,,,,,
2026-madrid,Madrid,Clay,,M,,20260430,5,blockx,,,Blockx,,,,,,,ruud-dfb38,12,,Ruud,,,,,,,6-4 6-4,3,QF,,,,,,,,,,,,,,,,,,,
2026-madrid,Madrid,Clay,,M,,20260429,6,fils,21,,Fils,,,,,,,lehecka,11,,Lehecka,,,,,,,6-3 6-4,3,QF,,,,,,,,,,,,,,,,,,,
2026-madrid,Madrid,Clay,,M,,20260429,7,sinner-8b8e8,1,,Sinner,,,,,,,jodar,,,Jodar,,,,,,,6-2 7-60,3,QF,,,,,,,,,,,,,,,,,,,
2026-madrid,Madrid,Clay,,M,,20260428,8,zverev-6f768,2,,Zverev,,,,,,,mensik,23,,Mensik,,,,,,,6-4 64-7 6-3,3,R16,,,,,,,,,,,,,,,,,,,
2026-madrid,Madrid,Clay,,M,,20260428,9,cobolli-d6311,10,,Cobolli,,,,,,,medvedev-e0d2d,7,,Medvedev,,,,,,,6-3 5-7 6-4,3,R16,,,,,,,,,,,,,,,,,,,
2026-madrid,Madrid,Clay,,M,,20260428,10,blockx,,,Blockx,,,,,,,cerundolo,16,,Cerundolo,,,,,,,7-68 6-2,3,R16,,,,,,,,,,,,,,,,,,,
2026-madrid,Madrid,Clay,,M,,20260428,11,jodar,,,Jodar,,,,,,,kopriva,,,Kopriva,,,,,,,7-5 6-0,3,R16,,,,,,,,,,,,,,,,,,,
2026-madrid,Madrid,Clay,,M,,20260428,12,ruud-dfb38,12,,Ruud,,,,,,,tsitsipas-b526f,,,Tsitsipas,,,,,,,64-7 7-62 7-63,3,R16,,,,,,,,,,,,,,,,,,,
2026-madrid,Madrid,Clay,,M,,20260428,13,lehecka,11,,Lehecka,,,,,,,musetti,6,,Musetti,,,,,,,6-3 6-3,3,R16,,,,,,,,,,,,,,,,,,,
2026-madrid,Madrid,Clay,,M,,20260428,14,sinner-8b8e8,1,,Sinner,,,,,,,norrie,19,,Norrie,,,,,,,6-2 7-5,3,R16,,,,,,,,,,,,,,,,,,,
2026-madrid,Madrid,Clay,,M,,20260428,15,fils,21,,Fils,,,,,,,etcheverry-7101a,25,,Etcheverry,,,,,,,6-3 6-4,3,R16,,,,,,,,,,,,,,,,,,,
2026-madrid,Madrid,Clay,,M,,20260427,16,mensik,23,,Mensik,,,,,,,khachanov,13,,Khachanov,,,,,,,6-4 7-611,3,R32,,,,,,,,,,,,,,,,,,,
2026-madrid,Madrid,Clay,,M,,20260427,17,zverev-6f768,2,,Zverev,,,,,,,atmane,,,Atmane,,,,,,,6-3 7-62,3,R32,,,,,,,,,,,,,,,,,,,
2026-madrid,Madrid,Clay,,M,,20260427,18,cobolli-d6311,10,,Cobolli,,,,,,,vallejo-d7859,,,Vallejo,,,,,,,6-3 6-2,3,R32,,,,,,,,,,,,,,,,,,,
2026-madrid,Madrid,Clay,,M,,20260427,19,blockx,,,Blockx,,,,,,,auger-aliassime,3,,Auger Aliassime,,,,,,,7-63 6-3,3,R32,,,,,,,,,,,,,,,,,,,
2026-madrid,Madrid,Clay,,M,,20260427,20,medvedev-e0d2d,7,,Medvedev,,,,,,,budkov-kjaer,,,Budkov Kjaer,,,,,,,6-3 6-2,3,R32,,,,,,,,,,,,,,,,,,,
2026-madrid,Madrid,Clay,,M,,20260427,21,cerundolo,16,,Cerundolo,,,,,,,darderi,18,,Darderi,,,,,,,6-2 6-3,3,R32,,,,,,,,,,,,,,,,,,,
2026-madrid,Madrid,Clay,,M,,20260427,22,tsitsipas-b526f,,,Tsitsipas,,,,,,,merida-aguilar,,,Merida Aguilar,,,,,,,6-4 6-2,3,R32,,,,,,,,,,,,,,,,,,,
2026-madrid,Madrid,Clay,,M,,20260427,23,ruud-dfb38,12,,Ruud,,,,,,,davidovich-fokina,20,,Davidovich Fokina,,,,,,,6-3 6-1,3,R32,,,,,,,,,,,,,,,,,,,
2026-madrid,Madrid,Clay,,M,,20260426,24,jodar,,,Jodar,,,,,,,fonseca-57dc1,27,,Fonseca,,,,,,,7-64 4-6 6-1,3,R32,,,,,,,,,,,,,,,,,,,
2026-madrid,Madrid,Clay,,M,,20260426,25,kopriva,,,Kopriva,,,,,,,rinderknech,22,,Rinderknech,,,,,,,6-4 3-6,3,R32,,,,,,,,,,,,,,,,,,,
2026-madrid,Madrid,Clay,,M,,20260426,26,norrie,19,,Norrie,,,,,,,tirante,,,Tirante,,,,,,,7-5 7-65,3,R32,,,,,,,,,,,,,,,,,,,
2026-madrid,Madrid,Clay,,M,,20260426,27,fils,21,,Fils,,,,,,,nava-337db,,,Nava,,,,,,,7-62 6-3,3,R32,,,,,,,,,,,,,,,,,,,
2026-madrid,Madrid,Clay,,M,,20260426,28,sinner-8b8e8,1,,Sinner,,,,,,,moller-6ea06,,,Moller,,,,,,,6-2 6-3,3,R32,,,,,,,,,,,,,,,,,,,
2026-madrid,Madrid,Clay,,M,,20260426,29,etcheverry-7101a,25,,Etcheverry,,,,,,,prizmic,,,Prizmic,,,,,,,2-6 6-4 6-3,3,R32,,,,,,,,,,,,,,,,,,,
2026-madrid,Madrid,Clay,,M,,20260426,30,musetti,6,,Musetti,,,,,,,griekspoor-d58ed,29,,Griekspoor,,,,,,,6-4 7-5,3,R32,,,,,,,,,,,,,,,,,,,
2026-madrid,Madrid,Clay,,M,,20260426,31,lehecka,11,,Lehecka,,,,,,,michelsen-a98bb,33,,Michelsen,,,,,,,6-4 6-2,3,R32,,,,,,,,,,,,,,,,,,,
2026-madrid,Madrid,Clay,,M,,20260425,32,tsitsipas-b526f,,,Tsitsipas,,,,,,,bublik-43f80,8,,Bublik,,,,,,,6-2 7-5,3,R64,,,,,,,,,,,,,,,,,,,
2026-madrid,Madrid,Clay,,M,,20260425,33,budkov-kjaer,,,Budkov Kjaer,,,,,,,shapovalov,31,,Shapovalov,,,,,,,6-2 6-1,3,R64,,,,,,,,,,,,,,,,,,,
2026-madrid,Madrid,Clay,,M,,20260425,34,merida-aguilar,,,Merida Aguilar,,,,,,,moutet,26,,Moutet,,,,,,,6-3 6-4,3,R64,,,,,,,,,,,,,,,,,,,
2026-madrid,Madrid,Clay,,M,,20260425,35,medvedev-e0d2d,7,,Medvedev,,,,,,,marozsan,,,Marozsan,,,,,,,6-2 63-7 6-4,3,R64,,,,,,,,,,,,,,,,,,,
2026-madrid,Madrid,Clay,,M,,20260425,36,vallejo-d7859,,,Vallejo,,,,,,,tien,17,,Tien,,,,,,,6-4 6-3,3,R64,,,,,,,,,,,,,,,,,,,
2026-madrid,Madrid,Clay,,M,,20260425,37,cobolli-d6311,10,,Cobolli,,,,,,,ugo-carabelli,,,Ugo Carabelli,,,,,,,67-7 6-1 6-4,3,R64,,,,,,,,,,,,,,,,,,,
2026-madrid,Madrid,Clay,,M,,20260425,38,zverev-6f768,2,,Zverev,,,,,,,navone,,,Navone,,,,,,,6-1 3-6 6-3,3,R64,,,,,,,,,,,,,,,,,,,
2026-madrid,Madrid,Clay,,M,,20260425,39,auger-aliassime,3,,Auger Aliassime,,,,,,,gaubas,,,Gaubas,,,,,,,6-3 6-4,3,R64,,,,,,,,,,,,,,,,,,,
2026-madrid,Madrid,Clay,,M,,20260425,40,atmane,,,Atmane,,,,,,,humbert-e2553,30,,Humbert,,,,,,,7-63 7-65,3,R64,,,,,,,,,,,,,,,,,,,
2026-madrid,Madrid,Clay,,M,,20260425,41,blockx,,,Blockx,,,,,,,nakashima-68876,28,,Nakashima,,,,,,,3-6 6-3 6-4,3,R64,,,,,,,,,,,,,,,,,,,
2026-madrid,Madrid,Clay,,M,,20260425,42,ruud-dfb38,12,,Ruud,,,,,,,munar-d1298,,,Munar,,,,,,,6-0 6-1,3,R64,,,,,,,,,,,,,,,,,,,
2026-madrid,Madrid,Clay,,M,,20260425,43,mensik,23,,Mensik,,,,,,,damm-4f98a,,,Damm,,,,,,,6-3 6-4,3,R64,,,,,,,,,,,,,,,,,,,
2026-madrid,Madrid,Clay,,M,,20260425,44,darderi,18,,Darderi,,,,,,,cerundolo-08df6,,,Cerundolo,,,,,,,6-1 6-3,3,R64,,,,,,,,,,,,,,,,,,,
2026-madrid,Madrid,Clay,,M,,20260425,45,cerundolo,16,,Cerundolo,,,,,,,hanfmann,,,Hanfmann,,,,,,,6-1 7-5,3,R64,,,,,,,,,,,,,,,,,,,
2026-madrid,Madrid,Clay,,M,,20260425,46,khachanov,13,,Khachanov,,,,,,,walton,,,Walton,,,,,,,6-2 6-3,3,R64,,,,,,,,,,,,,,,,,,,
2026-madrid,Madrid,Clay,,M,,20260425,47,davidovich-fokina,20,,Davidovich Fokina,,,,,,,carreno-busta,,,Carreno-Busta,,,,,,,6-3 6-3,3,R64,,,,,,,,,,,,,,,,,,,
2026-madrid,Madrid,Clay,,M,,20260424,48,tirante,,,Tirante,,,,,,,paul-324c3,15,,Paul,,,,,,,7-5 6-4,3,R64,,,,,,,,,,,,,,,,,,,
2026-madrid,Madrid,Clay,,M,,20260424,49,jodar,,,Jodar,,,,,,,de-minaur,5,,De Minaur,,,,,,,6-3 6-1,3,R64,,,,,,,,,,,,,,,,,,,
2026-madrid,Madrid,Clay,,M,,20260424,50,norrie,19,,Norrie,,,,,,,machac,,,Machac,,,,,,,6-2 66-7 7-65,3,R64,,,,,,,,,,,,,,,,,,,
2026-madrid,Madrid,Clay,,M,,20260424,51,kopriva,,,Kopriva,,,,,,,rublev,9,,Rublev,,,,,,,6-3 6-4,3,R64,,,,,,,,,,,,,,,,,,,
2026-madrid,Madrid,Clay,,M,,20260424,52,etcheverry-7101a,25,,Etcheverry,,,,,,,ofner-44428,,,Ofner,,,,,,,6-4 6-4,3,R64,,,,,,,,,,,,,,,,,,,
2026-madrid,Madrid,Clay,,M,,20260424,53,sinner-8b8e8,1,,Sinner,,,,,,,bonzi-a38fa,,,Bonzi,,,,,,,66-7 6-1 6-4,3,R64,,,,,,,,,,,,,,,,,,,
2026-madrid,Madrid,Clay,,M,,20260424,54,fils,21,,Fils,,,,,,,buse,,,Buse,,,,,,,64-7 7-63 7-5,3,R64,,,,,,,,,,,,,,,,,,,
2026-madrid,Madrid,Clay,,M,,20260424,55,lehecka,11,,Lehecka,,,,,,,tabilo,,,Tabilo,,,,,,,3-6 7-63 6-4,3,R64,,,,,,,,,,,,,,,,,,,
2026-madrid,Madrid,Clay,,M,,20260424,56,prizmic,,,Prizmic,,,,,,,shelton-38989,4,,Shelton,,,,,,,6-4 64-7 7-65,3,R64,,,,,,,,,,,,,,,,,,,
2026-madrid,Madrid,Clay,,M,,20260424,57,moller-6ea06,,,Moller,,,,,,,diallo-dd116,32,,Diallo,,,,,,,7-5 3-3,3,R64,,,,,,,,,,,,,,,,,,,
2026-madrid,Madrid,Clay,,M,,20260424,58,rinderknech,22,,Rinderknech,,,,,,,lajovic,,,Lajovic,,,,,,,6-3 6-2,3,R64,,,,,,,,,,,,,,,,,,,
2026-madrid,Madrid,Clay,,M,,20260424,59,nava-337db,,,Nava,,,,,,,vacherot,14,,Vacherot,,,,,,,65-7 7-61 6-3,3,R64,,,,,,,,,,,,,,,,,,,
2026-madrid,Madrid,Clay,,M,,20260424,60,griekspoor-d58ed,29,,Griekspoor,,,,,,,dzumhur,,,Dzumhur,,,,,,,6-3 6-4,3,R64,,,,,,,,,,,,,,,,,,,
2026-madrid,Madrid,Clay,,M,,20260424,61,musetti,6,,Musetti,,,,,,,hurkacz,,,Hurkacz,,,,,,,6-4 7-64,3,R64,,,,,,,,,,,,,,,,,,,
2026-madrid,Madrid,Clay,,M,,20260424,62,michelsen-a98bb,33,,Michelsen,,,,,,,struff,,,Struff,,,,,,,6-2 6-1,3,R64,,,,,,,,,,,,,,,,,,,
2026-madrid,Madrid,Clay,,M,,20260423,63,budkov-kjaer,,,Budkov Kjaer,,,,,,,opelka,,,Opelka,,,,,,,5-3,3,R128,,,,,,,,,,,,,,,,,,,
2026-madrid,Madrid,Clay,,M,,20260423,64,walton,,,Walton,,,,,,,landaluce-84126,,,Landaluce,,,,,,,6-2 6-3,3,R128,,,,,,,,,,,,,,,,,,,
2026-madrid,Madrid,Clay,,M,,20260423,65,merida-aguilar,,,Merida Aguilar,,,,,,,trungelliti,,,Trungelliti,,,,,,,6-4 1-6 7-66,3,R128,,,,,,,,,,,,,,,,,,,
2026-madrid,Madrid,Clay,,M,,20260423,66,cerundolo-08df6,,,Cerundolo,,,,,,,altmaier,,,Altmaier,,,,,,,6-4 6-4,3,R128,,,,,,,,,,,,,,,,,,,
2026-madrid,Madrid,Clay,,M,,20260423,67,ugo-carabelli,,,Ugo Carabelli,,,,,,,monfils,,,Monfils,,,,,,,6-3 6-4,3,R128,,,,,,,,,,,,,,,,,,,
2026-madrid,Madrid,Clay,,M,,20260423,68,gaubas,,,Gaubas,,,,,,,baez-a8fb1,,,Baez,,,,,,,7-5 6-1,3,R128,,,,,,,,,,,,,,,,,,,
2026-madrid,Madrid,Clay,,M,,20260423,69,tsitsipas-b526f,,,Tsitsipas,,,,,,,kypson,,,Kypson,,,,,,,3-6 7-66 7-64,3,R128,,,,,,,,,,,,,,,,,,,
2026-madrid,Madrid,Clay,,M,,20260423,70,vallejo-d7859,,,Vallejo,,,,,,,dimitrov-779bc,,,Dimitrov,,,,,,,6-4 6-4,3,R128,,,,,,,,,,,,,,,,,,,
2026-madrid,Madrid,Clay,,M,,20260423,71,damm-4f98a,,,Damm,,,,,,,popyrin,,,Popyrin,,,,,,,7-67 6-4,3,R128,,,,,,,,,,,,,,,,,,,
2026-madrid,Madrid,Clay,,M,,20260423,72,navone,,,Navone,,,,,,,borges-8d823,,,Borges,,,,,,,6-3 6-4,3,R128,,,,,,,,,,,,,,,,,,,
2026-madrid,Madrid,Clay,,M,,20260423,73,munar-d1298,,,Munar,,,,,,,shevchenko-3bd40,,,Shevchenko,,,,,,,6-4 6-1,3,R128,,,,,,,,,,,,,,,,,,,
2026-madrid,Madrid,Clay,,M,,20260423,74,marozsan,,,Marozsan,,,,,,,quinn-d0193,,,Quinn,,,,,,,7-65 7-66,3,R128,,,,,,,,,,,,,,,,,,,
2026-madrid,Madrid,Clay,,M,,20260423,75,carreno-busta,,,Carreno-Busta,,,,,,,fucsovics,,,Fucsovics,,,,,,,4-6 7-65 6-2,3,R128,,,,,,,,,,,,,,,,,,,
2026-madrid,Madrid,Clay,,M,,20260423,76,hanfmann,,,Hanfmann,,,,,,,giron-49e97,,,Giron,,,,,,,6-4 63-7 7-5,3,R128,,,,,,,,,,,,,,,,,,,
2026-madrid,Madrid,Clay,,M,,20260423,77,atmane,,,Atmane,,,,,,,kecmanovic,,,Kecmanovic,,,,,,,6-4 7-5,3,R128,,,,,,,,,,,,,,,,,,,
2026-madrid,Madrid,Clay,,M,,20260423,78,blockx,,,Blockx,,,,,,,garin,,,Garin,,,,,,,4-6 7-5 7-5,3,R128,,,,,,,,,,,,,,,,,,,
2026-madrid,Madrid,Clay,,M,,20260422,79,tabilo,,,Tabilo,,,,,,,royer,,,Royer,,,,,,,6-2 6-4,3,R128,,,,,,,,,,,,,,,,,,,
2026-madrid,Madrid,Clay,,M,,20260422,80,jodar,,,Jodar,,,,,,,de-jong-57322,,,De Jong,,,,,,,2-6 7-5 6-4,3,R128,,,,,,,,,,,,,,,,,,,
2026-madrid,Madrid,Clay,,M,,20260422,81,machac,,,Machac,,,,,,,comesana-c17e0,,,Comesana,,,,,,,3-6 7-63 6-3,3,R128,,,,,,,,,,,,,,,,,,,
2026-madrid,Madrid,Clay,,M,,20260422,82,bonzi-a38fa,,,Bonzi,,,,,,,droguet,,,Droguet,,,,,,,64-7 7-64 6-4,3,R128,,,,,,,,,,,,,,,,,,,
2026-madrid,Madrid,Clay,,M,,20260422,83,hurkacz,,,Hurkacz,,,,,,,faria-4754c,,,Faria,,,,,,,6-3 6-3,3,R128,,,,,,,,,,,,,,,,,,,
2026-madrid,Madrid,Clay,,M,,20260422,84,moller-6ea06,,,Moller,,,,,,,cina,,,Cina,,,,,,,6-4 7-64,3,R128,,,,,,,,,,,,,,,,,,,
2026-madrid,Madrid,Clay,,M,,20260422,85,tirante,,,Tirante,,,,,,,bautista-agut,,,Bautista-Agut,,,,,,,6-2 6-4,3,R128,,,,,,,,,,,,,,,,,,,
2026-madrid,Madrid,Clay,,M,,20260422,86,ofner-44428,,,Ofner,,,,,,,basilashvili,,,Basilashvili,,,,,,,7-65 7-60,3,R128,,,,,,,,,,,,,,,,,,,
2026-madrid,Madrid,Clay,,M,,20260422,87,lajovic,,,Lajovic,,,,,,,sonego,,,Sonego,,,,,,,6-3 7-61,3,R128,,,,,,,,,,,,,,,,,,,
2026-madrid,Madrid,Clay,,M,,20260422,88,struff,,,Struff,,,,,,,muller-c81bc,,,Muller,,,,,,,7-63 6-0,3,R128,,,,,,,,,,,,,,,,,,,
2026-madrid,Madrid,Clay,,M,,20260422,89,prizmic,,,Prizmic,,,,,,,berrettini-707ad,,,Berrettini,,,,,,,6-3 6-4,3,R128,,,,,,,,,,,,,,,,,,,
2026-madrid,Madrid,Clay,,M,,20260422,90,dzumhur,,,Dzumhur,,,,,,,bellucci-47e7e,,,Bellucci,,,,,,,6-2 6-4,3,R128,,,,,,,,,,,,,,,,,,,
2026-madrid,Madrid,Clay,,M,,20260422,91,buse,,,Buse,,,,,,,mannarino-a7108,,,Mannarino,,,,,,,6-4 6-2,3,R128,,,,,,,,,,,,,,,,,,,
2026-madrid,Madrid,Clay,,M,,20260422,92,kopriva,,,Kopriva,,,,,,,zhang-45ae9,,,Zhang,,,,,,,6-2 6-0,3,R128,,,,,,,,,,,,,,,,,,,
2026-madrid,Madrid,Clay,,M,,20260422,93,cilic,,,Cilic,,,,,,,bergs,,,Bergs,,,,,,,4-6 6-3 6-4,3,R128,,,,,,,,,,,,,,,,,,,
2026-madrid,Madrid,Clay,,M,,20260422,94,nava-337db,,,Nava,,,,,,,brooksby,,,Brooksby,,,,,,,6-3 7-5,3,R128,,,,,,,,,,,,,,,,,,,
2026-rome,Rome,Clay,,M,,20260517,1,sinner-8b8e8,1,,Sinner,,,,,,,ruud-dfb38,23,,Ruud,,,,,,,6-4 6-4,3,F,,,,,,,,,,,,,,,,,,,
2026-rome,Rome,Clay,,M,,20260516,2,sinner-8b8e8,1,,Sinner,,,,,,,medvedev-e0d2d,7,,Medvedev,,,,,,,6-2 5-7 6-4,3,SF,,,,,,,,,,,,,,,,,,,
2026-rome,Rome,Clay,,M,,20260515,3,ruud-dfb38,23,,Ruud,,,,,,,darderi,18,,Darderi,,,,,,,6-1 6-1,3,SF,,,,,,,,,,,,,,,,,,,
2026-rome,Rome,Clay,,M,,20260514,4,medvedev-e0d2d,7,,Medvedev,,,,,,,landaluce-84126,,,Landaluce,,,,,,,1-6 6-4 7-5,3,QF,,,,,,,,,,,,,,,,,,,
2026-rome,Rome,Clay,,M,,20260514,5,sinner-8b8e8,1,,Sinner,,,,,,,rublev,12,,Rublev,,,,,,,6-2 6-4,3,QF,,,,,,,,,,,,,,,,,,,
2026-rome,Rome,Clay,,M,,20260513,6,darderi,18,,Darderi,,,,,,,jodar,32,,Jodar,,,,,,,7-65 5-7 6-0,3,QF,,,,,,,,,,,,,,,,,,,
2026-rome,Rome,Clay,,M,,20260513,7,ruud-dfb38,23,,Ruud,,,,,,,khachanov,13,,Khachanov,,,,,,,6-1 1-6 6-2,3,QF,,,,,,,,,,,,,,,,,,,
2026-rome,Rome,Clay,,M,,20260512,8,medvedev-e0d2d,7,,Medvedev,,,,,,,tirante,,,Tirante,,,,,,,6-3 6-2,3,R16,,,,,,,,,,,,,,,,,,,
2026-rome,Rome,Clay,,M,,20260512,9,landaluce-84126,,,Landaluce,,,,,,,medjedovic,,,Medjedovic,,,,,,,7-5 6-4,3,R16,,,,,,,,,,,,,,,,,,,
2026-rome,Rome,Clay,,M,,20260512,10,rublev,12,,Rublev,,,,,,,basilashvili,,,Basilashvili,,,,,,,3-6 7-65 6-2,3,R16,,,,,,,,,,,,,,,,,,,
2026-rome,Rome,Clay,,M,,20260512,11,sinner-8b8e8,1,,Sinner,,,,,,,pellegrino-fd654,,,Pellegrino,,,,,,,6-2 6-3,3,R16,,,,,,,,,,,,,,,,,,,
2026-rome,Rome,Clay,,M,,20260512,12,darderi,18,,Darderi,,,,,,,zverev-6f768,2,,Zverev,,,,,,,1-6 7-610 6-0,3,R16,,,,,,,,,,,,,,,,,,,
2026-rome,Rome,Clay,,M,,20260512,13,jodar,32,,Jodar,,,,,,,tien,19,,Tien,,,,,,,6-1 6-4,3,R16,,,,,,,,,,,,,,,,,,,
2026-rome,Rome,Clay,,M,,20260512,14,ruud-dfb38,23,,Ruud,,,,,,,musetti,8,,Musetti,,,,,,,6-3 6-1,3,R16,,,,,,,,,,,,,,,,,,,
2026-rome,Rome,Clay,,M,,20260512,15,khachanov,13,,Khachanov,,,,,,,prizmic,,,Prizmic,,,,,,,6-1 7-62,3,R16,,,,,,,,,,,,,,,,,,,
2026-rome,Rome,Clay,,M,,20260511,16,tirante,,,Tirante,,,,,,,cobolli-d6311,10,,Cobolli,,,,,,,6-3 6-4,3,R32,,,,,,,,,,,,,,,,,,,
2026-rome,Rome,Clay,,M,,20260511,17,medvedev-e0d2d,7,,Medvedev,,,,,,,llamas-ruiz,,,Llamas Ruiz,,,,,,,3-6 6-4 6-2,3,R32,,,,,,,,,,,,,,,,,,,
2026-rome,Rome,Clay,,M,,20260511,18,sinner-8b8e8,1,,Sinner,,,,,,,popyrin,,,Popyrin,,,,,,,6-2 6-0,3,R32,,,,,,,,,,,,,,,,,,,
2026-rome,Rome,Clay,,M,,20260511,19,medjedovic,,,Medjedovic,,,,,,,navone,,,Navone,,,,,,,4-6 6-3 6-4,3,R32,,,,,,,,,,,,,,,,,,,
2026-rome,Rome,Clay,,M,,20260511,20,pellegrino-fd654,,,Pellegrino,,,,,,,tiafoe,20,,Tiafoe,,,,,,,7-68 6-1,3,R32,,,,,,,,,,,,,,,,,,,
2026-rome,Rome,Clay,,M,,20260511,21,basilashvili,,,Basilashvili,,,,,,,nakashima-68876,30,,Nakashima,,,,,,,7-65 6-4,3,R32,,,,,,,,,,,,,,,,,,,
2026-rome,Rome,Clay,,M,,20260511,22,landaluce-84126,,,Landaluce,,,,,,,bellucci-47e7e,,,Bellucci,,,,,,,6-4 6-3,3,R32,,,,,,,,,,,,,,,,,,,
2026-rome,Rome,Clay,,M,,20260511,23,rublev,12,,Rublev,,,,,,,davidovich-fokina,21,,Davidovich Fokina,,,,,,,6-4 6-4,3,R32,,,,,,,,,,,,,,,,,,,
2026-rome,Rome,Clay,,M,,20260510,24,jodar,32,,Jodar,,,,,,,arnaldi,,,Arnaldi,,,,,,,6-1 4-6 6-3,3,R32,,,,,,,,,,,,,,,,,,,
2026-rome,Rome,Clay,,M,,20260510,25,darderi,18,,Darderi,,,,,,,paul-324c3,16,,Paul,,,,,,,3-6 6-3 6-2,3,R32,,,,,,,,,,,,,,,,,,,
2026-rome,Rome,Clay,,M,,20260510,26,tien,19,,Tien,,,,,,,bublik-43f80,9,,Bublik,,,,,,,4-6 6-3 7-5,3,R32,,,,,,,,,,,,,,,,,,,
2026-rome,Rome,Clay,,M,,20260510,27,musetti,8,,Musetti,,,,,,,cerundolo,25,,Cerundolo,,,,,,,7-67 6-4,3,R32,,,,,,,,,,,,,,,,,,,
2026-rome,Rome,Clay,,M,,20260510,28,khachanov,13,,Khachanov,,,,,,,van-de-zandschulp,,,Van De Zandschulp,,,,,,,5-7 6-4 6-4,3,R32,,,,,,,,,,,,,,,,,,,
2026-rome,Rome,Clay,,M,,20260510,29,prizmic,,,Prizmic,,,,,,,humbert-e2553,31,,Humbert,,,,,,,6-1 7-5,3,R32,,,,,,,,,,,,,,,,,,,
2026-rome,Rome,Clay,,M,,20260510,30,zverev-6f768,2,,Zverev,,,,,,,blockx,,,Blockx,,,,,,,6-1 6-4,3,R32,,,,,,,,,,,,,,,,,,,
2026-rome,Rome,Clay,,M,,20260510,31,ruud-dfb38,23,,Ruud,,,,,,,lehecka,11,,Lehecka,,,,,,,6-3 6-4,3,R32,,,,,,,,,,,,,,,,,,,
2026-rome,Rome,Clay,,M,,20260509,32,popyrin,,,Popyrin,,,,,,,mensik,26,,Mensik,,,,,,,6-3 2-6 6-4,3,R64,,,,,,,,,,,,,,,,,,,
2026-rome,Rome,Clay,,M,,20260509,33,pellegrino-fd654,,,Pellegrino,,,,,,,fils,15,,Fils,,,,,,,4-0,3,R64,,,,,,,,,,,,,,,,,,,
2026-rome,Rome,Clay,,M,,20260509,34,medjedovic,,,Medjedovic,,,,,,,fonseca-57dc1,27,,Fonseca,,,,,,,3-6 6-3 7-61,3,R64,,,,,,,,,,,,,,,,,,,
2026-rome,Rome,Clay,,M,,20260509,35,sinner-8b8e8,1,,Sinner,,,,,,,ofner-44428,,,Ofner,,,,,,,6-3 6-4,3,R64,,,,,,,,,,,,,,,,,,,
2026-rome,Rome,Clay,,M,,20260509,36,tiafoe,20,,Tiafoe,,,,,,,buse,,,Buse,,,,,,,65-7 6-3 6-2,3,R64,,,,,,,,,,,,,,,,,,,
2026-rome,Rome,Clay,,M,,20260509,37,basilashvili,,,Basilashvili,,,,,,,shelton-38989,5,,Shelton,,,,,,,6-4 65-7 6-3,3,R64,,,,,,,,,,,,,,,,,,,
2026-rome,Rome,Clay,,M,,20260509,38,cobolli-d6311,10,,Cobolli,,,,,,,atmane,,,Atmane,,,,,,,7-61 6-3,3,R64,,,,,,,,,,,,,,,,,,,
2026-rome,Rome,Clay,,M,,20260509,39,nakashima-68876,30,,Nakashima,,,,,,,bautista-agut,,,Bautista-Agut,,,,,,,6-4 6-0,3,R64,,,,,,,,,,,,,,,,,,,
2026-rome,Rome,Clay,,M,,20260509,40,bellucci-47e7e,,,Bellucci,,,,,,,etcheverry-7101a,24,,Etcheverry,,,,,,,5-7 6-2 6-3,3,R64,,,,,,,,,,,,,,,,,,,
2026-rome,Rome,Clay,,M,,20260509,41,davidovich-fokina,21,,Davidovich Fokina,,,,,,,garin,,,Garin,,,,,,,7-62 6-4,3,R64,,,,,,,,,,,,,,,,,,,
2026-rome,Rome,Clay,,M,,20260509,42,navone,,,Navone,,,,,,,auger-aliassime,2,,Auger Aliassime,,,,,,,7-64 7-65,3,R64,,,,,,,,,,,,,,,,,,,
2026-rome,Rome,Clay,,M,,20260509,43,landaluce-84126,,,Landaluce,,,,,,,cilic,,,Cilic,,,,,,,6-4 6-4,3,R64,,,,,,,,,,,,,,,,,,,
2026-rome,Rome,Clay,,M,,20260509,44,rublev,12,,Rublev,,,,,,,kecmanovic,,,Kecmanovic,,,,,,,6-4 6-4,3,R64,,,,,,,,,,,,,,,,,,,
2026-rome,Rome,Clay,,M,,20260509,45,llamas-ruiz,,,Llamas Ruiz,,,,,,,moutet,28,,Moutet,,,,,,,6-4 3-6 7-64,3,R64,,,,,,,,,,,,,,,,,,,
2026-rome,Rome,Clay,,M,,20260509,46,tirante,,,Tirante,,,,,,,norrie,17,,Norrie,,,,,,,6-3 7-5,3,R64,,,,,,,,,,,,,,,,,,,
2026-rome,Rome,Clay,,M,,20260508,47,darderi,18,,Darderi,,,,,,,hanfmann,,,Hanfmann,,,,,,,6-4 6-4,3,R64,,,,,,,,,,,,,,,,,,,
2026-rome,Rome,Clay,,M,,20260508,48,musetti,8,,Musetti,,,,,,,mpetshi-perricard,,,Mpetshi Perricard,,,,,,,6-4 6-4,3,R64,,,,,,,,,,,,,,,,,,,
2026-rome,Rome,Clay,,M,,20260508,49,humbert-e2553,31,,Humbert,,,,,,,kopriva,,,Kopriva,,,,,,,6-3 6-2,3,R64,,,,,,,,,,,,,,,,,,,
2026-rome,Rome,Clay,,M,,20260508,50,bublik-43f80,9,,Bublik,,,,,,,baez-a8fb1,,,Baez,,,,,,,6-1 6-2,3,R64,,,,,,,,,,,,,,,,,,,
2026-rome,Rome,Clay,,M,,20260508,51,paul-324c3,16,,Paul,,,,,,,vukic,,,Vukic,,,,,,,6-4 6-2,3,R64,,,,,,,,,,,,,,,,,,,
2026-rome,Rome,Clay,,M,,20260508,52,prizmic,,,Prizmic,,,,,,,djokovic,3,,Djokovic,,,,,,,2-6 6-2 6-4,3,R64,,,,,,,,,,,,,,,,,,,
2026-rome,Rome,Clay,,M,,20260508,53,blockx,,,Blockx,,,,,,,griekspoor-d58ed,29,,Griekspoor,,,,,,,65-7 6-3 6-4,3,R64,,,,,,,,,,,,,,,,,,,
2026-rome,Rome,Clay,,M,,20260508,54,tien,19,,Tien,,,,,,,dzumhur,,,Dzumhur,,,,,,,6-2 6-1,3,R64,,,,,,,,,,,,,,,,,,,
2026-rome,Rome,Clay,,M,,20260508,55,cerundolo,25,,Cerundolo,,,,,,,tabilo,,,Tabilo,,,,,,,6-0 6-2,3,R64,,,,,,,,,,,,,,,,,,,
2026-rome,Rome,Clay,,M,,20260508,56,zverev-6f768,2,,Zverev,,,,,,,altmaier,,,Altmaier,,,,,,,7-5 6-3,3,R64,,,,,,,,,,,,,,,,,,,
2026-rome,Rome,Clay,,M,,20260508,57,ruud-dfb38,23,,Ruud,,,,,,,svajda,,,Svajda,,,,,,,6-1 6-3,3,R64,,,,,,,,,,,,,,,,,,,
2026-rome,Rome,Clay,,M,,20260508,58,van-de-zandschulp,,,Van De Zandschulp,,,,,,,kovacevic-a2706,,,Kovacevic,,,,,,,2-6 6-2 7-65,3,R64,,,,,,,,,,,,,,,,,,,
2026-rome,Rome,Clay,,M,,20260508,59,lehecka,11,,Lehecka,,,,,,,struff,,,Struff,,,,,,,7-64 6-3,3,R64,,,,,,,,,,,,,,,,,,,
2026-rome,Rome,Clay,,M,,20260508,60,khachanov,13,,Khachanov,,,,,,,shevchenko-3bd40,,,Shevchenko,,,,,,,6-4 6-4,3,R64,,,,,,,,,,,,,,,,,,,
2026-rome,Rome,Clay,,M,,20260508,61,arnaldi,,,Arnaldi,,,,,,,de-minaur,6,,De Minaur,,,,,,,4-6 7-65 6-4,3,R64,,,,,,,,,,,,,,,,,,,
2026-rome,Rome,Clay,,M,,20260508,62,jodar,32,,Jodar,,,,,,,borges-8d823,,,Borges,,,,,,,7-64 6-4,3,R64,,,,,,,,,,,,,,,,,,,
2026-rome,Rome,Clay,,M,,20260507,63,pellegrino-fd654,,,Pellegrino,,,,,,,nardi-e2cda,,,Nardi,,,,,,,4-6 6-3 6-3,3,R128,,,,,,,,,,,,,,,,,,,
2026-rome,Rome,Clay,,M,,20260507,64,navone,,,Navone,,,,,,,shapovalov,,,Shapovalov,,,,,,,6-4 6-2,3,R128,,,,,,,,,,,,,,,,,,,
2026-rome,Rome,Clay,,M,,20260507,65,ofner-44428,,,Ofner,,,,,,,michelsen-a98bb,,,Michelsen,,,,,,,6-3 6-3,3,R128,,,,,,,,,,,,,,,,,,,
2026-rome,Rome,Clay,,M,,20260507,66,buse,,,Buse,,,,,,,sonego,,,Sonego,,,,,,,6-3 6-3,3,R128,,,,,,,,,,,,,,,,,,,
2026-rome,Rome,Clay,,M,,20260507,67,medjedovic,,,Medjedovic,,,,,,,royer,,,Royer,,,,,,,6-4 6-3,3,R128,,,,,,,,,,,,,,,,,,,
2026-rome,Rome,Clay,,M,,20260507,68,tirante,,,Tirante,,,,,,,cadenasso,,,Cadenasso,,,,,,,65-7 6-4 6-0,3,R128,,,,,,,,,,,,,,,,,,,
2026-rome,Rome,Clay,,M,,20260507,69,machac,,,Machac,,,,,,,tsitsipas-b526f,,,Tsitsipas,,,,,,,6-4 7-64,3,R128,,,,,,,,,,,,,,,,,,,
2026-rome,Rome,Clay,,M,,20260507,70,garin,,,Garin,,,,,,,cerundolo-08df6,,,Cerundolo,,,,,,,7-62 7-5,3,R128,,,,,,,,,,,,,,,,,,,
2026-rome,Rome,Clay,,M,,20260507,71,llamas-ruiz,,,Llamas Ruiz,,,,,,,quinn-d0193,,,Quinn,,,,,,,6-3 5-7 6-3,3,R128,,,,,,,,,,,,,,,,,,,
2026-rome,Rome,Clay,,M,,20260507,72,bautista-agut,,,Bautista-Agut,,,,,,,maestrelli,,,Maestrelli,,,,,,,6-3 7-62,3,R128,,,,,,,,,,,,,,,,,,,
2026-rome,Rome,Clay,,M,,20260507,73,bellucci-47e7e,,,Bellucci,,,,,,,burruchaga,,,Burruchaga,,,,,,,6-4 6-4,3,R128,,,,,,,,,,,,,,,,,,,
2026-rome,Rome,Clay,,M,,20260507,74,blockx,,,Blockx,,,,,,,cina,,,Cina,,,,,,,4-6 6-1 6-3,3,R128,,,,,,,,,,,,,,,,,,,
2026-rome,Rome,Clay,,M,,20260507,75,cilic,,,Cilic,,,,,,,giron-49e97,,,Giron,,,,,,,7-5 6-4,3,R128,,,,,,,,,,,,,,,,,,,
2026-rome,Rome,Clay,,M,,20260507,76,mpetshi-perricard,,,Mpetshi Perricard,,,,,,,fearnley,,,Fearnley,,,,,,,7-66 4-6 6-2,3,R128,,,,,,,,,,,,,,,,,,,
2026-rome,Rome,Clay,,M,,20260507,77,prizmic,,,Prizmic,,,,,,,fucsovics,,,Fucsovics,,,,,,,6-4 6-3,3,R128,,,,,,,,,,,,,,,,,,,
2026-rome,Rome,Clay,,M,,20260507,78,popyrin,,,Popyrin,,,,,,,berrettini-707ad,,,Berrettini,,,,,,,6-2 6-3,3,R128,,,,,,,,,,,,,,,,,,,
2026-rome,Rome,Clay,,M,,20260507,79,kecmanovic,,,Kecmanovic,,,,,,,svrcina,,,Svrcina,,,,,,,6-2 6-3,3,R128,,,,,,,,,,,,,,,,,,,
2026-rome,Rome,Clay,,M,,20260507,80,atmane,,,Atmane,,,,,,,bergs,,,Bergs,,,,,,,6-3 6-4,3,R128,,,,,,,,,,,,,,,,,,,
2026-rome,Rome,Clay,,M,,20260507,81,basilashvili,,,Basilashvili,,,,,,,merida-aguilar,,,Merida Aguilar,,,,,,,6-4 2-6 6-3,3,R128,,,,,,,,,,,,,,,,,,,
2026-rome,Rome,Clay,,M,,20260506,82,tabilo,,,Tabilo,,,,,,,carreno-busta,,,Carreno-Busta,,,,,,,6-2 6-1,3,R128,,,,,,,,,,,,,,,,,,,
2026-rome,Rome,Clay,,M,,20260506,83,borges-8d823,,,Borges,,,,,,,de-jong-57322,,,De Jong,,,,,,,6-3 6-0,3,R128,,,,,,,,,,,,,,,,,,,
2026-rome,Rome,Clay,,M,,20260506,84,vukic,,,Vukic,,,,,,,kypson,,,Kypson,,,,,,,6-3 5-7 6-0,3,R128,,,,,,,,,,,,,,,,,,,
2026-rome,Rome,Clay,,M,,20260506,85,arnaldi,,,Arnaldi,,,,,,,munar-d1298,,,Munar,,,,,,,6-3 3-6 6-3,3,R128,,,,,,,,,,,,,,,,,,,
2026-rome,Rome,Clay,,M,,20260506,86,struff,,,Struff,,,,,,,comesana-c17e0,,,Comesana,,,,,,,6-2 6-4,3,R128,,,,,,,,,,,,,,,,,,,
2026-rome,Rome,Clay,,M,,20260506,87,van-de-zandschulp,,,Van De Zandschulp,,,,,,,muller-c81bc,,,Muller,,,,,,,7-5 6-3,3,R128,,,,,,,,,,,,,,,,,,,
2026-rome,Rome,Clay,,M,,20260506,88,hanfmann,,,Hanfmann,,,,,,,hurkacz,,,Hurkacz,,,,,,,63-7 7-62 6-2,3,R128,,,,,,,,,,,,,,,,,,,
2026-rome,Rome,Clay,,M,,20260506,89,shevchenko-3bd40,,,Shevchenko,,,,,,,ugo-carabelli,,,Ugo Carabelli,,,,,,,6-3 4-6 7-65,3,R128,,,,,,,,,,,,,,,,,,,
2026-rome,Rome,Clay,,M,,20260506,90,svajda,,,Svajda,,,,,,,trungelliti,,,Trungelliti,,,,,,,0-6 6-4 7-64,3,R128,,,,,,,,,,,,,,,,,,,
2026-rome,Rome,Clay,,M,,20260506,91,dzumhur,,,Dzumhur,,,,,,,mannarino-a7108,,,Mannarino,,,,,,,6-4 6-0,3,R128,,,,,,,,,,,,,,,,,,,
2026-rome,Rome,Clay,,M,,20260506,92,baez-a8fb1,,,Baez,,,,,,,brooksby,,,Brooksby,,,,,,,6-3 7-68,3,R128,,,,,,,,,,,,,,,,,,,
2026-rome,Rome,Clay,,M,,20260506,93,altmaier,,,Altmaier,,,,,,,zhang-45ae9,,,Zhang,,,,,,,4-6 7-63 6-4,3,R128,,,,,,,,,,,,,,,,,,,
2026-rome,Rome,Clay,,M,,20260506,94,kopriva,,,Kopriva,,,,,,,marozsan,,,Marozsan,,,,,,,6-3 6-3,3,R128,,,,,,,,,,,,,,,,,,,
2026-cincinnati,Cincinnati,Hard,,M,,20260823,1,fils,21,,Fils,,,,,,,tiafoe,17,,Tiafoe,,,,,,,6-3 1-6 6-0,3,F,,,,,,,,,,,,,,,,,,,
2026-cincinnati,Cincinnati,Hard,,M,,20260823,2,tiafoe,17,,Tiafoe,,,,,,,nakashima-68876,27,,Nakashima,,,,,,,7-5 6-3,3,SF,,,,,,,,,,,,,,,,,,,
2026-cincinnati,Cincinnati,Hard,,M,,20260822,3,fils,21,,Fils,,,,,,,cobolli-d6311,7,,Cobolli,,,,,,,6-3 6-4,3,SF,,,,,,,,,,,,,,,,,,,
2026-cincinnati,Cincinnati,Hard,,M,,20260822,4,tiafoe,17,,Tiafoe,,,,,,,musetti,10,,Musetti,,,,,,,7-62 7-5,3,QF,,,,,,,,,,,,,,,,,,,
2026-cincinnati,Cincinnati,Hard,,M,,20260821,5,nakashima-68876,27,,Nakashima,,,,,,,fritz-f1aa7,6,,Fritz,,,,,,,7-69 4-6 6-3,3,QF,,,,,,,,,,,,,,,,,,,
2026-cincinnati,Cincinnati,Hard,,M,,20260821,6,fils,21,,Fils,,,,,,,tirante,,,Tirante,,,,,,,6-3 6-2,3,QF,,,,,,,,,,,,,,,,,,,
2026-cincinnati,Cincinnati,Hard,,M,,20260820,7,cobolli-d6311,7,,Cobolli,,,,,,,paul-324c3,18,,Paul,,,,,,,2-6 6-3 6-4,3,QF,,,,,,,,,,,,,,,,,,,
2026-cincinnati,Cincinnati,Hard,,M,,20260820,8,musetti,10,,Musetti,,,,,,,faria-4754c,,,Faria,,,,,,,7-5 6-2,3,R16,,,,,,,,,,,,,,,,,,,
2026-cincinnati,Cincinnati,Hard,,M,,20260820,9,tiafoe,17,,Tiafoe,,,,,,,auger-aliassime,2,,Auger Aliassime,,,,,,,6-3 6-4,3,R16,,,,,,,,,,,,,,,,,,,
2026-cincinnati,Cincinnati,Hard,,M,,20260820,10,fritz-f1aa7,6,,Fritz,,,,,,,o-connell-020b8,,,O'Connell,,,,,,,6-4 6-3,3,R16,,,,,,,,,,,,,,,,,,,
2026-cincinnati,Cincinnati,Hard,,M,,20260820,11,nakashima-68876,27,,Nakashima,,,,,,,borges-8d823,,,Borges,,,,,,,6-3 65-7 6-3,3,R16,,,,,,,,,,,,,,,,,,,
2026-cincinnati,Cincinnati,Hard,,M,,20260819,12,fils,21,,Fils,,,,,,,de-minaur,5,,De Minaur,,,,,,,6-3 6-4,3,R16,,,,,,,,,,,,,,,,,,,
2026-cincinnati,Cincinnati,Hard,,M,,20260819,13,paul-324c3,18,,Paul,,,,,,,zverev-6f768,1,,Zverev,,,,,,,4-6 7-66 6-4,3,R16,,,,,,,,,,,,,,,,,,,
2026-cincinnati,Cincinnati,Hard,,M,,20260819,14,tirante,,,Tirante,,,,,,,mensik,14,,Mensik,,,,,,,5-7 6-4 6-4,3,R16,,,,,,,,,,,,,,,,,,,
2026-cincinnati,Cincinnati,Hard,,M,,20260819,15,cobolli-d6311,7,,Cobolli,,,,,,,jodar,12,,Jodar,,,,,,,4-6 7-63 6-3,3,R16,,,,,,,,,,,,,,,,,,,
2026-cincinnati,Cincinnati,Hard,,M,,20260819,16,tiafoe,17,,Tiafoe,,,,,,,tien,16,,Tien,,,,,,,6-4 4-6 6-4,3,R32,,,,,,,,,,,,,,,,,,,
2026-cincinnati,Cincinnati,Hard,,M,,20260819,17,auger-aliassime,2,,Auger Aliassime,,,,,,,cerundolo-08df6,,,Cerundolo,,,,,,,7-5 6-1,3,R32,,,,,,,,,,,,,,,,,,,
2026-cincinnati,Cincinnati,Hard,,M,,20260818,18,faria-4754c,,,Faria,,,,,,,walton,,,Walton,,,,,,,4-6 6-4 7-63,3,R32,,,,,,,,,,,,,,,,,,,
2026-cincinnati,Cincinnati,Hard,,M,,20260818,19,nakashima-68876,27,,Nakashima,,,,,,,medvedev-e0d2d,4,,Medvedev,,,,,,,63-7 7-64 6-1,3,R32,,,,,,,,,,,,,,,,,,,
2026-cincinnati,Cincinnati,Hard,,M,,20260818,20,musetti,10,,Musetti,,,,,,,zheng-c91db,,,Zheng,,,,,,,6-1 6-3,3,R32,,,,,,,,,,,,,,,,,,,
2026-cincinnati,Cincinnati,Hard,,M,,20260818,21,fritz-f1aa7,6,,Fritz,,,,,,,merida-aguilar,,,Merida Aguilar,,,,,,,6-3 6-4,3,R32,,,,,,,,,,,,,,,,,,,
2026-cincinnati,Cincinnati,Hard,,M,,20260818,22,borges-8d823,,,Borges,,,,,,,rublev,13,,Rublev,,,,,,,6-3 6-4,3,R32,,,,,,,,,,,,,,,,,,,
2026-cincinnati,Cincinnati,Hard,,M,,20260818,23,paul-324c3,18,,Paul,,,,,,,vallejo-d7859,,,Vallejo,,,,,,,3-6 6-3 6-4,3,R32,,,,,,,,,,,,,,,,,,,
2026-cincinnati,Cincinnati,Hard,,M,,20260818,24,fils,21,,Fils,,,,,,,lehecka,9,,Lehecka,,,,,,,6-1 67-7 6-3,3,R32,,,,,,,,,,,,,,,,,,,
2026-cincinnati,Cincinnati,Hard,,M,,20260818,25,zverev-6f768,1,,Zverev,,,,,,,atmane,,,Atmane,,,,,,,7-64 7-66,3,R32,,,,,,,,,,,,,,,,,,,
2026-cincinnati,Cincinnati,Hard,,M,,20260818,26,mensik,14,,Mensik,,,,,,,hijikata,,,Hijikata,,,,,,,6-3 6-4,3,R32,,,,,,,,,,,,,,,,,,,
2026-cincinnati,Cincinnati,Hard,,M,,20260817,27,jodar,12,,Jodar,,,,,,,tabilo,22,,Tabilo,,,,,,,6-2 6-1,3,R32,,,,,,,,,,,,,,,,,,,
2026-cincinnati,Cincinnati,Hard,,M,,20260817,28,de-minaur,5,,De Minaur,,,,,,,fery,32,,Fery,,,,,,,7-5 7-63,3,R32,,,,,,,,,,,,,,,,,,,
2026-cincinnati,Cincinnati,Hard,,M,,20260817,29,cobolli-d6311,7,,Cobolli,,,,,,,blockx,28,,Blockx,,,,,,,7-5 4-6 7-5,3,R32,,,,,,,,,,,,,,,,,,,
2026-cincinnati,Cincinnati,Hard,,M,,20260817,30,tirante,,,Tirante,,,,,,,landaluce-84126,,,Landaluce,,,,,,,7-65 7-64,3,R32,,,,,,,,,,,,,,,,,,,
2026-cincinnati,Cincinnati,Hard,,M,,20260817,31,tiafoe,17,,Tiafoe,,,,,,,sonego,,,Sonego,,,,,,,6-3 6-4,3,R64,,,,,,,,,,,,,,,,,,,
2026-cincinnati,Cincinnati,Hard,,M,,20260817,32,faria-4754c,,,Faria,,,,,,,shelton-38989,8,,Shelton,,,,,,,6-4 6-4,3,R64,,,,,,,,,,,,,,,,,,,
2026-cincinnati,Cincinnati,Hard,,M,,20260817,33,walton,,,Walton,,,,,,,buse,29,,Buse,,,,,,,6-4 6-3,3,R64,,,,,,,,,,,,,,,,,,,
2026-cincinnati,Cincinnati,Hard,,M,,20260816,34,merida-aguilar,,,Merida Aguilar,,,,,,,bergs,30,,Bergs,,,,,,,6-3 6-2,3,R64,,,,,,,,,,,,,,,,,,,
2026-cincinnati,Cincinnati,Hard,,M,,20260816,35,tien,16,,Tien,,,,,,,baez-a8fb1,,,Baez,,,,,,,6-3 7-64,3,R64,,,,,,,,,,,,,,,,,,,
2026-cincinnati,Cincinnati,Hard,,M,,20260816,36,rublev,13,,Rublev,,,,,,,carreno-busta,,,Carreno-Busta,,,,,,,7-65 6-1,3,R64,,,,,,,,,,,,,,,,,,,
2026-cincinnati,Cincinnati,Hard,,M,,20260816,37,borges-8d823,,,Borges,,,,,,,cerundolo,20,,Cerundolo,,,,,,,6-4 6-4,3,R64,,,,,,,,,,,,,,,,,,,
2026-cincinnati,Cincinnati,Hard,,M,,20260816,38,nakashima-68876,27,,Nakashima,,,,,,,kovacevic-a2706,,,Kovacevic,,,,,,,6-2 7-5,3,R64,,,,,,,,,,,,,,,,,,,
2026-cincinnati,Cincinnati,Hard,,M,,20260816,39,fritz-f1aa7,6,,Fritz,,,,,,,michelsen-a98bb,,,Michelsen,,,,,,,6-3 6-4,3,R64,,,,,,,,,,,,,,,,,,,
2026-cincinnati,Cincinnati,Hard,,M,,20260816,40,musetti,10,,Musetti,,,,,,,altmaier,,,Altmaier,,,,,,,6-4 6-2,3,R64,,,,,,,,,,,,,,,,,,,
2026-cincinnati,Cincinnati,Hard,,M,,20260816,41,auger-aliassime,2,,Auger Aliassime,,,,,,,tsitsipas-b526f,,,Tsitsipas,,,,,,,6-3 7-5,3,R64,,,,,,,,,,,,,,,,,,,
2026-cincinnati,Cincinnati,Hard,,M,,20260816,42,fonseca-57dc1,23,,Fonseca,,,,,,,van-de-zandschulp,,,Van De Zandschulp,,,,,,,6-4 7-62,3,R64,,,,,,,,,,,,,,,,,,,
2026-cincinnati,Cincinnati,Hard,,M,,20260816,43,cerundolo-08df6,,,Cerundolo,,,,,,,rinderknech,25,,Rinderknech,,,,,,,4-6 7-63 7-65,3,R64,,,,,,,,,,,,,,,,,,,
2026-cincinnati,Cincinnati,Hard,,M,,20260816,44,o-connell-020b8,,,O'Connell,,,,,,,ruud-dfb38,11,,Ruud,,,,,,,7-5 1-2,3,R64,,,,,,,,,,,,,,,,,,,
2026-cincinnati,Cincinnati,Hard,,M,,20260816,45,medvedev-e0d2d,4,,Medvedev,,,,,,,trungelliti,,,Trungelliti,,,,,,,6-4 7-5,3,R64,,,,,,,,,,,,,,,,,,,
2026-cincinnati,Cincinnati,Hard,,M,,20260816,46,zheng-c91db,,,Zheng,,,,,,,humbert-e2553,24,,Humbert,,,,,,,6-4 6-3,3,R64,,,,,,,,,,,,,,,,,,,
2026-cincinnati,Cincinnati,Hard,,M,,20260816,47,zverev-6f768,1,,Zverev,,,,,,,norrie,,,Norrie,,,,,,,3-6 6-3 6-3,3,R64,,,,,,,,,,,,,,,,,,,
2026-cincinnati,Cincinnati,Hard,,M,,20260816,48,fils,21,,Fils,,,,,,,hanfmann,,,Hanfmann,,,,,,,7-65 6-1,3,R64,,,,,,,,,,,,,,,,,,,
2026-cincinnati,Cincinnati,Hard,,M,,20260816,49,jodar,12,,Jodar,,,,,,,shapovalov,,,Shapovalov,,,,,,,7-5 4-6 7-5,3,R64,,,,,,,,,,,,,,,,,,,
2026-cincinnati,Cincinnati,Hard,,M,,20260816,50,lehecka,9,,Lehecka,,,,,,,berrettini-707ad,,,Berrettini,,,,,,,6-4 63-7 6-3,3,R64,,,,,,,,,,,,,,,,,,,
2026-cincinnati,Cincinnati,Hard,,M,,20260815,51,fery,32,,Fery,,,,,,,duckworth,,,Duckworth,,,,,,,6-4 2-6 7-64,3,R64,,,,,,,,,,,,,,,,,,,
2026-cincinnati,Cincinnati,Hard,,M,,20260815,52,paul-324c3,18,,Paul,,,,,,,hurkacz,,,Hurkacz,,,,,,,6-4 63-7 6-3,3,R64,,,,,,,,,,,,,,,,,,,
2026-cincinnati,Cincinnati,Hard,,M,,20260815,53,atmane,,,Atmane,,,,,,,etcheverry-7101a,26,,Etcheverry,,,,,,,6-3 7-64,3,R64,,,,,,,,,,,,,,,,,,,
2026-cincinnati,Cincinnati,Hard,,M,,20260815,54,hijikata,,,Hijikata,,,,,,,darderi,19,,Darderi,,,,,,,6-4 6-2,3,R64,,,,,,,,,,,,,,,,,,,
2026-cincinnati,Cincinnati,Hard,,M,,20260815,55,de-minaur,5,,De Minaur,,,,,,,halys,,,Halys,,,,,,,1-6 6-3 7-64,3,R64,,,,,,,,,,,,,,,,,,,
2026-cincinnati,Cincinnati,Hard,,M,,20260815,56,tabilo,22,,Tabilo,,,,,,,struff,,,Struff,,,,,,,6-3 6-4,3,R64,,,,,,,,,,,,,,,,,,,
2026-cincinnati,Cincinnati,Hard,,M,,20260815,57,mensik,14,,Mensik,,,,,,,bellucci-47e7e,,,Bellucci,,,,,,,7-5 2-6 7-65,3,R64,,,,,,,,,,,,,,,,,,,
2026-cincinnati,Cincinnati,Hard,,M,,20260815,58,tirante,,,Tirante,,,,,,,djokovic,3,,Djokovic,,,,,,,2-6 6-4 6-4,3,R64,,,,,,,,,,,,,,,,,,,
2026-cincinnati,Cincinnati,Hard,,M,,20260815,59,vallejo-d7859,,,Vallejo,,,,,,,vacherot,15,,Vacherot,,,,,,,6-3 6-3,3,R64,,,,,,,,,,,,,,,,,,,
2026-cincinnati,Cincinnati,Hard,,M,,20260815,60,landaluce-84126,,,Landaluce,,,,,,,arnaldi,31,,Arnaldi,,,,,,,6-4 4-6 6-4,3,R64,,,,,,,,,,,,,,,,,,,
2026-cincinnati,Cincinnati,Hard,,M,,20260815,61,cobolli-d6311,7,,Cobolli,,,,,,,kecmanovic,,,Kecmanovic,,,,,,,6-1 4-6 6-3,3,R64,,,,,,,,,,,,,,,,,,,
2026-cincinnati,Cincinnati,Hard,,M,,20260815,62,blockx,28,,Blockx,,,,,,,navone,,,Navone,,,,,,,6-3 6-4,3,R64,,,,,,,,,,,,,,,,,,,
2026-cincinnati,Cincinnati,Hard,,M,,20260815,63,kovacevic-a2706,,,Kovacevic,,,,,,,khachanov,,,Khachanov,,,,,,,5-7 6-3 7-62,3,R128,,,,,,,,,,,,,,,,,,,
2026-cincinnati,Cincinnati,Hard,,M,,20260815,64,faria-4754c,,,Faria,,,,,,,brooksby,,,Brooksby,,,,,,,6-3 6-2,3,R128,,,,,,,,,,,,,,,,,,,
2026-cincinnati,Cincinnati,Hard,,M,,20260815,65,merida-aguilar,,,Merida Aguilar,,,,,,,cilic,,,Cilic,,,,,,,3-6 6-1 6-1,3,R128,,,,,,,,,,,,,,,,,,,
2026-cincinnati,Cincinnati,Hard,,M,,20260814,66,trungelliti,,,Trungelliti,,,,,,,medjedovic,,,Medjedovic,,,,,,,7-5 7-62,3,R128,,,,,,,,,,,,,,,,,,,
2026-cincinnati,Cincinnati,Hard,,M,,20260814,67,zheng-c91db,,,Zheng,,,,,,,marozsan,,,Marozsan,,,,,,,3-6 6-1 7-61,3,R128,,,,,,,,,,,,,,,,,,,
2026-cincinnati,Cincinnati,Hard,,M,,20260814,68,sonego,,,Sonego,,,,,,,shang,,,Shang,,,,,,,6-3 6-3,3,R128,,,,,,,,,,,,,,,,,,,
2026-cincinnati,Cincinnati,Hard,,M,,20260814,69,walton,,,Walton,,,,,,,mejia-a7d27,,,Mejia,,,,,,,7-65 6-0,3,R128,,,,,,,,,,,,,,,,,,,
2026-cincinnati,Cincinnati,Hard,,M,,20260814,70,borges-8d823,,,Borges,,,,,,,kokkinakis-7b2e6,,,Kokkinakis,,,,,,,5-7 7-63 7-64,3,R128,,,,,,,,,,,,,,,,,,,
2026-cincinnati,Cincinnati,Hard,,M,,20260814,71,cerundolo-08df6,,,Cerundolo,,,,,,,lajal,,,Lajal,,,,,,,6-4 6-4,3,R128,,,,,,,,,,,,,,,,,,,
2026-cincinnati,Cincinnati,Hard,,M,,20260814,72,michelsen-a98bb,,,Michelsen,,,,,,,de-jong-57322,,,De Jong,,,,,,,6-4 6-4,3,R128,,,,,,,,,,,,,,,,,,,
2026-cincinnati,Cincinnati,Hard,,M,,20260814,73,o-connell-020b8,,,O'Connell,,,,,,,majchrzak-905d8,,,Majchrzak,,,,,,,6-4 7-65,3,R128,,,,,,,,,,,,,,,,,,,
2026-cincinnati,Cincinnati,Hard,,M,,20260814,74,van-de-zandschulp,,,Van De Zandschulp,,,,,,,shevchenko-3bd40,,,Shevchenko,,,,,,,6-4 6-4,3,R128,,,,,,,,,,,,,,,,,,,
2026-cincinnati,Cincinnati,Hard,,M,,20260814,75,duckworth,,,Duckworth,,,,,,,wolf-e839f,,,Wolf,,,,,,,7-5 7-60,3,R128,,,,,,,,,,,,,,,,,,,
2026-cincinnati,Cincinnati,Hard,,M,,20260814,76,carreno-busta,,,Carreno-Busta,,,,,,,machac,,,Machac,,,,,,,6-3 6-2,3,R128,,,,,,,,,,,,,,,,,,,
2026-cincinnati,Cincinnati,Hard,,M,,20260814,77,berrettini-707ad,,,Berrettini,,,,,,,droguet,,,Droguet,,,,,,,3-6 6-1 6-4,3,R128,,,,,,,,,,,,,,,,,,,
2026-cincinnati,Cincinnati,Hard,,M,,20260814,78,hanfmann,,,Hanfmann,,,,,,,van-assche,,,Van Assche,,,,,,,6-2 6-4,3,R128,,,,,,,,,,,,,,,,,,,
2026-cincinnati,Cincinnati,Hard,,M,,20260814,79,baez-a8fb1,,,Baez,,,,,,,dimitrov-779bc,,,Dimitrov,,,,,,,1-6 6-3 6-4,3,R128,,,,,,,,,,,,,,,,,,,
2026-cincinnati,Cincinnati,Hard,,M,,20260814,80,tsitsipas-b526f,,,Tsitsipas,,,,,,,royer,,,Royer,,,,,,,7-64 7-5,3,R128,,,,,,,,,,,,,,,,,,,
2026-cincinnati,Cincinnati,Hard,,M,,20260814,81,hurkacz,,,Hurkacz,,,,,,,shimabukuro,,,Shimabukuro,,,,,,,6-2 6-4,3,R128,,,,,,,,,,,,,,,,,,,
2026-cincinnati,Cincinnati,Hard,,M,,20260814,82,vallejo-d7859,,,Vallejo,,,,,,,jacquet-d2059,,,Jacquet,,,,,,,6-2 6-4,3,R128,,,,,,,,,,,,,,,,,,,
2026-cincinnati,Cincinnati,Hard,,M,,20260814,83,halys,,,Halys,,,,,,,kopriva,,,Kopriva,,,,,,,7-65 6-4,3,R128,,,,,,,,,,,,,,,,,,,
2026-cincinnati,Cincinnati,Hard,,M,,20260814,84,altmaier,,,Altmaier,,,,,,,wong-d3ead,,,Wong,,,,,,,3-6 6-3 6-4,3,R128,,,,,,,,,,,,,,,,,,,
2026-cincinnati,Cincinnati,Hard,,M,,20260814,85,bellucci-47e7e,,,Bellucci,,,,,,,svajda,,,Svajda,,,,,,,7-60 7-64,3,R128,,,,,,,,,,,,,,,,,,,
2026-cincinnati,Cincinnati,Hard,,M,,20260814,86,hijikata,,,Hijikata,,,,,,,monfils,,,Monfils,,,,,,,2-6 7-65 6-3,3,R128,,,,,,,,,,,,,,,,,,,
2026-cincinnati,Cincinnati,Hard,,M,,20260814,87,atmane,,,Atmane,,,,,,,fucsovics,,,Fucsovics,,,,,,,3-1,3,R128,,,,,,,,,,,,,,,,,,,
2026-cincinnati,Cincinnati,Hard,,M,,20260813,88,navone,,,Navone,,,,,,,collignon,,,Collignon,,,,,,,6-3 7-63,3,R128,,,,,,,,,,,,,,,,,,,
2026-cincinnati,Cincinnati,Hard,,M,,20260813,89,kecmanovic,,,Kecmanovic,,,,,,,ugo-carabelli,,,Ugo Carabelli,,,,,,,6-3 6-3,3,R128,,,,,,,,,,,,,,,,,,,
2026-cincinnati,Cincinnati,Hard,,M,,20260813,90,shapovalov,,,Shapovalov,,,,,,,mannarino-a7108,,,Mannarino,,,,,,,6-1 6-4,3,R128,,,,,,,,,,,,,,,,,,,
2026-cincinnati,Cincinnati,Hard,,M,,20260813,91,struff,,,Struff,,,,,,,burruchaga,,,Burruchaga,,,,,,,7-64 2-6 6-3,3,R128,,,,,,,,,,,,,,,,,,,
2026-cincinnati,Cincinnati,Hard,,M,,20260813,92,tirante,,,Tirante,,,,,,,choinski,,,Choinski,,,,,,,7-69 67-7 7-64,3,R128,,,,,,,,,,,,,,,,,,,
2026-cincinnati,Cincinnati,Hard,,M,,20260813,93,norrie,,,Norrie,,,,,,,prizmic,,,Prizmic,,,,,,,3-6 6-1 6-4,3,R128,,,,,,,,,,,,,,,,,,,
2026-cincinnati,Cincinnati,Hard,,M,,20260813,94,landaluce-84126,,,Landaluce,,,,,,,draper-e73d3,,,Draper,,,,,,,6-3 7-5,3,R128,,,,,,,,,,,,,,,,,,,
2026-united-cup,United Cup,Hard,,D,,20260111,1,hurkacz,,,Hurkacz,,,,,,,wawrinka-ffdb9,,,Wawrinka,,,,,,,6-3 3-6 6-3,3,,,,,,,,,,,,,,,,,,,,
2026-united-cup,United Cup,Hard,,D,,20260110,2,hurkacz,,,Hurkacz,,,,,,,fritz-f1aa7,,,Fritz,,,,,,,7-61 7-62,3,,,,,,,,,,,,,,,,,,,,
2026-united-cup,United Cup,Hard,,D,,20260110,3,bergs,,,Bergs,,,,,,,wawrinka-ffdb9,,,Wawrinka,,,,,,,6-3 64-7 6-3,3,,,,,,,,,,,,,,,,,,,,
2026-united-cup,United Cup,Hard,,D,,20260109,4,de-minaur,,,De Minaur,,,,,,,hurkacz,,,Hurkacz,,,,,,,6-4 4-6 6-4,3,,,,,,,,,,,,,,,,,,,,
2026-united-cup,United Cup,Hard,,D,,20260108,5,bergs,,,Bergs,,,,,,,mensik,,,Mensik,,,,,,,6-2 7-64,3,,,,,,,,,,,,,,,,,,,,
2026-united-cup,United Cup,Hard,,D,,20260107,6,baez-a8fb1,,,Baez,,,,,,,wawrinka-ffdb9,,,Wawrinka,,,,,,,7-5 6-4,3,,,,,,,,,,,,,,,,,,,,
2026-united-cup,United Cup,Hard,,D,,20260107,7,tsitsipas-b526f,,,Tsitsipas,,,,,,,fritz-f1aa7,,,Fritz,,,,,,,6-4 7-5,3,,,,,,,,,,,,,,,,,,,,
2026-united-cup,United Cup,Hard,,D,,20260107,8,hurkacz,,,Hurkacz,,,,,,,griekspoor-d58ed,,,Griekspoor,,,,,,,6-3 7-64,3,,,,,,,,,,,,,,,,,,,,
2026-united-cup,United Cup,Hard,,D,,20260106,9,de-minaur,,,De Minaur,,,,,,,mensik,,,Mensik,,,,,,,6-4 6-1,3,,,,,,,,,,,,,,,,,,,,
2026-united-cup,United Cup,Hard,,D,,20260106,10,rinderknech,,,Rinderknech,,,,,,,cobolli-d6311,,,Cobolli,,,,,,,64-7 7-65 7-5,3,,,,,,,,,,,,,,,,,,,,
2026-united-cup,United Cup,Hard,,D,,20260106,11,bergs,,,Bergs,,,,,,,auger-aliassime,,,Auger Aliassime,,,,,,,6-4 6-2,3,,,,,,,,,,,,,,,,,,,,
2026-united-cup,United Cup,Hard,,D,,20260105,12,tsitsipas-b526f,,,Tsitsipas,,,,,,,harris-5a94c,,,Harris,,,,,,,4-6 6-1 7-64,3,,,,,,,,,,,,,,,,,,,,
2026-united-cup,United Cup,Hard,,D,,20260105,13,hurkacz,,,Hurkacz,,,,,,,zverev-6f768,,,Zverev,,,,,,,6-3 6-4,3,,,,,,,,,,,,,,,,,,,,
2026-united-cup,United Cup,Hard,,D,,20260105,14,fritz-f1aa7,,,Fritz,,,,,,,munar-d1298,,,Munar,,,,,,,7-64 3-6 7-66,3,,,,,,,,,,,,,,,,,,,,
2026-united-cup,United Cup,Hard,,D,,20260105,15,mensik,,,Mensik,,,,,,,ruud-dfb38,,,Ruud,,,,,,,7-5 7-66,3,,,,,,,,,,,,,,,,,,,,
2026-united-cup,United Cup,Hard,,D,,20260104,16,cobolli-d6311,,,Cobolli,,,,,,,wawrinka-ffdb9,,,Wawrinka,,,,,,,6-4 62-7 7-64,3,,,,,,,,,,,,,,,,,,,,
2026-united-cup,United Cup,Hard,,D,,20260104,17,auger-aliassime,,,Auger Aliassime,,,,,,,zhang-45ae9,,,Zhang,,,,,,,6-4 6-4,3,,,,,,,,,,,,,,,,,,,,
2026-united-cup,United Cup,Hard,,D,,20260104,18,harris-5a94c,,,Harris,,,,,,,mochizuki-f2487,,,Mochizuki,,,,,,,7-64 6-3,3,,,,,,,,,,,,,,,,,,,,
2026-united-cup,United Cup,Hard,,D,,20260104,19,zverev-6f768,,,Zverev,,,,,,,griekspoor-d58ed,,,Griekspoor,,,,,,,7-5 6-0,3,,,,,,,,,,,,,,,,,,,,
2026-united-cup,United Cup,Hard,,D,,20260103,20,baez-a8fb1,,,Baez,,,,,,,fritz-f1aa7,,,Fritz,,,,,,,4-6 7-5 6-4,3,,,,,,,,,,,,,,,,,,,,
2026-united-cup,United Cup,Hard,,D,,20260103,21,ruud-dfb38,,,Ruud,,,,,,,de-minaur,,,De Minaur,,,,,,,6-3 6-3,3,,,,,,,,,,,,,,,,,,,,
2026-united-cup,United Cup,Hard,,D,,20260103,22,wawrinka-ffdb9,,,Wawrinka,,,,,,,rinderknech,,,Rinderknech,,,,,,,5-7 7-65 7-65,3,,,,,,,,,,,,,,,,,,,,
2026-united-cup,United Cup,Hard,,D,,20260103,23,zhang-45ae9,,,Zhang,,,,,,,bergs,,,Bergs,,,,,,,62-7 7-63 7-5,3,,,,,,,,,,,,,,,,,,,,
2026-united-cup,United Cup,Hard,,D,,20260102,24,tsitsipas-b526f,,,Tsitsipas,,,,,,,mochizuki-f2487,,,Mochizuki,,,,,,,6-3 6-4,3,,,,,,,,,,,,,,,,,,,,
2026-united-cup,United Cup,Hard,,D,,20260102,25,baez-a8fb1,,,Baez,,,,,,,munar-d1298,,,Munar,,,,,,,6-4 6-4,3,,,,,,,,,,,,,,,,,,,,
2026-davis-cup,Davis Cup,Hard,,D,,20260918,1,echargui,,,Echargui,,,,,,,murtaza-68624,,,Murtaza,,,,,,,6-1 6-1,3,,,,,,,,,,,,,,,,,,,,
2026-davis-cup,Davis Cup,Hard,,D,,20260918,2,artnak,,,Artnak,,,,,,,vales,,,Vales,,,,,,,6-3 6-4,3,,,,,,,,,,,,,,,,,,,,
2026-davis-cup,Davis Cup,Hard,,D,,20260918,3,skatov,,,Skatov,,,,,,,samrej-f05ce,,,Samrej,,,,,,,6-4 7-64,3,,,,,,,,,,,,,,,,,,,,
2026-davis-cup,Davis Cup,Hard,,D,,20260918,4,dougaz,,,Dougaz,,,,,,,shoaib,,,Shoaib,,,,,,,6-2 6-3,3,,,,,,,,,,,,,,,,,,,,
2026-davis-cup,Davis Cup,Hard,,D,,20260918,5,papoe,,,Papoe,,,,,,,da-costa-6dc81,,,Da Costa,,,,,,,65-7 6-1 6-2,3,,,,,,,,,,,,,,,,,,,,
2026-davis-cup,Davis Cup,Hard,,D,,20260918,6,shevchenko-3bd40,,,Shevchenko,,,,,,,jones-07763,,,Jones,,,,,,,6-4 1-6 7-5,3,,,,,,,,,,,,,,,,,,,,
2026-davis-cup,Davis Cup,Hard,,D,,20260918,7,chung-bdb8e,,,Chung,,,,,,,nagal,,,Nagal,,,,,,,2-6 6-4 7-5,3,,,,,,,,,,,,,,,,,,,,
2026-davis-cup,Davis Cup,Hard,,D,,20260918,8,cretu-93488,,,Cretu,,,,,,,trismuwantara,,,Trismuwantara,,,,,,,6-2 6-4,3,,,,,,,,,,,,,,,,,,,,
2026-davis-cup,Davis Cup,Hard,,D,,20260918,9,kwon-b3d34,,,Kwon,,,,,,,suresh-f2001,,,Suresh,,,,,,,3-6 6-3 6-4,3,,,,,,,,,,,,,,,,,,,,
2026-davis-cup,Davis Cup,Hard,,D,,20260917,10,jade-63600,,,Jade,,,,,,,saleem,,,Saleem,,,,,,,6-2 3-6 10-6,3,,,,,,,,,,,,,,,,,,,,
2026-davis-cup,Davis Cup,Hard,,D,,20260916,11,bidan-97557,,,Bidan,,,,,,,alazmeh-544a8,,,Alazmeh,,,,,,,6-2 6-3,3,,,,,,,,,,,,,,,,,,,,
2026-davis-cup,Davis Cup,Hard,,D,,20260916,12,hassan-1d510,,,Hassan,,,,,,,naw,,,Naw,,,,,,,3-6 6-0 6-4,3,,,,,,,,,,,,,,,,,,,,
2026-davis-cup,Davis Cup,Hard,,D,,20260815,13,jadoun,,,Jadoun,,,,,,,ajavon,,,Ajavon,,,,,,,7-6 6-3,3,,,,,,,,,,,,,,,,,,,,
2026-davis-cup,Davis Cup,Hard,,D,,20260815,14,van-schalkwyk,,,Van Schalkwyk,,,,,,,noudogbessi,,,Noudogbessi,,,,,,,6-4 7-5,3,,,,,,,,,,,,,,,,,,,,
2026-davis-cup,Davis Cup,Hard,,D,,20260815,15,gatoto,,,Gatoto,,,,,,,hoimian,,,Hoimian,,,,,,,6-1 6-2,3,,,,,,,,,,,,,,,,,,,,
2026-davis-cup,Davis Cup,Hard,,D,,20260815,16,iradukunda,,,Iradukunda,,,,,,,koffi-ae808,,,Koffi,,,,,,,6-2 6-4,3,,,,,,,,,,,,,,,,,,,,
2026-davis-cup,Davis Cup,Hard,,D,,20260815,17,van-schalkwyk-60699,,,Van Schalkwyk,,,,,,,klegou,,,Klegou,,,,,,,6-1,3,,,,,,,,,,,,,,,,,,,,
2026-davis-cup,Davis Cup,Hard,,D,,20260815,18,andre-ba2d1,,,Andre,,,,,,,koffi-9aef8,,,Koffi,,,,,,,6-3 6-0,3,,,,,,,,,,,,,,,,,,,,
2026-davis-cup,Davis Cup,Hard,,D,,20260814,19,jadoun,,,Jadoun,,,,,,,malick,,,Malick,,,,,,,6-0 6-0,3,,,,,,,,,,,,,,,,,,,,
2026-davis-cup,Davis Cup,Hard,,D,,20260814,20,gatoto,,,Gatoto,,,,,,,andre-ba2d1,,,Andre,,,,,,,7-5 7-613,3,,,,,,,,,,,,,,,,,,,,
2026-davis-cup,Davis Cup,Hard,,D,,20260814,21,hoimian,,,Hoimian,,,,,,,noudogbessi,,,Noudogbessi,,,,,,,64-7 6-2 7-66,3,,,,,,,,,,,,,,,,,,,,
2026-davis-cup,Davis Cup,Hard,,D,,20260814,22,klegou,,,Klegou,,,,,,,koffi-ae808,,,Koffi,,,,,,,6-3 6-2,3,,,,,,,,,,,,,,,,,,,,
2026-davis-cup,Davis Cup,Hard,,D,,20260814,23,ajavon,,,Ajavon,,,,,,,van-schalkwyk,,,Van Schalkwyk,,,,,,,6-3 3-6 6-1,3,,,,,,,,,,,,,,,,,,,,
2026-davis-cup,Davis Cup,Hard,,D,,20260814,24,van-schalkwyk-60699,,,Van Schalkwyk,,,,,,,koffi-9aef8,,,Koffi,,,,,,,6-3 6-2,3,,,,,,,,,,,,,,,,,,,,
2026-davis-cup,Davis Cup,Hard,,D,,20260813,25,gatoto,,,Gatoto,,,,,,,kakpo,,,Kakpo,,,,,,,6-2 6-2,3,,,,,,,,,,,,,,,,,,,,
2026-davis-cup,Davis Cup,Hard,,D,,20260813,26,iradukunda,,,Iradukunda,,,,,,,segodo-463c5,,,Segodo,,,,,,,6-0 6-0,3,,,,,,,,,,,,,,,,,,,,
2026-davis-cup,Davis Cup,Hard,,D,,20260813,27,jadoun,,,Jadoun,,,,,,,van-schalkwyk,,,Van Schalkwyk,,,,,,,7-5 6-4,3,,,,,,,,,,,,,,,,,,,,
2026-davis-cup,Davis Cup,Hard,,D,,20260813,28,van-schalkwyk-60699,,,Van Schalkwyk,,,,,,,andre-ba2d1,,,Andre,,,,,,,6-4 6-2,3,,,,,,,,,,,,,,,,,,,,
2026-davis-cup,Davis Cup,Hard,,D,,20260813,29,kwami-stanislas-roland,,,Kwami Stanislas Roland,,,,,,,hoimian,,,Hoimian,,,,,,,6-2 7-65,3,,,,,,,,,,,,,,,,,,,,
2026-davis-cup,Davis Cup,Hard,,D,,20260813,30,koffi-ae808,,,Koffi,,,,,,,koffi-9aef8,,,Koffi,,,,,,,6-4 7-5,3,,,,,,,,,,,,,,,,,,,,
2026-davis-cup,Davis Cup,Hard,,D,,20260812,31,jadoun,,,Jadoun,,,,,,,hoimian,,,Hoimian,,,,,,,6-1 6-1,3,,,,,,,,,,,,,,,,,,,,
2026-davis-cup,Davis Cup,Hard,,D,,20260812,32,andre-ba2d1,,,Andre,,,,,,,koffi-ae808,,,Koffi,,,,,,,6-3 6-3,3,,,,,,,,,,,,,,,,,,,,
2026-davis-cup,Davis Cup,Hard,,D,,20260812,33,gatoto,,,Gatoto,,,,,,,van-schalkwyk,,,Van Schalkwyk,,,,,,,6-3 6-2,3,,,,,,,,,,,,,,,,,,,,
2026-davis-cup,Davis Cup,Hard,,D,,20260812,34,van-schalkwyk-60699,,,Van Schalkwyk,,,,,,,iradukunda,,,Iradukunda,,,,,,,6-4 6-3,3,,,,,,,,,,,,,,,,,,,,
2026-davis-cup,Davis Cup,Hard,,D,,20260812,35,noudogbessi,,,Noudogbessi,,,,,,,ajavon,,,Ajavon,,,,,,,6-3 4-6 6-4,3,,,,,,,,,,,,,,,,,,,,
2026-davis-cup,Davis Cup,Hard,,D,,20260812,36,klegou,,,Klegou,,,,,,,koffi-9aef8,,,Koffi,,,,,,,6-1 6-1,3,,,,,,,,,,,,,,,,,,,,
2026-davis-cup,Davis Cup,Hard,,D,,20260811,37,jadoun,,,Jadoun,,,,,,,kakpo,,,Kakpo,,,,,,,6-1 6-1,3,,,,,,,,,,,,,,,,,,,,
2026-davis-cup,Davis Cup,Hard,,D,,20260811,38,andre-ba2d1,,,Andre,,,,,,,segodo-463c5,,,Segodo,,,,,,,6-1 6-0,3,,,,,,,,,,,,,,,,,,,,
2026-davis-cup,Davis Cup,Hard,,D,,20260811,39,van-schalkwyk,,,Van Schalkwyk,,,,,,,hoimian,,,Hoimian,,,,,,,6-1 6-2,3,,,,,,,,,,,,,,,,,,,,
2026-davis-cup,Davis Cup,Hard,,D,,20260811,40,van-schalkwyk-60699,,,Van Schalkwyk,,,,,,,koffi-ae808,,,Koffi,,,,,,,6-0 6-1,3,,,,,,,,,,,,,,,,,,,,
2026-davis-cup,Davis Cup,Hard,,D,,20260811,41,gatoto,,,Gatoto,,,,,,,ajavon,,,Ajavon,,,,,,,6-2 6-1,3,,,,,,,,,,,,,,,,,,,,
2026-davis-cup,Davis Cup,Hard,,D,,20260811,42,iradukunda,,,Iradukunda,,,,,,,koffi-ae808,,,Koffi,,,,,,,6-2 6-0,3,,,,,,,,,,,,,,,,,,,,
2026-davis-cup,Davis Cup,Hard,,D,,20260725,43,rakotondramanga,,,Rakotondramanga,,,,,,,obiang-ondo,,,Obiang Ondo,,,,,,,6-0 6-2,3,,,,,,,,,,,,,,,,,,,,
2026-davis-cup,Davis Cup,Hard,,D,,20260725,44,antchandie,,,Antchandie,,,,,,,rakotondrasoa-6a870,,,Rakotondrasoa,,,,,,,6-3 6-3,3,,,,,,,,,,,,,,,,,,,,
2026-davis-cup,Davis Cup,Hard,,D,,20260725,45,chansa,,,Chansa,,,,,,,mathiot,,,Mathiot,,,,,,,6-1 6-0,3,,,,,,,,,,,,,,,,,,,,
2026-davis-cup,Davis Cup,Hard,,D,,20260725,46,phiri-ca7d4,,,Phiri,,,,,,,maria-c6435,,,Maria,,,,,,,6-0 6-3,3,,,,,,,,,,,,,,,,,,,,
2026-davis-cup,Davis Cup,Hard,,D,,20260725,47,kiyari-mabiala,,,Kiyari Mabiala,,,,,,,sall-5ca23,,,Sall,,,,,,,4-6 7-5 6-3,3,,,,,,,,,,,,,,,,,,,,
2026-davis-cup,Davis Cup,Hard,,D,,20260725,48,teboh,,,Teboh,,,,,,,mouhan,,,Mouhan,,,,,,,7-69 6-3,3,,,,,,,,,,,,,,,,,,,,
2026-davis-cup,Davis Cup,Hard,,D,,20260725,49,niyigena,,,Niyigena,,,,,,,okello,,,Okello,,,,,,,6-3 6-3,3,,,,,,,,,,,,,,,,,,,,
2026-davis-cup,Davis Cup,Hard,,D,,20260725,50,wijemanne-06a0e,,,Wijemanne,,,,,,,qabazard,,,Qabazard,,,,,,,6-4 6-4,3,,,,,,,,,,,,,,,,,,,,
2026-davis-cup,Davis Cup,Hard,,D,,20260725,51,kebede,,,Kebede,,,,,,,mallya,,,Mallya,,,,,,,6-0 6-0,3,,,,,,,,,,,,,,,,,,,,
2026-davis-cup,Davis Cup,Hard,,D,,20260725,52,hagoua-valentin-brayan-alexis,,,Hagoua Valentin Brayan Alexis,,,,,,,elwali,,,Elwali,,,,,,,6-1 6-1,3,,,,,,,,,,,,,,,,,,,,
2026-davis-cup,Davis Cup,Hard,,D,,20260725,53,ishimwe-32594,,,Ishimwe,,,,,,,kiriwo,,,Kiriwo,,,,,,,6-1 6-3,3,,,,,,,,,,,,,,,,,,,,
2026-davis-cup,Davis Cup,Hard,,D,,20260725,54,musa-40b48,,,Musa,,,,,,,pancrass,,,Pancrass,,,,,,,6-2 6-1,3,,,,,,,,,,,,,,,,,,,,
2026-davis-cup,Davis Cup,Hard,,D,,20260725,55,blal,,,Blal,,,,,,,ndona,,,Ndona,,,,,,,7-65 6-4,3,,,,,,,,,,,,,,,,,,,,
2026-davis-cup,Davis Cup,Hard,,D,,20260725,56,mirdzhaliev,,,Mirdzhaliev,,,,,,,zayed,,,Zayed,,,,,,,6-3 6-2,3,,,,,,,,,,,,,,,,,,,,
2026-davis-cup,Davis Cup,Hard,,D,,20260725,57,sinclair-7a791,,,Sinclair,,,,,,,geldyev,,,Geldyev,,,,,,,6-1 6-1,3,,,,,,,,,,,,,,,,,,,,
2026-davis-cup,Davis Cup,Hard,,D,,20260725,58,perera-85f81,,,Perera,,,,,,,alabdullah,,,Alabdullah,,,,,,,7-5 2-6 6-2,3,,,,,,,,,,,,,,,,,,,,
2026-davis-cup,Davis Cup,Hard,,D,,20260725,59,zayid,,,Zayid,,,,,,,kistanov,,,Kistanov,,,,,,,3-6 6-1 6-2,3,,,,,,,,,,,,,,,,,,,,
2026-davis-cup,Davis Cup,Hard,,D,,20260725,60,atayev,,,Atayev,,,,,,,ramsey-3723d,,,Ramsey,,,,,,,6-2 6-0,3,,,,,,,,,,,,,,,,,,,,
2026-davis-cup,Davis Cup,Hard,,D,,20260724,61,rakotondramanga,,,Rakotondramanga,,,,,,,mohammed-26455,,,Mohammed,,,,,,,6-0 6-1,3,,,,,,,,,,,,,,,,,,,,
2026-davis-cup,Davis Cup,Hard,,D,,20260724,62,antchandie,,,Antchandie,,,,,,,shomvi,,,Shomvi,,,,,,,6-0 6-0,3,,,,,,,,,,,,,,,,,,,,
2026-davis-cup,Davis Cup,Hard,,D,,20260724,63,teboh,,,Teboh,,,,,,,kiriwo,,,Kiriwo,,,,,,,4-6 6-0 6-0,3,,,,,,,,,,,,,,,,,,,,
2026-davis-cup,Davis Cup,Hard,,D,,20260724,64,mouhan,,,Mouhan,,,,,,,ishimwe-32594,,,Ishimwe,,,,,,,6-4 6-3,3,,,,,,,,,,,,,,,,,,,,
2026-davis-cup,Davis Cup,Hard,,D,,20260724,65,rakotondrasoa-6a870,,,Rakotondrasoa,,,,,,,kebede,,,Kebede,,,,,,,6-0 6-2,3,,,,,,,,,,,,,,,,,,,,
2026-davis-cup,Davis Cup,Hard,,D,,20260724,66,antchandie-0797f,,,Antchandie,,,,,,,mallya,,,Mallya,,,,,,,6-4 6-3,3,,,,,,,,,,,,,,,,,,,,
2026-davis-cup,Davis Cup,Hard,,D,,20260724,67,hagoua-valentin-brayan-alexis,,,Hagoua Valentin Brayan Alexis,,,,,,,ayella,,,Ayella,,,,,,,6-4 6-0,3,,,,,,,,,,,,,,,,,,,,
2026-davis-cup,Davis Cup,Hard,,D,,20260724,68,hakizumwami,,,Hakizumwami,,,,,,,shtiwe,,,Shtiwe,,,,,,,6-0 6-0,3,,,,,,,,,,,,,,,,,,,,
2026-davis-cup,Davis Cup,Hard,,D,,20260724,69,qabazard,,,Qabazard,,,,,,,mirdzhaliev,,,Mirdzhaliev,,,,,,,6-7 7-5 7-6,3,,,,,,,,,,,,,,,,,,,,
2026-davis-cup,Davis Cup,Hard,,D,,20260724,70,sinclair-7a791,,,Sinclair,,,,,,,fernando-bda3a,,,Fernando,,,,,,,6-1 6-2,3,,,,,,,,,,,,,,,,,,,,
2026-davis-cup,Davis Cup,Hard,,D,,20260724,71,geldyev,,,Geldyev,,,,,,,al-shammari-3d74a,,,Al-Shammari,,,,,,,6-4 6-3,3,,,,,,,,,,,,,,,,,,,,
2026-davis-cup,Davis Cup,Hard,,D,,20260724,72,atayev,,,Atayev,,,,,,,bakr,,,Bakr,,,,,,,7-6 1-6 7-5,3,,,,,,,,,,,,,,,,,,,,
2026-davis-cup,Davis Cup,Hard,,D,,20260724,73,kistanov,,,Kistanov,,,,,,,mubarak,,,Mubarak,,,,,,,6-3 4-6 6-1,3,,,,,,,,,,,,,,,,,,,,
2026-davis-cup,Davis Cup,Hard,,D,,20260724,74,perera-85f81,,,Perera,,,,,,,ramsey-3723d,,,Ramsey,,,,,,,6-2 6-3,3,,,,,,,,,,,,,,,,,,,,
2026-davis-cup,Davis Cup,Hard,,D,,20260723,75,shomvi,,,Shomvi,,,,,,,pandzou-ekoume,,,Pandzou Ekoume,,,,,,,7-5 6-3,3,,,,,,,,,,,,,,,,,,,,
2026-davis-cup,Davis Cup,Hard,,D,,20260723,76,mouhan,,,Mouhan,,,,,,,maria-c6435,,,Maria,,,,,,,6-0 6-1,3,,,,,,,,,,,,,,,,,,,,
2026-davis-cup,Davis Cup,Hard,,D,,20260723,77,sinclair-7a791,,,Sinclair,,,,,,,zayed,,,Zayed,,,,,,,6-1 4-6 7-64,3,,,,,,,,,,,,,,,,,,,,
2026-davis-cup,Davis Cup,Hard,,D,,20260723,78,elwali,,,Elwali,,,,,,,mathiot,,,Mathiot,,,,,,,6-0 6-0,3,,,,,,,,,,,,,,,,,,,,
2026-davis-cup,Davis Cup,Hard,,D,,20260723,79,kiyari-mabiala,,,Kiyari Mabiala,,,,,,,pancrass,,,Pancrass,,,,,,,6-2 6-2,3,,,,,,,,,,,,,,,,,,,,
2026-davis-cup,Davis Cup,Hard,,D,,20260723,80,okello,,,Okello,,,,,,,mwale,,,Mwale,,,,,,,6-4 6-1,3,,,,,,,,,,,,,,,,,,,,
2026-davis-cup,Davis Cup,Hard,,D,,20260723,81,tesgaye-tefera,,,Tesgaye Tefera,,,,,,,blal,,,Blal,,,,,,,6-0 6-0,3,,,,,,,,,,,,,,,,,,,,
2026-davis-cup,Davis Cup,Hard,,D,,20260723,82,musa-40b48,,,Musa,,,,,,,sall-5ca23,,,Sall,,,,,,,6-2 6-2,3,,,,,,,,,,,,,,,,,,,,
2026-davis-cup,Davis Cup,Hard,,D,,20260723,83,kiriwo,,,Kiriwo,,,,,,,chansa,,,Chansa,,,,,,,6-4 4-6 6-2,3,,,,,,,,,,,,,,,,,,,,
2026-davis-cup,Davis Cup,Hard,,D,,20260723,84,mirdzhaliev,,,Mirdzhaliev,,,,,,,geldyev,,,Geldyev,,,,,,,6-2 6-1,3,,,,,,,,,,,,,,,,,,,,
2026-davis-cup,Davis Cup,Hard,,D,,20260723,85,qabazard,,,Qabazard,,,,,,,al-shammari-3d74a,,,Al-Shammari,,,,,,,6-2 6-1,3,,,,,,,,,,,,,,,,,,,,
2026-davis-cup,Davis Cup,Hard,,D,,20260723,86,zayid,,,Zayid,,,,,,,schorr,,,Schorr,,,,,,,6-0 6-0,3,,,,,,,,,,,,,,,,,,,,
2026-davis-cup,Davis Cup,Hard,,D,,20260723,87,kamalov-72f91,,,Kamalov,,,,,,,chagylov-9c143,,,Chagylov,,,,,,,6-2 6-0,3,,,,,,,,,,,,,,,,,,,,
2026-davis-cup,Davis Cup,Hard,,D,,20260723,88,mubarak,,,Mubarak,,,,,,,bakr,,,Bakr,,,,,,,6-2 6-0,3,,,,,,,,,,,,,,,,,,,,
2026-davis-cup,Davis Cup,Hard,,D,,20260722,89,rakotondrasoa-6a870,,,Rakotondrasoa,,,,,,,blal,,,Blal,,,,,,,6-1 6-0,3,,,,,,,,,,,,,,,,,,,,
2026-davis-cup,Davis Cup,Hard,,D,,20260722,90,teboh,,,Teboh,,,,,,,mwale,,,Mwale,,,,,,,6-0 6-1,3,,,,,,,,,,,,,,,,,,,,
2026-davis-cup,Davis Cup,Hard,,D,,20260722,91,obiang-ondo,,,Obiang Ondo,,,,,,,pandzou-ekoume,,,Pandzou Ekoume,,,,,,,6-2 6-4,3,,,,,,,,,,,,,,,,,,,,
2026-davis-cup,Davis Cup,Hard,,D,,20260722,92,ishimwe-32594,,,Ishimwe,,,,,,,maria-c6435,,,Maria,,,,,,,6-2 6-0,3,,,,,,,,,,,,,,,,,,,,
2026-davis-cup,Davis Cup,Hard,,D,,20260722,93,andriamasilalao,,,Andriamasilalao,,,,,,,sleimane,,,Sleimane,,,,,,,6-0 6-0,3,,,,,,,,,,,,,,,,,,,,
2026-davis-cup,Davis Cup,Hard,,D,,20260722,94,hagoua-valentin-brayan-alexis,,,Hagoua Valentin Brayan Alexis,,,,,,,phiri-ca7d4,,,Phiri,,,,,,,6-0 6-0,3,,,,,,,,,,,,,,,,,,,,
2026-davis-cup,Davis Cup,Hard,,D,,20260722,95,antchandie,,,Antchandie,,,,,,,kiyari-mabiala,,,Kiyari Mabiala,,,,,,,6-0 6-0,3,,,,,,,,,,,,,,,,,,,,
2026-davis-cup,Davis Cup,Hard,,D,,20260722,96,hakizumwami,,,Hakizumwami,,,,,,,ah-kon,,,Ah-kon,,,,,,,6-0 6-0,3,,,,,,,,,,,,,,,,,,,,
2026-davis-cup,Davis Cup,Hard,,D,,20260722,97,wijemanne-06a0e,,,Wijemanne,,,,,,,zayed,,,Zayed,,,,,,,3-6 6-4 6-4,3,,,,,,,,,,,,,,,,,,,,
2026-davis-cup,Davis Cup,Hard,,D,,20260722,98,mirdzhaliev,,,Mirdzhaliev,,,,,,,al-ubaidy,,,Al-Ubaidy,,,,,,,6-0 7-62,3,,,,,,,,,,,,,,,,,,,,
2026-davis-cup,Davis Cup,Hard,,D,,20260722,99,qabazard,,,Qabazard,,,,,,,geldyev,,,Geldyev,,,,,,,6-4 6-1,3,,,,,,,,,,,,,,,,,,,,
2026-davis-cup,Davis Cup,Hard,,D,,20260722,100,zayid,,,Zayid,,,,,,,perera-85f81,,,Perera,,,,,,,6-3 4-6 6-2,3,,,,,,,,,,,,,,,,,,,,
2026-davis-cup,Davis Cup,Hard,,D,,20260722,101,kistanov,,,Kistanov,,,,,,,al-shammari-3d74a,,,Al-Shammari,,,,,,,6-2 7-5,3,,,,,,,,,,,,,,,,,,,,
2026-davis-cup,Davis Cup,Hard,,D,,20260722,102,mubarak,,,Mubarak,,,,,,,atayev,,,Atayev,,,,,,,6-1 6-0,3,,,,,,,,,,,,,,,,,,,,
2026-davis-cup,Davis Cup,Hard,,D,,20260718,103,alhogbani-6937f,,,Alhogbani,,,,,,,chan-baa4c,,,Chan,,,,,,,2-6 6-2 6-3,3,,,,,,,,,,,,,,,,,,,,
2026-davis-cup,Davis Cup,Hard,,D,,20260718,104,yazdani,,,Yazdani,,,,,,,alkotop-725e9,,,Alkotop,,,,,,,4-6 6-4 6-1,3,,,,,,,,,,,,,,,,,,,,
2026-davis-cup,Davis Cup,Hard,,D,,20260718,105,lim-217bc,,,Lim,,,,,,,abdul-hazli,,,Abdul Hazli,,,,,,,6-1 6-1,3,,,,,,,,,,,,,,,,,,,,
2026-davis-cup,Davis Cup,Hard,,D,,20260718,106,vu-89974,,,Vu,,,,,,,milushev-83a7f,,,Milushev,,,,,,,6-2 7-63,3,,,,,,,,,,,,,,,,,,,,
2026-davis-cup,Davis Cup,Hard,,D,,20260718,107,alhogbani-13710,,,Alhogbani,,,,,,,tan-c043d,,,Tan,,,,,,,3-6 6-3 6-1,3,,,,,,,,,,,,,,,,,,,,
2026-davis-cup,Davis Cup,Hard,,D,,20260718,108,elyasi,,,Elyasi,,,,,,,alkotop,,,Alkotop,,,,,,,3-6 6-4 6-4,3,,,,,,,,,,,,,,,,,,,,
2026-davis-cup,Davis Cup,Hard,,D,,20260718,109,suresh-kumar-5a16e,,,Suresh Kumar,,,,,,,olivarez-02ad5,,,Olivarez,,,,,,,7-65 6-3,3,,,,,,,,,,,,,,,,,,,,
2026-davis-cup,Davis Cup,Hard,,D,,20260718,110,pham-la-hoang-anh,,,Pham La Hoang Anh,,,,,,,abdusamadov,,,Abdusamadov,,,,,,,65-7 6-1 6-1,3,,,,,,,,,,,,,,,,,,,,
2026-davis-cup,Davis Cup,Hard,,D,,20260717,111,chan-baa4c,,,Chan,,,,,,,lim-217bc,,,Lim,,,,,,,6-3 6-2,3,,,,,,,,,,,,,,,,,,,,
2026-davis-cup,Davis Cup,Hard,,D,,20260717,112,yazdani,,,Yazdani,,,,,,,alhogbani-6937f,,,Alhogbani,,,,,,,6-3 6-3,3,,,,,,,,,,,,,,,,,,,,
2026-davis-cup,Davis Cup,Hard,,D,,20260717,113,vu-89974,,,Vu,,,,,,,abdul-hazli,,,Abdul Hazli,,,,,,,6-7 6-1 6-2,3,,,,,,,,,,,,,,,,,,,,
2026-davis-cup,Davis Cup,Hard,,D,,20260717,114,alkotop-725e9,,,Alkotop,,,,,,,fomin,,,Fomin,,,,,,,4-6 7-5 1-0,3,,,,,,,,,,,,,,,,,,,,
2026-davis-cup,Davis Cup,Hard,,D,,20260717,115,tan-c043d,,,Tan,,,,,,,olivarez-02ad5,,,Olivarez,,,,,,,7-5 6-4,3,,,,,,,,,,,,,,,,,,,,
2026-davis-cup,Davis Cup,Hard,,D,,20260717,116,nguyen-9eb84,,,Nguyen,,,,,,,kamaruzzaman,,,Kamaruzzaman,,,,,,,3-6 6-0 6-2,3,,,,,,,,,,,,,,,,,,,,
2026-davis-cup,Davis Cup,Hard,,D,,20260717,117,moghimi-87b35,,,Moghimi,,,,,,,alhogbani-13710,,,Alhogbani,,,,,,,6-2 7-64,3,,,,,,,,,,,,,,,,,,,,
2026-davis-cup,Davis Cup,Hard,,D,,20260717,118,mashni,,,Mashni,,,,,,,usmonjonov,,,Usmonjonov,,,,,,,6-3 6-0,3,,,,,,,,,,,,,,,,,,,,
2026-davis-cup,Davis Cup,Hard,,D,,20260716,119,alhogbani-6937f,,,Alhogbani,,,,,,,koay,,,Koay,,,,,,,7-5 6-1,3,,,,,,,,,,,,,,,,,,,,
2026-davis-cup,Davis Cup,Hard,,D,,20260716,120,chan-baa4c,,,Chan,,,,,,,alkotop-725e9,,,Alkotop,,,,,,,6-4 6-3,3,,,,,,,,,,,,,,,,,,,,
2026-davis-cup,Davis Cup,Hard,,D,,20260716,121,yazdani,,,Yazdani,,,,,,,vu-89974,,,Vu,,,,,,,6-2 6-2,3,,,,,,,,,,,,,,,,,,,,
2026-davis-cup,Davis Cup,Hard,,D,,20260716,122,fomin,,,Fomin,,,,,,,lim-217bc,,,Lim,,,,,,,6-4 6-2,3,,,,,,,,,,,,,,,,,,,,
2026-davis-cup,Davis Cup,Hard,,D,,20260716,123,alhogbani-13710,,,Alhogbani,,,,,,,suresh-kumar-5a16e,,,Suresh Kumar,,,,,,,6-2 2-6 6-2,3,,,,,,,,,,,,,,,,,,,,
2026-davis-cup,Davis Cup,Hard,,D,,20260716,124,mashni,,,Mashni,,,,,,,tan-c043d,,,Tan,,,,,,,6-3 6-2,3,,,,,,,,,,,,,,,,,,,,
2026-davis-cup,Davis Cup,Hard,,D,,20260716,125,olivarez-02ad5,,,Olivarez,,,,,,,milushev-83a7f,,,Milushev,,,,,,,6-3 6-2,3,,,,,,,,,,,,,,,,,,,,
2026-davis-cup,Davis Cup,Hard,,D,,20260716,126,moghimi-87b35,,,Moghimi,,,,,,,pham-la-hoang-anh,,,Pham La Hoang Anh,,,,,,,6-0 6-1,3,,,,,,,,,,,,,,,,,,,,
2026-davis-cup,Davis Cup,Hard,,D,,20260715,127,alhogbani-6937f,,,Alhogbani,,,,,,,vu-89974,,,Vu,,,,,,,2-6 6-0 6-3,3,,,,,,,,,,,,,,,,,,,,
2026-davis-cup,Davis Cup,Hard,,D,,20260715,128,alkotop-725e9,,,Alkotop,,,,,,,lim-217bc,,,Lim,,,,,,,7-65 0-6 1-0,3,,,,,,,,,,,,,,,,,,,,
2026-davis-cup,Davis Cup,Hard,,D,,20260715,129,yazdani,,,Yazdani,,,,,,,koay,,,Koay,,,,,,,7-5 6-2,3,,,,,,,,,,,,,,,,,,,,
2026-davis-cup,Davis Cup,Hard,,D,,20260715,130,fomin,,,Fomin,,,,,,,chan-baa4c,,,Chan,,,,,,,6-4 7-65,3,,,,,,,,,,,,,,,,,,,,
2026-davis-cup,Davis Cup,Hard,,D,,20260715,131,suresh-kumar-5a16e,,,Suresh Kumar,,,,,,,moghimi-87b35,,,Moghimi,,,,,,,6-3 7-5,3,,,,,,,,,,,,,,,,,,,,
2026-davis-cup,Davis Cup,Hard,,D,,20260715,132,alhogbani-13710,,,Alhogbani,,,,,,,pham-la-hoang-anh,,,Pham La Hoang Anh,,,,,,,6-1 7-65,3,,,,,,,,,,,,,,,,,,,,
2026-davis-cup,Davis Cup,Hard,,D,,20260715,133,tan-c043d,,,Tan,,,,,,,milushev-83a7f,,,Milushev,,,,,,,7-63 6-0,3,,,,,,,,,,,,,,,,,,,,
2026-davis-cup,Davis Cup,Hard,,D,,20260715,134,mashni,,,Mashni,,,,,,,olivarez-02ad5,,,Olivarez,,,,,,,6-4 6-4,3,,,,,,,,,,,,,,,,,,,,
2026-davis-cup,Davis Cup,Hard,,D,,20260711,135,beckles-49dd9,,,Beckles,,,,,,,angus-b4a68,,,Angus,,,,,,,6-1 6-4,3,,,,,,,,,,,,,,,,,,,,
2026-davis-cup,Davis Cup,Hard,,D,,20260711,136,sydow-3197f,,,Sydow,,,,,,,gonzalez-cbfba,,,Gonzalez,,,,,,,6-1 6-0,3,,,,,,,,,,,,,,,,,,,,
2026-davis-cup,Davis Cup,Hard,,D,,20260711,137,bennaton,,,Bennaton,,,,,,,bergen-3c7b8,,,Bergen,,,,,,,6-4 6-2,3,,,,,,,,,,,,,,,,,,,,
2026-davis-cup,Davis Cup,Hard,,D,,20260711,138,frankel,,,Frankel,,,,,,,martinez-5f8d2,,,Martinez,,,,,,,6-3 4-6 6-3,3,,,,,,,,,,,,,,,,,,,,
2026-davis-cup,Davis Cup,Hard,,D,,20260711,139,lopez-alcerro,,,Lopez Alcerro,,,,,,,samson-b8115,,,Samson,,,,,,,6-0 6-3,3,,,,,,,,,,,,,,,,,,,,
2026-davis-cup,Davis Cup,Hard,,D,,20260711,140,mcintosh-ross,,,McIntosh-Ross,,,,,,,alfred,,,Alfred,,,,,,,6-7 6-3 7-6,3,,,,,,,,,,,,,,,,,,,,
2026-davis-cup,Davis Cup,Hard,,D,,20260710,141,angus-b4a68,,,Angus,,,,,,,bergen-3c7b8,,,Bergen,,,,,,,6-2 6-0,3,,,,,,,,,,,,,,,,,,,,
2026-davis-cup,Davis Cup,Hard,,D,,20260710,142,beckles-49dd9,,,Beckles,,,,,,,gonzalez-cbfba,,,Gonzalez,,,,,,,6-0 6-0,3,,,,,,,,,,,,,,,,,,,,
2026-davis-cup,Davis Cup,Hard,,D,,20260710,143,sydow-3197f,,,Sydow,,,,,,,monelle,,,Monelle,,,,,,,6-0 6-1,3,,,,,,,,,,,,,,,,,,,,
2026-davis-cup,Davis Cup,Hard,,D,,20260710,144,martinez-5f8d2,,,Martinez,,,,,,,mcintosh-ross,,,McIntosh-Ross,,,,,,,6-1 7-5,3,,,,,,,,,,,,,,,,,,,,
2026-davis-cup,Davis Cup,Hard,,D,,20260710,145,alfred,,,Alfred,,,,,,,loor-1b2cd,,,Loor,,,,,,,6-2 4-6 6-3,3,,,,,,,,,,,,,,,,,,,,
2026-davis-cup,Davis Cup,Hard,,D,,20260710,146,hodgson-ee35b,,,Hodgson,,,,,,,hughes-ed99a,,,Hughes,,,,,,,6-0 6-0,3,,,,,,,,,,,,,,,,,,,,
2026-davis-cup,Davis Cup,Hard,,D,,20260709,147,beckles-49dd9,,,Beckles,,,,,,,bennaton,,,Bennaton,,,,,,,6-3 6-1,3,,,,,,,,,,,,,,,,,,,,
2026-davis-cup,Davis Cup,Hard,,D,,20260709,148,sydow-3197f,,,Sydow,,,,,,,angus-b4a68,,,Angus,,,,,,,6-2 6-1,3,,,,,,,,,,,,,,,,,,,,
2026-davis-cup,Davis Cup,Hard,,D,,20260709,149,bergen-3c7b8,,,Bergen,,,,,,,williams-6524d,,,Williams,,,,,,,6-4 6-3,3,,,,,,,,,,,,,,,,,,,,
2026-davis-cup,Davis Cup,Hard,,D,,20260709,150,frankel,,,Frankel,,,,,,,alfred,,,Alfred,,,,,,,6-0 6-2,3,,,,,,,,,,,,,,,,,,,,
2026-davis-cup,Davis Cup,Hard,,D,,20260709,151,mcintosh-ross,,,McIntosh-Ross,,,,,,,coloma-c0191,,,Coloma,,,,,,,6-4 6-1,3,,,,,,,,,,,,,,,,,,,,
2026-davis-cup,Davis Cup,Hard,,D,,20260709,152,loor-1b2cd,,,Loor,,,,,,,monelle,,,Monelle,,,,,,,6-0 6-0,3,,,,,,,,,,,,,,,,,,,,
2026-davis-cup,Davis Cup,Hard,,D,,20260708,153,sydow-3197f,,,Sydow,,,,,,,bergen-3c7b8,,,Bergen,,,,,,,6-1 6-0,3,,,,,,,,,,,,,,,,,,,,
2026-davis-cup,Davis Cup,Hard,,D,,20260708,154,alfred,,,Alfred,,,,,,,monelle,,,Monelle,,,,,,,6-1 6-1,3,,,,,,,,,,,,,,,,,,,,
2026-davis-cup,Davis Cup,Hard,,D,,20260708,155,bennaton,,,Bennaton,,,,,,,gonzalez-cbfba,,,Gonzalez,,,,,,,6-3 6-0,3,,,,,,,,,,,,,,,,,,,,
2026-davis-cup,Davis Cup,Hard,,D,,20260708,156,frankel,,,Frankel,,,,,,,loor-1b2cd,,,Loor,,,,,,,6-1 6-0,3,,,,,,,,,,,,,,,,,,,,
2026-davis-cup,Davis Cup,Hard,,D,,20260708,157,angus-b4a68,,,Angus,,,,,,,hughes-ed99a,,,Hughes,,,,,,,6-0 6-1,3,,,,,,,,,,,,,,,,,,,,
2026-davis-cup,Davis Cup,Hard,,D,,20260708,158,martinez-5f8d2,,,Martinez,,,,,,,coloma-c0191,,,Coloma,,,,,,,6-3 6-1,3,,,,,,,,,,,,,,,,,,,,
2026-davis-cup,Davis Cup,Hard,,D,,20260620,159,asaba-95128,,,Asaba,,,,,,,lock-243e2,,,Lock,,,,,,,7-6 4-6 6-2,3,,,,,,,,,,,,,,,,,,,,
2026-davis-cup,Davis Cup,Hard,,D,,20260620,160,sahtali-d2569,,,Sahtali,,,,,,,domingos,,,Domingos,,,,,,,6-2 6-2,3,,,,,,,,,,,,,,,,,,,,
2026-davis-cup,Davis Cup,Hard,,D,,20260620,161,shah-f263b,,,Shah,,,,,,,de-sousa-figueiredo,,,De Sousa Figueiredo,,,,,,,6-2 6-2,3,,,,,,,,,,,,,,,,,,,,
2026-davis-cup,Davis Cup,Hard,,D,,20260620,162,raguin-97291,,,Raguin,,,,,,,bokungu,,,Bokungu,,,,,,,6-1 6-0,3,,,,,,,,,,,,,,,,,,,,
2026-davis-cup,Davis Cup,Hard,,D,,20260620,163,degabriele,,,Degabriele,,,,,,,poghosyan-a59f2,,,Poghosyan,,,,,,,6-0 6-3,3,,,,,,,,,,,,,,,,,,,,
2026-davis-cup,Davis Cup,Hard,,D,,20260620,164,sigurdsson-c2c34,,,Sigurdsson,,,,,,,davasse-vidal,,,Davasse Vidal,,,,,,,6-2 6-0,3,,,,,,,,,,,,,,,,,,,,
2026-davis-cup,Davis Cup,Hard,,D,,20260620,165,tommesani,,,Tommesani,,,,,,,gaba-9e292,,,Gaba,,,,,,,4-6 6-1 6-2,3,,,,,,,,,,,,,,,,,,,,
2026-davis-cup,Davis Cup,Hard,,D,,20260620,166,antwi,,,Antwi,,,,,,,mtisi,,,Mtisi,,,,,,,6-4 6-0,3,,,,,,,,,,,,,,,,,,,,
2026-davis-cup,Davis Cup,Hard,,D,,20260620,167,kibue,,,Kibue,,,,,,,tembe-8f357,,,Tembe,,,,,,,6-0 6-1,3,,,,,,,,,,,,,,,,,,,,
2026-davis-cup,Davis Cup,Hard,,D,,20260620,168,marobela-becd3,,,Marobela,,,,,,,kumase,,,Kumase,,,,,,,6-3 3-6 6-4,3,,,,,,,,,,,,,,,,,,,,
2026-davis-cup,Davis Cup,Hard,,D,,20260620,169,hamza-reguig,,,Hamza Reguig,,,,,,,pedro-a42fa,,,Pedro,,,,,,,6-1 6-0,3,,,,,,,,,,,,,,,,,,,,
2026-davis-cup,Davis Cup,Hard,,D,,20260620,170,cervos-noguer,,,Cervos Noguer,,,,,,,bonifacius-60c54,,,Bonifacius,,,,,,,3-6 6-2 7-6,3,,,,,,,,,,,,,,,,,,,,
2026-davis-cup,Davis Cup,Hard,,D,,20260620,171,delicata-c34a5,,,Delicata,,,,,,,aghayan,,,Aghayan,,,,,,,6-1 6-1,3,,,,,,,,,,,,,,,,,,,,
2026-davis-cup,Davis Cup,Hard,,D,,20260620,172,prifti,,,Prifti,,,,,,,bartoletti,,,Bartoletti,,,,,,,6-0 6-1,3,,,,,,,,,,,,,,,,,,,,
2026-davis-cup,Davis Cup,Hard,,D,,20260619,173,shah-f263b,,,Shah,,,,,,,asaba-95128,,,Asaba,,,,,,,6-2 3-6 6-3,3,,,,,,,,,,,,,,,,,,,,
2026-davis-cup,Davis Cup,Hard,,D,,20260619,174,domingos,,,Domingos,,,,,,,lock-243e2,,,Lock,,,,,,,6-2 6-2,3,,,,,,,,,,,,,,,,,,,,
2026-davis-cup,Davis Cup,Hard,,D,,20260619,175,sahtali-d2569,,,Sahtali,,,,,,,raguin-97291,,,Raguin,,,,,,,6-3 6-4,3,,,,,,,,,,,,,,,,,,,,
2026-davis-cup,Davis Cup,Hard,,D,,20260619,176,de-sousa-figueiredo,,,De Sousa Figueiredo,,,,,,,ikondo-moke,,,Ikondo Moke,,,,,,,5-7 6-4 6-3,3,,,,,,,,,,,,,,,,,,,,
2026-davis-cup,Davis Cup,Hard,,D,,20260619,177,tommesani,,,Tommesani,,,,,,,davasse-vidal,,,Davasse Vidal,,,,,,,64-7 6-3 6-2,3,,,,,,,,,,,,,,,,,,,,
2026-davis-cup,Davis Cup,Hard,,D,,20260619,178,degabriele,,,Degabriele,,,,,,,sigurdsson-c2c34,,,Sigurdsson,,,,,,,6-4 1-0,3,,,,,,,,,,,,,,,,,,,,
2026-davis-cup,Davis Cup,Hard,,D,,20260619,179,poghosyan-a59f2,,,Poghosyan,,,,,,,prifti,,,Prifti,,,,,,,6-3 6-2,3,,,,,,,,,,,,,,,,,,,,
2026-davis-cup,Davis Cup,Hard,,D,,20260619,180,antwi,,,Antwi,,,,,,,mzai,,,Mzai,,,,,,,7-69 6-1,3,,,,,,,,,,,,,,,,,,,,
2026-davis-cup,Davis Cup,Hard,,D,,20260619,181,hamza-reguig,,,Hamza Reguig,,,,,,,saleshando,,,Saleshando,,,,,,,6-3 6-0,3,,,,,,,,,,,,,,,,,,,,
2026-davis-cup,Davis Cup,Hard,,D,,20260619,182,mtisi,,,Mtisi,,,,,,,pedro-a42fa,,,Pedro,,,,,,,6-4 6-3,3,,,,,,,,,,,,,,,,,,,,
2026-davis-cup,Davis Cup,Hard,,D,,20260619,183,bokungu,,,Bokungu,,,,,,,sigauque-0aa14,,,Sigauque,,,,,,,6-1 6-1,3,,,,,,,,,,,,,,,,,,,,
2026-davis-cup,Davis Cup,Hard,,D,,20260619,184,cervos-noguer,,,Cervos Noguer,,,,,,,bartoletti,,,Bartoletti,,,,,,,6-3 6-0,3,,,,,,,,,,,,,,,,,,,,
2026-davis-cup,Davis Cup,Hard,,D,,20260619,185,delicata-c34a5,,,Delicata,,,,,,,ristic-75e24,,,Ristic,,,,,,,6-1 6-1,3,,,,,,,,,,,,,,,,,,,,
2026-davis-cup,Davis Cup,Hard,,D,,20260619,186,aghayan,,,Aghayan,,,,,,,zili,,,Zili,,,,,,,6-1 6-0,3,,,,,,,,,,,,,,,,,,,,
2026-davis-cup,Davis Cup,Hard,,D,,20260618,187,poghosyan-a59f2,,,Poghosyan,,,,,,,bonifacius-60c54,,,Bonifacius,,,,,,,6-3 4-1,3,,,,,,,,,,,,,,,,,,,,
2026-davis-cup,Davis Cup,Hard,,D,,20260618,188,sahtali-d2569,,,Sahtali,,,,,,,asaba-95128,,,Asaba,,,,,,,6-1 6-4,3,,,,,,,,,,,,,,,,,,,,
2026-davis-cup,Davis Cup,Hard,,D,,20260618,189,raguin-97291,,,Raguin,,,,,,,shah-f263b,,,Shah,,,,,,,7-5 2-6 6-2,3,,,,,,,,,,,,,,,,,,,,
2026-davis-cup,Davis Cup,Hard,,D,,20260618,190,lock-243e2,,,Lock,,,,,,,ikondo-moke,,,Ikondo Moke,,,,,,,6-1 6-3,3,,,,,,,,,,,,,,,,,,,,
2026-davis-cup,Davis Cup,Hard,,D,,20260618,191,domingos,,,Domingos,,,,,,,de-sousa-figueiredo,,,De Sousa Figueiredo,,,,,,,6-1 6-2,3,,,,,,,,,,,,,,,,,,,,
2026-davis-cup,Davis Cup,Hard,,D,,20260618,192,degabriele,,,Degabriele,,,,,,,bartoletti,,,Bartoletti,,,,,,,6-1 6-0,3,,,,,,,,,,,,,,,,,,,,
2026-davis-cup,Davis Cup,Hard,,D,,20260618,193,sigurdsson-c2c34,,,Sigurdsson,,,,,,,avanesyan-9e516,,,Avanesyan,,,,,,,6-3 6-2,3,,,,,,,,,,,,,,,,,,,,
2026-davis-cup,Davis Cup,Hard,,D,,20260618,194,davasse-vidal,,,Davasse Vidal,,,,,,,gaba-9e292,,,Gaba,,,,,,,6-1 7-62,3,,,,,,,,,,,,,,,,,,,,
2026-davis-cup,Davis Cup,Hard,,D,,20260618,195,hamza-reguig,,,Hamza Reguig,,,,,,,antwi,,,Antwi,,,,,,,6-3 6-4,3,,,,,,,,,,,,,,,,,,,,
2026-davis-cup,Davis Cup,Hard,,D,,20260618,196,mzai,,,Mzai,,,,,,,nawa,,,Nawa,,,,,,,6-3 6-1,3,,,,,,,,,,,,,,,,,,,,
2026-davis-cup,Davis Cup,Hard,,D,,20260618,197,mtisi,,,Mtisi,,,,,,,bokungu,,,Bokungu,,,,,,,6-1 6-0,3,,,,,,,,,,,,,,,,,,,,
2026-davis-cup,Davis Cup,Hard,,D,,20260618,198,pedro-a42fa,,,Pedro,,,,,,,tembe-8f357,,,Tembe,,,,,,,6-1 6-1,3,,,,,,,,,,,,,,,,,,,,
2026-davis-cup,Davis Cup,Hard,,D,,20260618,199,delicata-c34a5,,,Delicata,,,,,,,vanucci,,,Vanucci,,,,,,,6-2 6-1,3,,,,,,,,,,,,,,,,,,,,
2026-davis-cup,Davis Cup,Hard,,D,,20260618,200,cervos-noguer,,,Cervos Noguer,,,,,,,zili,,,Zili,,,,,,,6-3 6-1,3,,,,,,,,,,,,,,,,,,,,
2026-davis-cup,Davis Cup,Hard,,D,,20260617,201,bonifacius-60c54,,,Bonifacius,,,,,,,prifti,,,Prifti,,,,,,,6-4 6-2,3,,,,,,,,,,,,,,,,,,,,
2026-davis-cup,Davis Cup,Hard,,D,,20260617,202,sahtali-d2569,,,Sahtali,,,,,,,shah-f263b,,,Shah,,,,,,,4-6 6-1 6-2,3,,,,,,,,,,,,,,,,,,,,
2026-davis-cup,Davis Cup,Hard,,D,,20260617,203,raguin-97291,,,Raguin,,,,,,,asaba-95128,,,Asaba,,,,,,,2-6 6-3 6-3,3,,,,,,,,,,,,,,,,,,,,
2026-davis-cup,Davis Cup,Hard,,D,,20260617,204,domingos,,,Domingos,,,,,,,ikondo-moke,,,Ikondo Moke,,,,,,,6-1 6-3,3,,,,,,,,,,,,,,,,,,,,
2026-davis-cup,Davis Cup,Hard,,D,,20260617,205,lock-243e2,,,Lock,,,,,,,de-sousa-figueiredo,,,De Sousa Figueiredo,,,,,,,6-1 6-3,3,,,,,,,,,,,,,,,,,,,,
2026-davis-cup,Davis Cup,Hard,,D,,20260617,206,tommesani,,,Tommesani,,,,,,,ghazaryan-1f6fd,,,Ghazaryan,,,,,,,6-4 2-6,3,,,,,,,,,,,,,,,,,,,,
2026-davis-cup,Davis Cup,Hard,,D,,20260617,207,degabriele,,,Degabriele,,,,,,,cervos-noguer,,,Cervos Noguer,,,,,,,7-64 6-3,3,,,,,,,,,,,,,,,,,,,,
2026-davis-cup,Davis Cup,Hard,,D,,20260617,208,sigurdsson-c2c34,,,Sigurdsson,,,,,,,gaba-9e292,,,Gaba,,,,,,,6-0 6-3,3,,,,,,,,,,,,,,,,,,,,
2026-davis-cup,Davis Cup,Hard,,D,,20260617,209,hamza-reguig,,,Hamza Reguig,,,,,,,mzai,,,Mzai,,,,,,,6-3 6-4,3,,,,,,,,,,,,,,,,,,,,
2026-davis-cup,Davis Cup,Hard,,D,,20260617,210,antwi,,,Antwi,,,,,,,nawa,,,Nawa,,,,,,,6-1 6-2,3,,,,,,,,,,,,,,,,,,,,
2026-davis-cup,Davis Cup,Hard,,D,,20260617,211,mtisi,,,Mtisi,,,,,,,sigauque-0aa14,,,Sigauque,,,,,,,6-1 6-0,3,,,,,,,,,,,,,,,,,,,,
2026-davis-cup,Davis Cup,Hard,,D,,20260617,212,pedro-a42fa,,,Pedro,,,,,,,kumase,,,Kumase,,,,,,,6-2 6-3,3,,,,,,,,,,,,,,,,,,,,
2026-davis-cup,Davis Cup,Hard,,D,,20260617,213,poghosyan-a59f2,,,Poghosyan,,,,,,,bartoletti,,,Bartoletti,,,,,,,6-4 6-1,3,,,,,,,,,,,,,,,,,,,,
2026-davis-cup,Davis Cup,Hard,,D,,20260617,214,delicata-c34a5,,,Delicata,,,,,,,carrascosa-a59b9,,,Carrascosa,,,,,,,6-1 6-1,3,,,,,,,,,,,,,,,,,,,,
2026-davis-cup,Davis Cup,Hard,,D,,20260616,215,avanesyan-9e516,,,Avanesyan,,,,,,,cervos-noguer,,,Cervos Noguer,,,,,,,6-3 7-5,3,,,,,,,,,,,,,,,,,,,,
2026-davis-cup,Davis Cup,Hard,,D,,20260616,216,degabriele,,,Degabriele,,,,,,,gaba-9e292,,,Gaba,,,,,,,6-1 6-2,3,,,,,,,,,,,,,,,,,,,,
2026-davis-cup,Davis Cup,Hard,,D,,20260616,217,sigurdsson-c2c34,,,Sigurdsson,,,,,,,tommesani,,,Tommesani,,,,,,,6-1 6-1,3,,,,,,,,,,,,,,,,,,,,
2026-davis-cup,Davis Cup,Hard,,D,,20260616,218,delicata-c34a5,,,Delicata,,,,,,,zili,,,Zili,,,,,,,6-2 6-1,3,,,,,,,,,,,,,,,,,,,,
2026-davis-cup,Davis Cup,Hard,,D,,20260616,219,bonifacius-60c54,,,Bonifacius,,,,,,,bartoletti,,,Bartoletti,,,,,,,6-1 6-1,3,,,,,,,,,,,,,,,,,,,,
2026-davis-cup,Davis Cup,Hard,,D,,20260616,220,poghosyan-a59f2,,,Poghosyan,,,,,,,carrascosa-a59b9,,,Carrascosa,,,,,,,6-1 6-2,3,,,,,,,,,,,,,,,,,,,,
2026-davis-cup,Davis Cup,Hard,,D,,20260614,221,winstead,,,Winstead,,,,,,,gore-c8221,,,Gore,,,,,,,6-4 6-2,3,,,,,,,,,,,,,,,,,,,,
2026-davis-cup,Davis Cup,Hard,,D,,20260614,222,king-01912,,,King,,,,,,,alvarez-a038c,,,Alvarez,,,,,,,6-7 6-3 6-4,3,,,,,,,,,,,,,,,,,,,,
2026-davis-cup,Davis Cup,Hard,,D,,20260614,223,perez-5bc57,,,Perez,,,,,,,hernandez-mariona-09d9b,,,Hernandez Mariona,,,,,,,6-4 6-4,3,,,,,,,,,,,,,,,,,,,,
2026-davis-cup,Davis Cup,Hard,,D,,20260613,224,fellows-484ca,,,Fellows,,,,,,,marshall-0d239,,,Marshall,,,,,,,6-0 6-0,3,,,,,,,,,,,,,,,,,,,,
2026-davis-cup,Davis Cup,Hard,,D,,20260613,225,pocasangre,,,Pocasangre,,,,,,,azar-3a2fc,,,Azar,,,,,,,6-3 6-3,3,,,,,,,,,,,,,,,,,,,,
2026-davis-cup,Davis Cup,Hard,,D,,20260613,226,claverie,,,Claverie,,,,,,,botran-neutze,,,Botran Neutze,,,,,,,6-1 6-4,3,,,,,,,,,,,,,,,,,,,,
2026-davis-cup,Davis Cup,Hard,,D,,20260613,227,albot,,,Albot,,,,,,,strombachs,,,Strombachs,,,,,,,6-3 6-2,3,,,,,,,,,,,,,,,,,,,,
2026-davis-cup,Davis Cup,Hard,,D,,20260613,228,jovanovic-9f2af,,,Jovanovic,,,,,,,prihodko,,,Prihodko,,,,,,,6-4 7-5,3,,,,,,,,,,,,,,,,,,,,
2026-davis-cup,Davis Cup,Hard,,D,,20260613,229,purtseladze,,,Purtseladze,,,,,,,azizov-5c889,,,Azizov,,,,,,,6-3 6-2,3,,,,,,,,,,,,,,,,,,,,
2026-davis-cup,Davis Cup,Hard,,D,,20260613,230,buldorini,,,Buldorini,,,,,,,jakupi-2b255,,,Jakupi,,,,,,,6-1 6-3,3,,,,,,,,,,,,,,,,,,,,
2026-davis-cup,Davis Cup,Hard,,D,,20260613,231,ivanovski,,,Ivanovski,,,,,,,knezevic-591fa,,,Knezevic,,,,,,,6-2 6-4,3,,,,,,,,,,,,,,,,,,,,
2026-davis-cup,Davis Cup,Hard,,D,,20260613,232,bakshi-c841e,,,Bakshi,,,,,,,gasimov,,,Gasimov,,,,,,,6-0 6-2,3,,,,,,,,,,,,,,,,,,,,
2026-davis-cup,Davis Cup,Hard,,D,,20260613,233,gannon,,,Gannon,,,,,,,gashi,,,Gashi,,,,,,,6-2 6-3,3,,,,,,,,,,,,,,,,,,,,
2026-davis-cup,Davis Cup,Hard,,D,,20260613,234,snitari,,,Snitari,,,,,,,neimanis,,,Neimanis,,,,,,,6-4 7-5,3,,,,,,,,,,,,,,,,,,,,
2026-davis-cup,Davis Cup,Hard,,D,,20260613,235,alvarez-a038c,,,Alvarez,,,,,,,dominguez-collado,,,Dominguez Collado,,,,,,,6-2 6-1,3,,,,,,,,,,,,,,,,,,,,
2026-davis-cup,Davis Cup,Hard,,D,,20260613,236,parisca,,,Parisca,,,,,,,quiros-monterrey,,,Quiros Monterrey,,,,,,,6-1 6-0,3,,,,,,,,,,,,,,,,,,,,
2026-davis-cup,Davis Cup,Hard,,D,,20260613,237,king-01912,,,King,,,,,,,gore-c8221,,,Gore,,,,,,,6-1 6-0,3,,,,,,,,,,,,,,,,,,,,
2026-davis-cup,Davis Cup,Hard,,D,,20260612,238,claverie,,,Claverie,,,,,,,pocasangre,,,Pocasangre,,,,,,,6-3 7-5,3,,,,,,,,,,,,,,,,,,,,
2026-davis-cup,Davis Cup,Hard,,D,,20260612,239,marshall-0d239,,,Marshall,,,,,,,azar-3a2fc,,,Azar,,,,,,,6-2 6-4,3,,,,,,,,,,,,,,,,,,,,
2026-davis-cup,Davis Cup,Hard,,D,,20260612,240,fellows-484ca,,,Fellows,,,,,,,botran-neutze,,,Botran Neutze,,,,,,,6-4 6-4,3,,,,,,,,,,,,,,,,,,,,
2026-davis-cup,Davis Cup,Hard,,D,,20260612,241,jovanovic-9f2af,,,Jovanovic,,,,,,,gasimov,,,Gasimov,,,,,,,7-5 6-3,3,,,,,,,,,,,,,,,,,,,,
2026-davis-cup,Davis Cup,Hard,,D,,20260612,242,strombachs,,,Strombachs,,,,,,,buldorini,,,Buldorini,,,,,,,6-3 4-6 6-1,3,,,,,,,,,,,,,,,,,,,,
2026-davis-cup,Davis Cup,Hard,,D,,20260612,243,prihodko,,,Prihodko,,,,,,,purtseladze,,,Purtseladze,,,,,,,64-7 6-1 6-3,3,,,,,,,,,,,,,,,,,,,,
2026-davis-cup,Davis Cup,Hard,,D,,20260612,244,albot,,,Albot,,,,,,,jakupi-2b255,,,Jakupi,,,,,,,6-3 6-0,3,,,,,,,,,,,,,,,,,,,,
2026-davis-cup,Davis Cup,Hard,,D,,20260612,245,ivanovski,,,Ivanovski,,,,,,,bakshi-c841e,,,Bakshi,,,,,,,7-62 6-2,3,,,,,,,,,,,,,,,,,,,,
2026-davis-cup,Davis Cup,Hard,,D,,20260612,246,neimanis,,,Neimanis,,,,,,,gannon,,,Gannon,,,,,,,7-5 6-4,3,,,,,,,,,,,,,,,,,,,,
2026-davis-cup,Davis Cup,Hard,,D,,20260612,247,knezevic-591fa,,,Knezevic,,,,,,,hashimov,,,Hashimov,,,,,,,6-4 7-62,3,,,,,,,,,,,,,,,,,,,,
2026-davis-cup,Davis Cup,Hard,,D,,20260612,248,snitari,,,Snitari,,,,,,,gashi,,,Gashi,,,,,,,6-3 6-0,3,,,,,,,,,,,,,,,,,,,,
2026-davis-cup,Davis Cup,Hard,,D,,20260612,249,hernandez-mariona-09d9b,,,Hernandez Mariona,,,,,,,gore-c8221,,,Gore,,,,,,,6-3 6-3,3,,,,,,,,,,,,,,,,,,,,
2026-davis-cup,Davis Cup,Hard,,D,,20260612,250,alvarez-a038c,,,Alvarez,,,,,,,parisca,,,Parisca,,,,,,,5-7 6-3 6-1,3,,,,,,,,,,,,,,,,,,,,
2026-davis-cup,Davis Cup,Hard,,D,,20260611,251,claverie,,,Claverie,,,,,,,mesarovic,,,Mesarovic,,,,,,,6-3 6-3,3,,,,,,,,,,,,,,,,,,,,
2026-davis-cup,Davis Cup,Hard,,D,,20260611,252,buldorini,,,Buldorini,,,,,,,azizov-5c889,,,Azizov,,,,,,,6-1 6-1,3,,,,,,,,,,,,,,,,,,,,
2026-davis-cup,Davis Cup,Hard,,D,,20260611,253,neimanis,,,Neimanis,,,,,,,knezevic-591fa,,,Knezevic,,,,,,,6-1 6-0,3,,,,,,,,,,,,,,,,,,,,
2026-davis-cup,Davis Cup,Hard,,D,,20260611,254,prihodko,,,Prihodko,,,,,,,jakupi-2b255,,,Jakupi,,,,,,,6-1 6-1,3,,,,,,,,,,,,,,,,,,,,
2026-davis-cup,Davis Cup,Hard,,D,,20260611,255,pocasangre,,,Pocasangre,,,,,,,marshall-0d239,,,Marshall,,,,,,,6-4 6-2,3,,,,,,,,,,,,,,,,,,,,
2026-davis-cup,Davis Cup,Hard,,D,,20260611,256,king-01912,,,King,,,,,,,quiros-monterrey,,,Quiros Monterrey,,,,,,,6-1 6-1,3,,,,,,,,,,,,,,,,,,,,
2026-davis-cup,Davis Cup,Hard,,D,,20260611,257,botran-neutze,,,Botran Neutze,,,,,,,azar-3a2fc,,,Azar,,,,,,,6-3 6-1,3,,,,,,,,,,,,,,,,,,,,
2026-davis-cup,Davis Cup,Hard,,D,,20260611,258,albot,,,Albot,,,,,,,purtseladze,,,Purtseladze,,,,,,,6-4 3-6 6-1,3,,,,,,,,,,,,,,,,,,,,
2026-davis-cup,Davis Cup,Hard,,D,,20260611,259,strombachs,,,Strombachs,,,,,,,jovanovic-9f2af,,,Jovanovic,,,,,,,6-3 6-1,3,,,,,,,,,,,,,,,,,,,,
2026-davis-cup,Davis Cup,Hard,,D,,20260611,260,ivanovski,,,Ivanovski,,,,,,,gashi,,,Gashi,,,,,,,7-5 6-4,3,,,,,,,,,,,,,,,,,,,,
2026-davis-cup,Davis Cup,Hard,,D,,20260611,261,snitari,,,Snitari,,,,,,,bakshi-c841e,,,Bakshi,,,,,,,6-2 6-0,3,,,,,,,,,,,,,,,,,,,,
2026-davis-cup,Davis Cup,Hard,,D,,20260611,262,gannon,,,Gannon,,,,,,,gasimov,,,Gasimov,,,,,,,6-3 4-6 6-3,3,,,,,,,,,,,,,,,,,,,,
2026-davis-cup,Davis Cup,Hard,,D,,20260611,263,botran-neutze,,,Botran Neutze,,,,,,,winstead,,,Winstead,,,,,,,6-3 6-1,3,,,,,,,,,,,,,,,,,,,,
2026-davis-cup,Davis Cup,Hard,,D,,20260611,264,king-01912,,,King,,,,,,,parisca,,,Parisca,,,,,,,4-6 6-2 6-4,3,,,,,,,,,,,,,,,,,,,,
2026-davis-cup,Davis Cup,Hard,,D,,20260610,265,gannon,,,Gannon,,,,,,,knezevic-591fa,,,Knezevic,,,,,,,7-5 6-3,3,,,,,,,,,,,,,,,,,,,,
2026-davis-cup,Davis Cup,Hard,,D,,20260610,266,jovanovic-9f2af,,,Jovanovic,,,,,,,buldorini,,,Buldorini,,,,,,,6-4 6-4,3,,,,,,,,,,,,,,,,,,,,
2026-davis-cup,Davis Cup,Hard,,D,,20260610,267,neimanis,,,Neimanis,,,,,,,gasimov,,,Gasimov,,,,,,,7-5 6-0,3,,,,,,,,,,,,,,,,,,,,
2026-davis-cup,Davis Cup,Hard,,D,,20260610,268,strombachs,,,Strombachs,,,,,,,azizov-5c889,,,Azizov,,,,,,,6-3 6-1,3,,,,,,,,,,,,,,,,,,,,
2026-davis-cup,Davis Cup,Hard,,D,,20260610,269,bakshi-c841e,,,Bakshi,,,,,,,gashi,,,Gashi,,,,,,,6-3 6-1,3,,,,,,,,,,,,,,,,,,,,
2026-davis-cup,Davis Cup,Hard,,D,,20260610,270,purtseladze,,,Purtseladze,,,,,,,jakupi-2b255,,,Jakupi,,,,,,,6-4 6-4,3,,,,,,,,,,,,,,,,,,,,
2026-davis-cup,Davis Cup,Hard,,D,,20260610,271,ivanovski,,,Ivanovski,,,,,,,snitari,,,Snitari,,,,,,,4-6 6-3 6-1,3,,,,,,,,,,,,,,,,,,,,
2026-davis-cup,Davis Cup,Hard,,D,,20260610,272,albot,,,Albot,,,,,,,prihodko,,,Prihodko,,,,,,,7-5 2-0,3,,,,,,,,,,,,,,,,,,,,
2026-davis-cup,Davis Cup,Hard,,D,,20260610,273,fellows-484ca,,,Fellows,,,,,,,azar-3a2fc,,,Azar,,,,,,,6-1 6-0,3,,,,,,,,,,,,,,,,,,,,
2026-davis-cup,Davis Cup,Hard,,D,,20260610,274,mesarovic,,,Mesarovic,,,,,,,gore-c8221,,,Gore,,,,,,,6-0 6-3,3,,,,,,,,,,,,,,,,,,,,
2026-davis-cup,Davis Cup,Hard,,D,,20260610,275,claverie,,,Claverie,,,,,,,marshall-0d239,,,Marshall,,,,,,,7-61 6-3,3,,,,,,,,,,,,,,,,,,,,
2026-davis-cup,Davis Cup,Hard,,D,,20260610,276,porras-6a964,,,Porras,,,,,,,lo-nardo,,,Lo Nardo,,,,,,,6-1 6-4,3,,,,,,,,,,,,,,,,,,,,
2026-davis-cup,Davis Cup,Hard,,D,,20260609,277,claverie,,,Claverie,,,,,,,azar-3a2fc,,,Azar,,,,,,,6-2 6-1,3,,,,,,,,,,,,,,,,,,,,
2026-davis-cup,Davis Cup,Hard,,D,,20260609,278,parisca,,,Parisca,,,,,,,gore-c8221,,,Gore,,,,,,,6-3 6-3,3,,,,,,,,,,,,,,,,,,,,
2026-davis-cup,Davis Cup,Hard,,D,,20260609,279,fellows-484ca,,,Fellows,,,,,,,pocasangre,,,Pocasangre,,,,,,,6-1 7-62,3,,,,,,,,,,,,,,,,,,,,
2026-davis-cup,Davis Cup,Hard,,D,,20260609,280,mesarovic,,,Mesarovic,,,,,,,quiros-monterrey,,,Quiros Monterrey,,,,,,,6-4 6-2,3,,,,,,,,,,,,,,,,,,,,
2026-davis-cup,Davis Cup,Hard,,D,,20260609,281,botran-neutze,,,Botran Neutze,,,,,,,marshall-0d239,,,Marshall,,,,,,,6-4 6-3,3,,,,,,,,,,,,,,,,,,,,
2026-davis-cup,Davis Cup,Hard,,D,,20260609,282,king-01912,,,King,,,,,,,dominguez-collado,,,Dominguez Collado,,,,,,,6-2 6-2,3,,,,,,,,,,,,,,,,,,,,
2026-davis-cup,Davis Cup,Hard,,D,,20260208,283,dellien-e101c,,,Dellien,,,,,,,marshall-0d239,,,Marshall,,,,,,,7-64 7-66,3,,,,,,,,,,,,,,,,,,,,
2026-davis-cup,Davis Cup,Hard,,D,,20260208,284,kubler-21879,,,Kubler,,,,,,,camacho-47a51,,,Camacho,,,,,,,6-4 6-2,3,,,,,,,,,,,,,,,,,,,,
2026-davis-cup,Davis Cup,Hard,,D,,20260208,285,roncadelli,,,Roncadelli,,,,,,,bicknell-8dc8a,,,Bicknell,,,,,,,6-3 5-7 6-4,3,,,,,,,,,,,,,,,,,,,,
2026-davis-cup,Davis Cup,Hard,,D,,20260208,286,king-01912,,,King,,,,,,,prado-angelo,,,Prado Angelo,,,,,,,7-5 6-1,3,,,,,,,,,,,,,,,,,,,,
2026-davis-cup,Davis Cup,Hard,,D,,20260208,287,tsitsipas-b526f,,,Tsitsipas,,,,,,,pacheco-mendez,,,Pacheco Mendez,,,,,,,6-1 7-5,3,,,,,,,,,,,,,,,,,,,,
2026-davis-cup,Davis Cup,Hard,,D,,20260208,288,elamin,,,Elamin,,,,,,,makzoume-ae98c,,,Makzoume,,,,,,,6-3 6-2,3,,,,,,,,,,,,,,,,,,,,
2026-davis-cup,Davis Cup,Hard,,D,,20260208,289,suresh-f2001,,,Suresh,,,,,,,den-ouden,,,Den Ouden,,,,,,,6-4 7-64,3,,,,,,,,,,,,,,,,,,,,
2026-davis-cup,Davis Cup,Hard,,D,,20260208,290,wallin-c26c8,,,Wallin,,,,,,,mrva,,,Mrva,,,,,,,6-4 7-61,3,,,,,,,,,,,,,,,,,,,,
2026-davis-cup,Davis Cup,Hard,,D,,20260208,291,rinderknech,,,Rinderknech,,,,,,,molcan,,,Molcan,,,,,,,7-5 7-66,3,,,,,,,,,,,,,,,,,,,,
2026-davis-cup,Davis Cup,Hard,,D,,20260208,292,alazmeh-544a8,,,Alazmeh,,,,,,,agwi,,,Agwi,,,,,,,6-1 6-4,3,,,,,,,,,,,,,,,,,,,,
2026-davis-cup,Davis Cup,Hard,,D,,20260208,293,collignon,,,Collignon,,,,,,,ivanov-5f3c9,,,Ivanov,,,,,,,6-2 6-2,3,,,,,,,,,,,,,,,,,,,,
2026-davis-cup,Davis Cup,Hard,,D,,20260208,294,megalemos,,,Megalemos,,,,,,,aleksovski-9c23e,,,Aleksovski,,,,,,,7-68 6-1,3,,,,,,,,,,,,,,,,,,,,
2026-davis-cup,Davis Cup,Hard,,D,,20260208,295,ovcharenko-bb3a3,,,Ovcharenko,,,,,,,calzi,,,Calzi,,,,,,,6-4 6-4,3,,,,,,,,,,,,,,,,,,,,
2026-davis-cup,Davis Cup,Hard,,D,,20260208,296,nava-337db,,,Nava,,,,,,,fuele,,,Fuele,,,,,,,6-2 6-3,3,,,,,,,,,,,,,,,,,,,,
2026-davis-cup,Davis Cup,Hard,,D,,20260208,297,de-jong-57322,,,De Jong,,,,,,,nagal,,,Nagal,,,,,,,5-7 6-1 6-4,3,,,,,,,,,,,,,,,,,,,,
2026-davis-cup,Davis Cup,Hard,,D,,20260208,298,efstathiou-a23e0,,,Efstathiou,,,,,,,huseinovikj,,,Huseinovikj,,,,,,,6-2 7-5,3,,,,,,,,,,,,,,,,,,,,
2026-davis-cup,Davis Cup,Hard,,D,,20260208,299,duran-fd3b3,,,Duran,,,,,,,klegou,,,Klegou,,,,,,,6-2 7-5,3,,,,,,,,,,,,,,,,,,,,
2026-davis-cup,Davis Cup,Hard,,D,,20260208,300,mejia-a7d27,,,Mejia,,,,,,,bennani-3005c,,,Bennani,,,,,,,6-1 4-6 6-2,3,,,,,,,,,,,,,,,,,,,,
2026-davis-cup,Davis Cup,Hard,,D,,20260208,301,beckley,,,Beckley,,,,,,,krivokapic,,,Krivokapic,,,,,,,7-63 6-3,3,,,,,,,,,,,,,,,,,,,,
2026-davis-cup,Davis Cup,Hard,,D,,20260208,302,adeleye,,,Adeleye,,,,,,,ignatov,,,Ignatov,,,,,,,6-3 6-4,3,,,,,,,,,,,,,,,,,,,,
2026-davis-cup,Davis Cup,Hard,,D,,20260208,303,campbell-71163,,,Campbell,,,,,,,janev,,,Janev,,,,,,,6-2 7-5,3,,,,,,,,,,,,,,,,,,,,
2026-davis-cup,Davis Cup,Hard,,D,,20260208,304,henning-421d6,,,Henning,,,,,,,jovanovic-9f2af,,,Jovanovic,,,,,,,6-3 6-2,3,,,,,,,,,,,,,,,,,,,,
2026-davis-cup,Davis Cup,Hard,,D,,20260208,305,pieczonka-07acc,,,Pieczonka,,,,,,,ibrahim-6343c,,,Ibrahim,,,,,,,7-5 6-2,3,,,,,,,,,,,,,,,,,,,,
2026-davis-cup,Davis Cup,Hard,,D,,20260208,306,hiiesalu,,,Hiiesalu,,,,,,,yssel-0ee72,,,Yssel,,,,,,,6-2 6-3,3,,,,,,,,,,,,,,,,,,,,
2026-davis-cup,Davis Cup,Hard,,D,,20260208,307,chung-bdb8e,,,Chung,,,,,,,trungelliti,,,Trungelliti,,,,,,,6-4 6-3,3,,,,,,,,,,,,,,,,,,,,
2026-davis-cup,Davis Cup,Hard,,D,,20260208,308,virtanen-7d161,,,Virtanen,,,,,,,wong-d3ead,,,Wong,,,,,,,7-5 6-2,3,,,,,,,,,,,,,,,,,,,,
2026-davis-cup,Davis Cup,Hard,,D,,20260208,309,susanto-31f06,,,Susanto,,,,,,,kadangah-kili-5fa34,,,Kadangah Kili,,,,,,,6-1 6-4,3,,,,,,,,,,,,,,,,,,,,
2026-davis-cup,Davis Cup,Hard,,D,,20260208,310,sornlaksup,,,Sornlaksup,,,,,,,mesarovic,,,Mesarovic,,,,,,,2-6 6-4 11-9,3,,,,,,,,,,,,,,,,,,,,
2026-davis-cup,Davis Cup,Hard,,D,,20260208,311,kwon-b3d34,,,Kwon,,,,,,,tirante,,,Tirante,,,,,,,6-4 4-6 6-3,3,,,,,,,,,,,,,,,,,,,,
2026-davis-cup,Davis Cup,Hard,,D,,20260208,312,wu-f664e,,,Wu,,,,,,,hassan-1d510,,,Hassan,,,,,,,6-3 6-4,3,,,,,,,,,,,,,,,,,,,,
2026-davis-cup,Davis Cup,Hard,,D,,20260208,313,draxl,,,Draxl,,,,,,,heide-17a3d,,,Heide,,,,,,,6-3 6-4,3,,,,,,,,,,,,,,,,,,,,
2026-davis-cup,Davis Cup,Hard,,D,,20260208,314,shepp,,,Shepp,,,,,,,basic,,,Basic,,,,,,,6-2 6-4,3,,,,,,,,,,,,,,,,,,,,
2026-davis-cup,Davis Cup,Hard,,D,,20260208,315,watt-a298b,,,Watt,,,,,,,nedic,,,Nedic,,,,,,,6-3 7-64,3,,,,,,,,,,,,,,,,,,,,
2026-davis-cup,Davis Cup,Hard,,D,,20260208,316,diallo-dd116,,,Diallo,,,,,,,pucinelli-de-almeida,,,Pucinelli De Almeida,,,,,,,3-6 6-1 7-64,3,,,,,,,,,,,,,,,,,,,,
2026-davis-cup,Davis Cup,Hard,,D,,20260208,317,soto-fec8d,,,Soto,,,,,,,djuric-2d0e6,,,Djuric,,,,,,,62-7 7-64 10-7,3,,,,,,,,,,,,,,,,,,,,
2026-davis-cup,Davis Cup,Hard,,D,,20260207,318,vallejo-d7859,,,Vallejo,,,,,,,palosi,,,Palosi,,,,,,,6-1 6-2,3,,,,,,,,,,,,,,,,,,,,
2026-davis-cup,Davis Cup,Hard,,D,,20260207,319,andrade-58258,,,Andrade,,,,,,,duckworth,,,Duckworth,,,,,,,3-6 6-3 7-5,3,,,,,,,,,,,,,,,,,,,,
2026-davis-cup,Davis Cup,Hard,,D,,20260207,320,bicknell-8dc8a,,,Bicknell,,,,,,,aguilar-cardozo,,,Aguilar Cardozo,,,,,,,6-3 3-6 7-65,3,,,,,,,,,,,,,,,,,,,,
2026-davis-cup,Davis Cup,Hard,,D,,20260207,321,guillen-meza,,,Guillen Meza,,,,,,,hijikata,,,Hijikata,,,,,,,6-4 1-6 6-4,3,,,,,,,,,,,,,,,,,,,,
2026-davis-cup,Davis Cup,Hard,,D,,20260207,322,tsitsipas-b526f,,,Tsitsipas,,,,,,,magadan-68c65,,,Magadan,,,,,,,6-3 7-61,3,,,,,,,,,,,,,,,,,,,,
2026-davis-cup,Davis Cup,Hard,,D,,20260207,323,king-01912,,,King,,,,,,,dellien-e101c,,,Dellien,,,,,,,66-7 6-4 7-62,3,,,,,,,,,,,,,,,,,,,,
2026-davis-cup,Davis Cup,Hard,,D,,20260207,324,valeinis-ea0de,,,Valeinis,,,,,,,munoz-1a9fc,,,Munoz,,,,,,,7-5 66-7 10-6,3,,,,,,,,,,,,,,,,,,,,
2026-davis-cup,Davis Cup,Hard,,D,,20260207,325,roncadelli,,,Roncadelli,,,,,,,phillips-ad20d,,,Phillips,,,,,,,6-3 7-64,3,,,,,,,,,,,,,,,,,,,,
2026-davis-cup,Davis Cup,Hard,,D,,20260207,326,rinderknech,,,Rinderknech,,,,,,,gombos,,,Gombos,,,,,,,7-61 7-66,3,,,,,,,,,,,,,,,,,,,,
2026-davis-cup,Davis Cup,Hard,,D,,20260207,327,pacheco-mendez,,,Pacheco Mendez,,,,,,,sakellaridis-6aacb,,,Sakellaridis,,,,,,,6-2 4-6 6-3,3,,,,,,,,,,,,,,,,,,,,
2026-davis-cup,Davis Cup,Hard,,D,,20260207,328,prado-angelo,,,Prado Angelo,,,,,,,marshall-0d239,,,Marshall,,,,,,,6-3 4-6 6-3,3,,,,,,,,,,,,,,,,,,,,
2026-davis-cup,Davis Cup,Hard,,D,,20260207,329,quinn-d0193,,,Quinn,,,,,,,marozsan,,,Marozsan,,,,,,,3-6 6-3 7-611,3,,,,,,,,,,,,,,,,,,,,
2026-davis-cup,Davis Cup,Hard,,D,,20260207,330,blockx,,,Blockx,,,,,,,radulov,,,Radulov,,,,,,,63-7 6-4 6-1,3,,,,,,,,,,,,,,,,,,,,
2026-davis-cup,Davis Cup,Hard,,D,,20260207,331,brunold-a21c2,,,Brunold,,,,,,,ouakaa,,,Ouakaa,,,,,,,6-2 6-2,3,,,,,,,,,,,,,,,,,,,,
2026-davis-cup,Davis Cup,Hard,,D,,20260207,332,engel-6e09f,,,Engel,,,,,,,bueno-01b7e,,,Bueno,,,,,,,6-3 64-7 10-6,3,,,,,,,,,,,,,,,,,,,,
2026-davis-cup,Davis Cup,Hard,,D,,20260207,333,svrcina,,,Svrcina,,,,,,,wallin-c26c8,,,Wallin,,,,,,,6-1 6-3,3,,,,,,,,,,,,,,,,,,,,
2026-davis-cup,Davis Cup,Hard,,D,,20260207,334,montgomery-e782e,,,Montgomery,,,,,,,tkemaladze,,,Tkemaladze,,,,,,,2-6 7-64 6-3,3,,,,,,,,,,,,,,,,,,,,
2026-davis-cup,Davis Cup,Hard,,D,,20260207,335,prizmic,,,Prizmic,,,,,,,moller-6ea06,,,Moller,,,,,,,7-65 7-62,3,,,,,,,,,,,,,,,,,,,,
2026-davis-cup,Davis Cup,Hard,,D,,20260207,336,knaff,,,Knaff,,,,,,,orlov-d8e3f,,,Orlov,,,,,,,7-62 6-2,3,,,,,,,,,,,,,,,,,,,,
2026-davis-cup,Davis Cup,Hard,,D,,20260207,337,molcan,,,Molcan,,,,,,,muller-c81bc,,,Muller,,,,,,,6-4 6-4,3,,,,,,,,,,,,,,,,,,,,
2026-davis-cup,Davis Cup,Hard,,D,,20260207,338,suresh-f2001,,,Suresh,,,,,,,de-jong-57322,,,De Jong,,,,,,,6-4 7-5,3,,,,,,,,,,,,,,,,,,,,
2026-davis-cup,Davis Cup,Hard,,D,,20260207,339,buldorini,,,Buldorini,,,,,,,alazmeh-544a8,,,Alazmeh,,,,,,,7-65 6-4,3,,,,,,,,,,,,,,,,,,,,
2026-davis-cup,Davis Cup,Hard,,D,,20260207,340,vacherot,,,Vacherot,,,,,,,bublik-43f80,,,Bublik,,,,,,,7-64 7-67,3,,,,,,,,,,,,,,,,,,,,
2026-davis-cup,Davis Cup,Hard,,D,,20260207,341,mejia-a7d27,,,Mejia,,,,,,,baadi,,,Baadi,,,,,,,6-3 6-2,3,,,,,,,,,,,,,,,,,,,,
2026-davis-cup,Davis Cup,Hard,,D,,20260207,342,adeleye,,,Adeleye,,,,,,,usmonjonov,,,Usmonjonov,,,,,,,4-6 6-2 6-4,3,,,,,,,,,,,,,,,,,,,,
2026-davis-cup,Davis Cup,Hard,,D,,20260207,343,lehecka,,,Lehecka,,,,,,,madaras,,,Madaras,,,,,,,6-3 6-4,3,,,,,,,,,,,,,,,,,,,,
2026-davis-cup,Davis Cup,Hard,,D,,20260207,344,rodesch,,,Rodesch,,,,,,,krutykh,,,Krutykh,,,,,,,6-3 6-1,3,,,,,,,,,,,,,,,,,,,,
2026-davis-cup,Davis Cup,Hard,,D,,20260207,345,naw,,,Naw,,,,,,,agwi,,,Agwi,,,,,,,6-1 6-3,3,,,,,,,,,,,,,,,,,,,,
2026-davis-cup,Davis Cup,Hard,,D,,20260207,346,planinsek,,,Planinsek,,,,,,,kosaner,,,Kosaner,,,,,,,64-7 6-1 10-4,3,,,,,,,,,,,,,,,,,,,,
2026-davis-cup,Davis Cup,Hard,,D,,20260207,347,collignon,,,Collignon,,,,,,,vasilev-518d3,,,Vasilev,,,,,,,6-3 6-3,3,,,,,,,,,,,,,,,,,,,,
2026-davis-cup,Davis Cup,Hard,,D,,20260207,348,paul-324c3,,,Paul,,,,,,,piros,,,Piros,,,,,,,7-63 6-3,3,,,,,,,,,,,,,,,,,,,,
2026-davis-cup,Davis Cup,Hard,,D,,20260207,349,molder,,,Molder,,,,,,,van-schalkwyk,,,Van Schalkwyk,,,,,,,6-4 4-6 6-4,3,,,,,,,,,,,,,,,,,,,,
2026-davis-cup,Davis Cup,Hard,,D,,20260207,350,purtseladze,,,Purtseladze,,,,,,,phillips-48340,,,Phillips,,,,,,,6-4 7-5,3,,,,,,,,,,,,,,,,,,,,
2026-davis-cup,Davis Cup,Hard,,D,,20260207,351,gaubas,,,Gaubas,,,,,,,vales,,,Vales,,,,,,,6-1 3-6 6-2,3,,,,,,,,,,,,,,,,,,,,
2026-davis-cup,Davis Cup,Hard,,D,,20260207,352,klegou,,,Klegou,,,,,,,fuentes-vasquez,,,Fuentes Vásquez,,,,,,,1-6 7-65 6-4,3,,,,,,,,,,,,,,,,,,,,
2026-davis-cup,Davis Cup,Hard,,D,,20260207,353,kasnikowski,,,Kasnikowski,,,,,,,bassem-sobhy,,,Bassem Sobhy,,,,,,,6-1 7-67,3,,,,,,,,,,,,,,,,,,,,
2026-davis-cup,Davis Cup,Hard,,D,,20260207,354,den-ouden,,,Den Ouden,,,,,,,nagal,,,Nagal,,,,,,,6-0 4-6 6-3,3,,,,,,,,,,,,,,,,,,,,
2026-davis-cup,Davis Cup,Hard,,D,,20260207,355,photiades-30887,,,Photiades,,,,,,,micov,,,Micov,,,,,,,6-3 6-0,3,,,,,,,,,,,,,,,,,,,,
2026-davis-cup,Davis Cup,Hard,,D,,20260207,356,jovanovic-9f2af,,,Jovanovic,,,,,,,beckley,,,Beckley,,,,,,,6-2 3-6 6-3,3,,,,,,,,,,,,,,,,,,,,
2026-davis-cup,Davis Cup,Hard,,D,,20260207,357,bennani-3005c,,,Bennani,,,,,,,soriano-barrera,,,Soriano Barrera,,,,,,,7-64 7-5,3,,,,,,,,,,,,,,,,,,,,
2026-davis-cup,Davis Cup,Hard,,D,,20260207,358,lajal,,,Lajal,,,,,,,dippenaar,,,Dippenaar,,,,,,,6-1 6-4,3,,,,,,,,,,,,,,,,,,,,
2026-davis-cup,Davis Cup,Hard,,D,,20260207,359,sultanov,,,Sultanov,,,,,,,abua,,,Abua,,,,,,,6-3 6-4,3,,,,,,,,,,,,,,,,,,,,
2026-davis-cup,Davis Cup,Hard,,D,,20260207,360,henning-421d6,,,Henning,,,,,,,krivokapic,,,Krivokapic,,,,,,,6-4 6-2,3,,,,,,,,,,,,,,,,,,,,
2026-davis-cup,Davis Cup,Hard,,D,,20260207,361,efstathiou-a23e0,,,Efstathiou,,,,,,,huseinovikj,,,Huseinovikj,,,,,,,6-2 6-0,3,,,,,,,,,,,,,,,,,,,,
2026-davis-cup,Davis Cup,Hard,,D,,20260207,362,rodionov-f5e38,,,Rodionov,,,,,,,nishioka,,,Nishioka,,,,,,,5-7 6-1 6-0,3,,,,,,,,,,,,,,,,,,,,
2026-davis-cup,Davis Cup,Hard,,D,,20260207,363,duran-fd3b3,,,Duran,,,,,,,agbo-panzo,,,Agbo-Panzo,,,,,,,6-2 7-5,3,,,,,,,,,,,,,,,,,,,,
2026-davis-cup,Davis Cup,Hard,,D,,20260207,364,filar,,,Filar,,,,,,,zakaryia,,,Zakaryia,,,,,,,6-2 6-0,3,,,,,,,,,,,,,,,,,,,,
2026-davis-cup,Davis Cup,Hard,,D,,20260207,365,wong-d3ead,,,Wong,,,,,,,vasa,,,Vasa,,,,,,,6-4 6-2,3,,,,,,,,,,,,,,,,,,,,
2026-davis-cup,Davis Cup,Hard,,D,,20260207,366,shoaib,,,Shoaib,,,,,,,jadoun,,,Jadoun,,,,,,,7-5 6-2,3,,,,,,,,,,,,,,,,,,,,
2026-davis-cup,Davis Cup,Hard,,D,,20260207,367,neumayer,,,Neumayer,,,,,,,mochizuki-f2487,,,Mochizuki,,,,,,,6-3 6-3,3,,,,,,,,,,,,,,,,,,,,
2026-davis-cup,Davis Cup,Hard,,D,,20260207,368,virtanen-7d161,,,Virtanen,,,,,,,cheng-0aec1,,,Cheng,,,,,,,6-0 6-1,3,,,,,,,,,,,,,,,,,,,,
2026-davis-cup,Davis Cup,Hard,,D,,20260207,369,zhang-45ae9,,,Zhang,,,,,,,borges-8d823,,,Borges,,,,,,,7-5 6-4,3,,,,,,,,,,,,,,,,,,,,
2026-davis-cup,Davis Cup,Hard,,D,,20260207,370,kwon-b3d34,,,Kwon,,,,,,,trungelliti,,,Trungelliti,,,,,,,7-66 6-2,3,,,,,,,,,,,,,,,,,,,,
2026-davis-cup,Davis Cup,Hard,,D,,20260207,371,samrej-f05ce,,,Samrej,,,,,,,mesarovic,,,Mesarovic,,,,,,,6-2 6-1,3,,,,,,,,,,,,,,,,,,,,
2026-davis-cup,Davis Cup,Hard,,D,,20260207,372,barki-529e6,,,Barki,,,,,,,kwami-stanislas-roland,,,Kwami Stanislas Roland,,,,,,,6-0 6-3,3,,,,,,,,,,,,,,,,,,,,
2026-davis-cup,Davis Cup,Hard,,D,,20260207,373,hassan-1d510,,,Hassan,,,,,,,huang-5117a,,,Huang,,,,,,,6-4 6-4,3,,,,,,,,,,,,,,,,,,,,
2026-davis-cup,Davis Cup,Hard,,D,,20260207,374,jones-07763,,,Jones,,,,,,,alvarez-a038c,,,Alvarez,,,,,,,6-1 6-2,3,,,,,,,,,,,,,,,,,,,,
2026-davis-cup,Davis Cup,Hard,,D,,20260207,375,wu-f664e,,,Wu,,,,,,,habib,,,Habib,,,,,,,6-3 6-2,3,,,,,,,,,,,,,,,,,,,,
2026-davis-cup,Davis Cup,Hard,,D,,20260207,376,m-rifki,,,M Rifki,,,,,,,koffi-9aef8,,,Koffi,,,,,,,6-1 6-1,3,,,,,,,,,,,,,,,,,,,,
2026-davis-cup,Davis Cup,Hard,,D,,20260207,377,basic,,,Basic,,,,,,,watt-a298b,,,Watt,,,,,,,6-2 7-65,3,,,,,,,,,,,,,,,,,,,,
2026-davis-cup,Davis Cup,Hard,,D,,20260207,378,tirante,,,Tirante,,,,,,,chung-bdb8e,,,Chung,,,,,,,2-6 7-5 7-65,3,,,,,,,,,,,,,,,,,,,,
2026-davis-cup,Davis Cup,Hard,,D,,20260207,379,heide-17a3d,,,Heide,,,,,,,diallo-dd116,,,Diallo,,,,,,,7-64 3-6 7-63,3,,,,,,,,,,,,,,,,,,,,
2026-davis-cup,Davis Cup,Hard,,D,,20260207,380,draxl,,,Draxl,,,,,,,reis-da-silva,,,Reis Da Silva,,,,,,,6-3 6-3,3,,,,,,,,,,,,,,,,,,,,
2026-davis-cup,Davis Cup,Hard,,D,,20260207,381,tabilo,,,Tabilo,,,,,,,milic-b10f4,,,Milic,,,,,,,63-7 6-2 6-4,3,,,,,,,,,,,,,,,,,,,,
2026-davis-cup,Davis Cup,Hard,,D,,20260207,382,vallejo-d7859,,,Vallejo,,,,,,,ghetu,,,Ghetu,,,,,,,6-1 6-4,3,,,,,,,,,,,,,,,,,,,,
2026-davis-cup,Davis Cup,Hard,,D,,20260207,383,nedic,,,Nedic,,,,,,,shepp,,,Shepp,,,,,,,6-4 4-6 7-5,3,,,,,,,,,,,,,,,,,,,,
2026-davis-cup,Davis Cup,Hard,,D,,20260206,384,barrios-vera,,,Barrios Vera,,,,,,,lajovic,,,Lajovic,,,,,,,7-5 7-67,3,,,,,,,,,,,,,,,,,,,,
2026-davis-cup,Davis Cup,Hard,,D,,20260206,385,turcanu-14bcb,,,Turcanu,,,,,,,nunez-vera,,,Nunez Vera,,,,,,,6-1 3-6 7-62,3,,,,,,,,,,,,,,,,,,,,
2026-davis-cup,Davis Cup,Hard,,D,,20260206,386,fearnley,,,Fearnley,,,,,,,budkov-kjaer,,,Budkov Kjaer,,,,,,,3-6 6-3 10-7,3,,,,,,,,,,,,,,,,,,,,
2026-davis-cup,Davis Cup,Hard,,D,,20260206,387,hardt-79c77,,,Hardt,,,,,,,strombachs,,,Strombachs,,,,,,,7-5 62-7 6-2,3,,,,,,,,,,,,,,,,,,,,
2026-davis-cup,Davis Cup,Hard,,D,,20260206,388,struff,,,Struff,,,,,,,varillas,,,Varillas,,,,,,,6-4 6-2,3,,,,,,,,,,,,,,,,,,,,
2026-davis-cup,Davis Cup,Hard,,D,,20260206,389,prizmic,,,Prizmic,,,,,,,holmgren-a5794,,,Holmgren,,,,,,,5-7 6-0 6-2,3,,,,,,,,,,,,,,,,,,,,
2026-davis-cup,Davis Cup,Hard,,D,,20260206,390,purtseladze,,,Purtseladze,,,,,,,montgomery-e782e,,,Montgomery,,,,,,,6-2 6-4,3,,,,,,,,,,,,,,,,,,,,
2026-davis-cup,Davis Cup,Hard,,D,,20260206,391,hanfmann,,,Hanfmann,,,,,,,bueno-01b7e,,,Bueno,,,,,,,6-4 6-4,3,,,,,,,,,,,,,,,,,,,,
2026-davis-cup,Davis Cup,Hard,,D,,20260206,392,moller-6ea06,,,Moller,,,,,,,dodig-b6156,,,Dodig,,,,,,,6-4 7-63,3,,,,,,,,,,,,,,,,,,,,
2026-davis-cup,Davis Cup,Hard,,D,,20260206,393,cid-subervi,,,Cid Subervi,,,,,,,ozolins,,,Ozolins,,,,,,,7-66 6-4,3,,,,,,,,,,,,,,,,,,,,
2026-davis-cup,Davis Cup,Hard,,D,,20260206,394,riedi-a3a3d,,,Riedi,,,,,,,trifi,,,Trifi,,,,,,,6-1 6-0,3,,,,,,,,,,,,,,,,,,,,
2026-davis-cup,Davis Cup,Hard,,D,,20260206,395,erel,,,Erel,,,,,,,artnak,,,Artnak,,,,,,,7-62 6-1,3,,,,,,,,,,,,,,,,,,,,
2026-davis-cup,Davis Cup,Hard,,D,,20260206,396,kym,,,Kym,,,,,,,echargui,,,Echargui,,,,,,,7-62 6-4,3,,,,,,,,,,,,,,,,,,,,
2026-davis-cup,Davis Cup,Hard,,D,,20260206,397,alkaya,,,Alkaya,,,,,,,dominko,,,Dominko,,,,,,,7-5 7-64,3,,,,,,,,,,,,,,,,,,,,
2026-davis-cup,Davis Cup,Hard,,D,,20260206,398,phillips-48340,,,Phillips,,,,,,,bakshi-c841e,,,Bakshi,,,,,,,4-6 6-3 7-65,3,,,,,,,,,,,,,,,,,,,,
2026-davis-cup,Davis Cup,Hard,,D,,20260206,399,gaubas,,,Gaubas,,,,,,,shimanov,,,Shimanov,,,,,,,6-0 6-4,3,,,,,,,,,,,,,,,,,,,,
2026-davis-cup,Davis Cup,Hard,,D,,20260206,400,vacherot,,,Vacherot,,,,,,,shevchenko-3bd40,,,Shevchenko,,,,,,,6-0 6-3,3,,,,,,,,,,,,,,,,,,,,
2026-davis-cup,Davis Cup,Hard,,D,,20260206,401,bublik-43f80,,,Bublik,,,,,,,nys,,,Nys,,,,,,,6-0 6-3,3,,,,,,,,,,,,,,,,,,,,
2026-davis-cup,Davis Cup,Hard,,D,,20260206,402,butvilas,,,Butvilas,,,,,,,vales,,,Vales,,,,,,,7-63 6-0,3,,,,,,,,,,,,,,,,,,,,
2026-davis-cup,Davis Cup,Hard,,D,,20260206,403,khan-18a49,,,Khan,,,,,,,andre-ba2d1,,,Andre,,,,,,,63-7 7-66 6-2,3,,,,,,,,,,,,,,,,,,,,
2026-davis-cup,Davis Cup,Hard,,D,,20260206,404,rodionov-f5e38,,,Rodionov,,,,,,,mochizuki-f2487,,,Mochizuki,,,,,,,6-4 7-5,3,,,,,,,,,,,,,,,,,,,,
2026-davis-cup,Davis Cup,Hard,,D,,20260206,405,wu-9762d,,,Wu,,,,,,,borges-8d823,,,Borges,,,,,,,6-1 7-63,3,,,,,,,,,,,,,,,,,,,,
2026-davis-cup,Davis Cup,Hard,,D,,20260206,406,murtaza-68624,,,Murtaza,,,,,,,jadoun,,,Jadoun,,,,,,,6-3 1-6 7-5,3,,,,,,,,,,,,,,,,,,,,
2026-davis-cup,Davis Cup,Hard,,D,,20260206,407,watanuki-223ad,,,Watanuki,,,,,,,ofner-44428,,,Ofner,,,,,,,6-3 6-4,3,,,,,,,,,,,,,,,,,,,,
2026-davis-cup,Davis Cup,Hard,,D,,20260206,408,rocha-0492a,,,Rocha,,,,,,,yunchaokete,,,Yunchaokete,,,,,,,6-4 6-4,3,,,,,,,,,,,,,,,,,,,,
2026-davis-cup,Davis Cup,Hard,,D,,20260205,409,norrie,,,Norrie,,,,,,,budkov-kjaer,,,Budkov Kjaer,,,,,,,6-4 6-4,3,,,,,,,,,,,,,,,,,,,,
2026-davis-cup,Davis Cup,Hard,,D,,20260205,410,draper-e73d3,,,Draper,,,,,,,durasovic,,,Durasovic,,,,,,,6-2 6-2,3,,,,,,,,,,,,,,,,,,,,
2026-doha,Doha,Hard,,250,,20260221,1,alcaraz-5ab70,1,,Alcaraz,,,,,,,fils,,,Fils,,,,,,,6-2 6-1,3,F,,,,,,,,,,,,,,,,,,,
2026-doha,Doha,Hard,,250,,20260220,2,fils,,,Fils,,,,,,,mensik,6,,Mensik,,,,,,,6-4 7-64,3,SF,,,,,,,,,,,,,,,,,,,
2026-doha,Doha,Hard,,250,,20260220,3,alcaraz-5ab70,1,,Alcaraz,,,,,,,rublev,5,,Rublev,,,,,,,7-63 6-4,3,SF,,,,,,,,,,,,,,,,,,,
2026-doha,Doha,Hard,,250,,20260219,4,mensik,6,,Mensik,,,,,,,sinner-8b8e8,2,,Sinner,,,,,,,7-63 2-6 6-3,3,QF,,,,,,,,,,,,,,,,,,,
2026-doha,Doha,Hard,,250,,20260219,5,alcaraz-5ab70,1,,Alcaraz,,,,,,,khachanov,7,,Khachanov,,,,,,,63-7 6-4 6-3,3,QF,,,,,,,,,,,,,,,,,,,
2026-doha,Doha,Hard,,250,,20260219,6,fils,,,Fils,,,,,,,lehecka,8,,Lehecka,,,,,,,6-3 6-3,3,QF,,,,,,,,,,,,,,,,,,,
2026-doha,Doha,Hard,,250,,20260219,7,rublev,5,,Rublev,,,,,,,tsitsipas-b526f,,,Tsitsipas,,,,,,,6-3 7-62,3,QF,,,,,,,,,,,,,,,,,,,
2026-doha,Doha,Hard,,250,,20260218,8,alcaraz-5ab70,1,,Alcaraz,,,,,,,royer,,,Royer,,,,,,,6-2 7-5,3,R16,,,,,,,,,,,,,,,,,,,
2026-doha,Doha,Hard,,250,,20260218,9,sinner-8b8e8,2,,Sinner,,,,,,,popyrin,,,Popyrin,,,,,,,6-3 7-5,3,R16,,,,,,,,,,,,,,,,,,,
2026-doha,Doha,Hard,,250,,20260218,10,mensik,6,,Mensik,,,,,,,zhang-45ae9,,,Zhang,,,,,,,6-3 6-2,3,R16,,,,,,,,,,,,,,,,,,,
2026-doha,Doha,Hard,,250,,20260218,11,rublev,5,,Rublev,,,,,,,marozsan,,,Marozsan,,,,,,,6-2 6-4,3,R16,,,,,,,,,,,,,,,,,,,
2026-doha,Doha,Hard,,250,,20260218,12,tsitsipas-b526f,,,Tsitsipas,,,,,,,medvedev-e0d2d,4,,Medvedev,,,,,,,6-3 6-4,3,R16,,,,,,,,,,,,,,,,,,,
2026-doha,Doha,Hard,,250,,20260218,13,lehecka,8,,Lehecka,,,,,,,bergs,,,Bergs,,,,,,,6-2 6-1,3,R16,,,,,,,,,,,,,,,,,,,
2026-doha,Doha,Hard,,250,,20260218,14,fils,,,Fils,,,,,,,halys,,,Halys,,,,,,,6-1 7-67,3,R16,,,,,,,,,,,,,,,,,,,
2026-doha,Doha,Hard,,250,,20260218,15,khachanov,7,,Khachanov,,,,,,,fucsovics,,,Fucsovics,,,,,,,6-2 4-6 6-4,3,R16,,,,,,,,,,,,,,,,,,,
2026-doha,Doha,Hard,,250,,20260217,16,rublev,5,,Rublev,,,,,,,de-jong-57322,,,De Jong,,,,,,,6-4 6-3,3,R128,,,,,,,,,,,,,,,,,,,
2026-doha,Doha,Hard,,250,,20260217,17,alcaraz-5ab70,1,,Alcaraz,,,,,,,rinderknech,,,Rinderknech,,,,,,,6-4 7-65,3,R128,,,,,,,,,,,,,,,,,,,
2026-doha,Doha,Hard,,250,,20260217,18,bergs,,,Bergs,,,,,,,mpetshi-perricard,,,Mpetshi Perricard,,,,,,,6-3 65-7 6-4,3,R128,,,,,,,,,,,,,,,,,,,
2026-doha,Doha,Hard,,250,,20260217,19,marozsan,,,Marozsan,,,,,,,humbert-e2553,,,Humbert,,,,,,,6-3 6-1,3,R128,,,,,,,,,,,,,,,,,,,
2026-doha,Doha,Hard,,250,,20260217,20,zhang-45ae9,,,Zhang,,,,,,,carballes-baena,,,Carballes Baena,,,,,,,6-4 6-4,3,R128,,,,,,,,,,,,,,,,,,,
2026-doha,Doha,Hard,,250,,20260217,21,khachanov,7,,Khachanov,,,,,,,mochizuki-f2487,,,Mochizuki,,,,,,,6-1 3-6 6-4,3,R128,,,,,,,,,,,,,,,,,,,
2026-doha,Doha,Hard,,250,,20260217,22,lehecka,8,,Lehecka,,,,,,,brooksby,,,Brooksby,,,,,,,6-3 6-3,3,R128,,,,,,,,,,,,,,,,,,,
2026-doha,Doha,Hard,,250,,20260217,23,fucsovics,,,Fucsovics,,,,,,,habib,,,Habib,,,,,,,6-3 6-3,3,R128,,,,,,,,,,,,,,,,,,,
2026-doha,Doha,Hard,,250,,20260217,24,tsitsipas-b526f,,,Tsitsipas,,,,,,,echargui,,,Echargui,,,,,,,6-4 6-4,3,R128,,,,,,,,,,,,,,,,,,,
2026-doha,Doha,Hard,,250,,20260217,25,halys,,,Halys,,,,,,,carreno-busta,,,Carreno-Busta,,,,,,,4-6 7-5 6-3,3,R128,,,,,,,,,,,,,,,,,,,
2026-doha,Doha,Hard,,250,,20260216,26,medvedev-e0d2d,4,,Medvedev,,,,,,,shang,,,Shang,,,,,,,6-4 6-2,3,R128,,,,,,,,,,,,,,,,,,,
2026-doha,Doha,Hard,,250,,20260216,27,sinner-8b8e8,2,,Sinner,,,,,,,machac,,,Machac,,,,,,,6-1 6-4,3,R128,,,,,,,,,,,,,,,,,,,
2026-doha,Doha,Hard,,250,,20260216,28,fils,,,Fils,,,,,,,majchrzak-905d8,,,Majchrzak,,,,,,,65-7 6-3 6-4,3,R128,,,,,,,,,,,,,,,,,,,
2026-doha,Doha,Hard,,250,,20260216,29,mensik,6,,Mensik,,,,,,,choinski,,,Choinski,,,,,,,66-7 6-2 6-4,3,R128,,,,,,,,,,,,,,,,,,,
2026-doha,Doha,Hard,,250,,20260216,30,royer,,,Royer,,,,,,,herbert-fa5ad,,,Herbert,,,,,,,6-0 6-3,3,R128,,,,,,,,,,,,,,,,,,,
2026-doha,Doha,Hard,,250,,20260216,31,popyrin,,,Popyrin,,,,,,,zayid,,,Zayid,,,,,,,6-0 6-2,3,R128,,,,,,,,,,,,,,,,,,,
2026-rio-de-janeiro,Rio de Janeiro,Clay,,250,,20260222,1,etcheverry-7101a,8,,Etcheverry,,,,,,,tabilo,,,Tabilo,,,,,,,3-6 7-63 6-4,3,F,,,,,,,,,,,,,,,,,,,
2026-rio-de-janeiro,Rio de Janeiro,Clay,,250,,20260222,2,etcheverry-7101a,8,,Etcheverry,,,,,,,kopriva,,,Kopriva,,,,,,,4-6 7-62 7-64,3,SF,,,,,,,,,,,,,,,,,,,
2026-rio-de-janeiro,Rio de Janeiro,Clay,,250,,20260222,3,tabilo,,,Tabilo,,,,,,,buse,,,Buse,,,,,,,6-3 6-3,3,SF,,,,,,,,,,,,,,,,,,,
2026-rio-de-janeiro,Rio de Janeiro,Clay,,250,,20260221,4,tabilo,,,Tabilo,,,,,,,tirante,,,Tirante,,,,,,,7-62 66-7 6-1,3,QF,,,,,,,,,,,,,,,,,,,
2026-rio-de-janeiro,Rio de Janeiro,Clay,,250,,20260220,5,buse,,,Buse,,,,,,,berrettini-707ad,,,Berrettini,,,,,,,6-3 2-6 6-3,3,QF,,,,,,,,,,,,,,,,,,,
2026-rio-de-janeiro,Rio de Janeiro,Clay,,250,,20260220,6,etcheverry-7101a,8,,Etcheverry,,,,,,,faria-4754c,,,Faria,,,,,,,7-64 6-4,3,QF,,,,,,,,,,,,,,,,,,,
2026-rio-de-janeiro,Rio de Janeiro,Clay,,250,,20260220,7,kopriva,,,Kopriva,,,,,,,cerundolo-08df6,,,Cerundolo,,,,,,,6-4 6-4,3,QF,,,,,,,,,,,,,,,,,,,
2026-rio-de-janeiro,Rio de Janeiro,Clay,,250,,20260220,8,berrettini-707ad,,,Berrettini,,,,,,,lajovic,,,Lajovic,,,,,,,3-6 6-4 6-2,3,R16,,,,,,,,,,,,,,,,,,,
2026-rio-de-janeiro,Rio de Janeiro,Clay,,250,,20260220,9,buse,,,Buse,,,,,,,fonseca-57dc1,3,,Fonseca,,,,,,,5-7 6-3 6-4,3,R16,,,,,,,,,,,,,,,,,,,
2026-rio-de-janeiro,Rio de Janeiro,Clay,,250,,20260219,10,etcheverry-7101a,8,,Etcheverry,,,,,,,gaubas,,,Gaubas,,,,,,,7-61 6-4,3,R16,,,,,,,,,,,,,,,,,,,
2026-rio-de-janeiro,Rio de Janeiro,Clay,,250,,20260219,11,faria-4754c,,,Faria,,,,,,,dzumhur,,,Dzumhur,,,,,,,7-61 6-4,3,R16,,,,,,,,,,,,,,,,,,,
2026-rio-de-janeiro,Rio de Janeiro,Clay,,250,,20260219,12,tabilo,,,Tabilo,,,,,,,passaro-5f6f1,,,Passaro,,,,,,,4-6 7-60 6-2,3,R16,,,,,,,,,,,,,,,,,,,
2026-rio-de-janeiro,Rio de Janeiro,Clay,,250,,20260218,13,tirante,,,Tirante,,,,,,,cerundolo,1,,Cerundolo,,,,,,,6-2 3-1,3,R16,,,,,,,,,,,,,,,,,,,
2026-rio-de-janeiro,Rio de Janeiro,Clay,,250,,20260218,14,cerundolo-08df6,,,Cerundolo,,,,,,,hanfmann,,,Hanfmann,,,,,,,6-4 61-7 6-4,3,R16,,,,,,,,,,,,,,,,,,,
2026-rio-de-janeiro,Rio de Janeiro,Clay,,250,,20260218,15,kopriva,,,Kopriva,,,,,,,burruchaga,,,Burruchaga,,,,,,,6-3 6-1,3,R16,,,,,,,,,,,,,,,,,,,
2026-rio-de-janeiro,Rio de Janeiro,Clay,,250,,20260218,16,gaubas,,,Gaubas,,,,,,,queiroz-miguel-da6d9,,,Queiroz Miguel,,,,,,,6-3 2-6 6-2,3,R128,,,,,,,,,,,,,,,,,,,
2026-rio-de-janeiro,Rio de Janeiro,Clay,,250,,20260218,17,faria-4754c,,,Faria,,,,,,,baez-a8fb1,4,,Baez,,,,,,,7-5 6-1,3,R128,,,,,,,,,,,,,,,,,,,
2026-rio-de-janeiro,Rio de Janeiro,Clay,,250,,20260218,18,dzumhur,,,Dzumhur,,,,,,,martinez-c0caf,,,Martinez,,,,,,,0-6 7-65 6-4,3,R128,,,,,,,,,,,,,,,,,,,
2026-rio-de-janeiro,Rio de Janeiro,Clay,,250,,20260217,19,fonseca-57dc1,3,,Fonseca,,,,,,,monteiro-f1500,,,Monteiro,,,,,,,7-61 6-1,3,R128,,,,,,,,,,,,,,,,,,,
2026-rio-de-janeiro,Rio de Janeiro,Clay,,250,,20260217,20,cerundolo,1,,Cerundolo,,,,,,,navone,,,Navone,,,,,,,6-3 6-4,3,R128,,,,,,,,,,,,,,,,,,,
2026-rio-de-janeiro,Rio de Janeiro,Clay,,250,,20260217,21,cerundolo-08df6,,,Cerundolo,,,,,,,darderi,2,,Darderi,,,,,,,6-1 3-6 6-4,3,R128,,,,,,,,,,,,,,,,,,,
2026-rio-de-janeiro,Rio de Janeiro,Clay,,250,,20260217,22,etcheverry-7101a,8,,Etcheverry,,,,,,,comesana-c17e0,,,Comesana,,,,,,,3-6 6-3 6-4,3,R128,,,,,,,,,,,,,,,,,,,
2026-rio-de-janeiro,Rio de Janeiro,Clay,,250,,20260217,23,berrettini-707ad,,,Berrettini,,,,,,,barrios-vera,,,Barrios Vera,,,,,,,7-61 7-5,3,R128,,,,,,,,,,,,,,,,,,,
2026-rio-de-janeiro,Rio de Janeiro,Clay,,250,,20260217,24,passaro-5f6f1,,,Passaro,,,,,,,prizmic,,,Prizmic,,,,,,,6-3 6-4,3,R128,,,,,,,,,,,,,,,,,,,
2026-rio-de-janeiro,Rio de Janeiro,Clay,,250,,20260217,25,burruchaga,,,Burruchaga,,,,,,,ugo-carabelli,5,,Ugo Carabelli,,,,,,,6-3 6-4,3,R128,,,,,,,,,,,,,,,,,,,
2026-rio-de-janeiro,Rio de Janeiro,Clay,,250,,20260217,26,hanfmann,,,Hanfmann,,,,,,,reis-da-silva,,,Reis Da Silva,,,,,,,7-63 6-4,3,R128,,,,,,,,,,,,,,,,,,,
2026-rio-de-janeiro,Rio de Janeiro,Clay,,250,,20260217,27,buse,,,Buse,,,,,,,marcondes,,,Marcondes,,,,,,,4-6 7-5 6-4,3,R128,,,,,,,,,,,,,,,,,,,
2026-rio-de-janeiro,Rio de Janeiro,Clay,,250,,20260216,28,kopriva,,,Kopriva,,,,,,,heide-17a3d,,,Heide,,,,,,,6-2 7-65,3,R128,,,,,,,,,,,,,,,,,,,
2026-rio-de-janeiro,Rio de Janeiro,Clay,,250,,20260216,29,tabilo,,,Tabilo,,,,,,,nava-337db,,,Nava,,,,,,,6-3 6-3,3,R128,,,,,,,,,,,,,,,,,,,
2026-rio-de-janeiro,Rio de Janeiro,Clay,,250,,20260216,30,lajovic,,,Lajovic,,,,,,,altmaier,7,,Altmaier,,,,,,,6-4 7-67,3,R128,,,,,,,,,,,,,,,,,,,
2026-rio-de-janeiro,Rio de Janeiro,Clay,,250,,20260216,31,tirante,,,Tirante,,,,,,,garin,,,Garin,,,,,,,7-5 6-3,3,R128,,,,,,,,,,,,,,,,,,,
2026-delray-beach,Delray Beach,Hard,,250,,20260222,1,korda-2529f,,,Korda,,,,,,,paul-324c3,5,,Paul,,,,,,,6-4 6-3,3,F,,,,,,,,,,,,,,,,,,,
2026-delray-beach,Delray Beach,Hard,,250,,20260222,2,paul-324c3,5,,Paul,,,,,,,tien,4,,Tien,,,,,,,4-6 6-4 6-3,3,SF,,,,,,,,,,,,,,,,,,,
2026-delray-beach,Delray Beach,Hard,,250,,20260221,3,korda-2529f,,,Korda,,,,,,,cobolli-d6311,3,,Cobolli,,,,,,,7-61 6-1,3,SF,,,,,,,,,,,,,,,,,,,
2026-delray-beach,Delray Beach,Hard,,250,,20260221,4,paul-324c3,5,,Paul,,,,,,,fritz-f1aa7,1,,Fritz,,,,,,,6-4 6-3,3,QF,,,,,,,,,,,,,,,,,,,
2026-delray-beach,Delray Beach,Hard,,250,,20260221,5,tien,4,,Tien,,,,,,,tiafoe,8,,Tiafoe,,,,,,,7-65 3-6 7-5,3,QF,,,,,,,,,,,,,,,,,,,
2026-delray-beach,Delray Beach,Hard,,250,,20260220,6,korda-2529f,,,Korda,,,,,,,ruud-dfb38,2,,Ruud,,,,,,,4-6 6-2 6-2,3,QF,,,,,,,,,,,,,,,,,,,
2026-delray-beach,Delray Beach,Hard,,250,,20260220,7,cobolli-d6311,3,,Cobolli,,,,,,,wong-d3ead,,,Wong,,,,,,,7-5 67-7 6-2,3,QF,,,,,,,,,,,,,,,,,,,
2026-delray-beach,Delray Beach,Hard,,250,,20260220,8,fritz-f1aa7,1,,Fritz,,,,,,,jodar,,,Jodar,,,,,,,7-64 6-4,3,R16,,,,,,,,,,,,,,,,,,,
2026-delray-beach,Delray Beach,Hard,,250,,20260220,9,paul-324c3,5,,Paul,,,,,,,walton,,,Walton,,,,,,,7-611 6-3,3,R16,,,,,,,,,,,,,,,,,,,
2026-delray-beach,Delray Beach,Hard,,250,,20260219,10,tiafoe,8,,Tiafoe,,,,,,,svajda,,,Svajda,,,,,,,6-4 3-6 7-5,3,R16,,,,,,,,,,,,,,,,,,,
2026-delray-beach,Delray Beach,Hard,,250,,20260219,11,tien,4,,Tien,,,,,,,kecmanovic,,,Kecmanovic,,,,,,,6-4 64-7 7-65,3,R16,,,,,,,,,,,,,,,,,,,
2026-delray-beach,Delray Beach,Hard,,250,,20260219,12,ruud-dfb38,2,,Ruud,,,,,,,giron-49e97,,,Giron,,,,,,,4-6 7-66 6-4,3,R16,,,,,,,,,,,,,,,,,,,
2026-delray-beach,Delray Beach,Hard,,250,,20260219,13,korda-2529f,,,Korda,,,,,,,michelsen-a98bb,,,Michelsen,,,,,,,6-3 7-66,3,R16,,,,,,,,,,,,,,,,,,,
2026-delray-beach,Delray Beach,Hard,,250,,20260218,14,wong-d3ead,,,Wong,,,,,,,nakashima-68876,7,,Nakashima,,,,,,,6-4 7-64,3,R16,,,,,,,,,,,,,,,,,,,
2026-delray-beach,Delray Beach,Hard,,250,,20260218,15,cobolli-d6311,3,,Cobolli,,,,,,,atmane,,,Atmane,,,,,,,7-5 6-4,3,R16,,,,,,,,,,,,,,,,,,,
2026-delray-beach,Delray Beach,Hard,,250,,20260218,16,paul-324c3,5,,Paul,,,,,,,moutet,,,Moutet,,,,,,,4-6 6-3 6-4,3,R128,,,,,,,,,,,,,,,,,,,
2026-delray-beach,Delray Beach,Hard,,250,,20260218,17,kecmanovic,,,Kecmanovic,,,,,,,bellucci-47e7e,,,Bellucci,,,,,,,6-1 6-4,3,R128,,,,,,,,,,,,,,,,,,,
2026-delray-beach,Delray Beach,Hard,,250,,20260217,18,walton,,,Walton,,,,,,,diallo-dd116,,,Diallo,,,,,,,7-64 6-3,3,R128,,,,,,,,,,,,,,,,,,,
2026-delray-beach,Delray Beach,Hard,,250,,20260217,19,jodar,,,Jodar,,,,,,,quinn-d0193,,,Quinn,,,,,,,6-2 6-3,3,R128,,,,,,,,,,,,,,,,,,,
2026-delray-beach,Delray Beach,Hard,,250,,20260217,20,nakashima-68876,7,,Nakashima,,,,,,,cilic,,,Cilic,,,,,,,7-64 7-65,3,R128,,,,,,,,,,,,,,,,,,,
2026-delray-beach,Delray Beach,Hard,,250,,20260217,21,korda-2529f,,,Korda,,,,,,,mcdonald-4d935,,,McDonald,,,,,,,6-4 7-5,3,R128,,,,,,,,,,,,,,,,,,,
2026-delray-beach,Delray Beach,Hard,,250,,20260217,22,svajda,,,Svajda,,,,,,,kovacevic-a2706,,,Kovacevic,,,,,,,7-64 6-3,3,R128,,,,,,,,,,,,,,,,,,,
2026-delray-beach,Delray Beach,Hard,,250,,20260217,23,tiafoe,8,,Tiafoe,,,,,,,hijikata,,,Hijikata,,,,,,,6-4 6-4,3,R128,,,,,,,,,,,,,,,,,,,
2026-delray-beach,Delray Beach,Hard,,250,,20260217,24,giron-49e97,,,Giron,,,,,,,shimabukuro,,,Shimabukuro,,,,,,,6-3 7-5,3,R128,,,,,,,,,,,,,,,,,,,
2026-delray-beach,Delray Beach,Hard,,250,,20260216,25,michelsen-a98bb,,,Michelsen,,,,,,,vacherot,6,,Vacherot,,,,,,,7-64 6-4,3,R128,,,,,,,,,,,,,,,,,,,
2026-delray-beach,Delray Beach,Hard,,250,,20260216,26,atmane,,,Atmane,,,,,,,kypson,,,Kypson,,,,,,,6-3 2-6 6-4,3,R128,,,,,,,,,,,,,,,,,,,
2026-delray-beach,Delray Beach,Hard,,250,,20260216,27,wong-d3ead,,,Wong,,,,,,,borges-8d823,,,Borges,,,,,,,7-65 4-6 6-3,3,R128,,,,,,,,,,,,,,,,,,,
2026-barcelona,Barcelona,Clay,,250,,20260419,1,fils,9,,Fils,,,,,,,rublev,5,,Rublev,,,,,,,6-2 7-62,3,F,,,,,,,,,,,,,,,,,,,
2026-barcelona,Barcelona,Clay,,250,,20260418,2,fils,9,,Fils,,,,,,,jodar,,,Jodar,,,,,,,3-6 6-3 6-2,3,SF,,,,,,,,,,,,,,,,,,,
2026-barcelona,Barcelona,Clay,,250,,20260418,3,rublev,5,,Rublev,,,,,,,medjedovic,,,Medjedovic,,,,,,,3-6 6-2 6-2,3,SF,,,,,,,,,,,,,,,,,,,
2026-barcelona,Barcelona,Clay,,250,,20260417,4,jodar,,,Jodar,,,,,,,norrie,7,,Norrie,,,,,,,6-3 6-2,3,QF,,,,,,,,,,,,,,,,,,,
2026-barcelona,Barcelona,Clay,,250,,20260417,5,fils,9,,Fils,,,,,,,musetti,2,,Musetti,,,,,,,6-3 6-4,3,QF,,,,,,,,,,,,,,,,,,,
2026-barcelona,Barcelona,Clay,,250,,20260417,6,rublev,5,,Rublev,,,,,,,machac,,,Machac,,,,,,,6-4 6-3,3,QF,,,,,,,,,,,,,,,,,,,
2026-barcelona,Barcelona,Clay,,250,,20260417,7,medjedovic,,,Medjedovic,,,,,,,borges-8d823,,,Borges,,,,,,,7-66 6-2,3,QF,,,,,,,,,,,,,,,,,,,
2026-barcelona,Barcelona,Clay,,250,,20260416,8,fils,9,,Fils,,,,,,,nakashima-68876,,,Nakashima,,,,,,,6-2 6-3,3,R16,,,,,,,,,,,,,,,,,,,
2026-barcelona,Barcelona,Clay,,250,,20260416,9,musetti,2,,Musetti,,,,,,,moutet,,,Moutet,,,,,,,6-3 6-4,3,R16,,,,,,,,,,,,,,,,,,,
2026-barcelona,Barcelona,Clay,,250,,20260416,10,rublev,5,,Rublev,,,,,,,sonego,,,Sonego,,,,,,,6-2 6-3,3,R16,,,,,,,,,,,,,,,,,,,
2026-barcelona,Barcelona,Clay,,250,,20260415,11,norrie,7,,Norrie,,,,,,,quinn-d0193,,,Quinn,,,,,,,6-3 4-6 6-4,3,R16,,,,,,,,,,,,,,,,,,,
2026-barcelona,Barcelona,Clay,,250,,20260415,12,jodar,,,Jodar,,,,,,,ugo-carabelli,,,Ugo Carabelli,,,,,,,6-3 6-3,3,R16,,,,,,,,,,,,,,,,,,,
2026-barcelona,Barcelona,Clay,,250,,20260415,13,medjedovic,,,Medjedovic,,,,,,,de-minaur,3,,De Minaur,,,,,,,6-3 6-4,3,R16,,,,,,,,,,,,,,,,,,,
2026-barcelona,Barcelona,Clay,,250,,20260415,14,borges-8d823,,,Borges,,,,,,,etcheverry-7101a,,,Etcheverry,,,,,,,6-3 7-64,3,R16,,,,,,,,,,,,,,,,,,,
2026-barcelona,Barcelona,Clay,,250,,20260414,15,fils,9,,Fils,,,,,,,atmane,,,Atmane,,,,,,,4-6 6-4 7-67,3,R128,,,,,,,,,,,,,,,,,,,
2026-barcelona,Barcelona,Clay,,250,,20260414,16,rublev,5,,Rublev,,,,,,,navone,,,Navone,,,,,,,6-4 7-5,3,R128,,,,,,,,,,,,,,,,,,,
2026-barcelona,Barcelona,Clay,,250,,20260414,17,nakashima-68876,,,Nakashima,,,,,,,cerundolo-08df6,,,Cerundolo,,,,,,,6-3 7-5,3,R128,,,,,,,,,,,,,,,,,,,
2026-barcelona,Barcelona,Clay,,250,,20260414,18,alcaraz-5ab70,1,,Alcaraz,,,,,,,virtanen-7d161,,,Virtanen,,,,,,,6-4 6-2,3,R128,,,,,,,,,,,,,,,,,,,
2026-barcelona,Barcelona,Clay,,250,,20260414,19,machac,,,Machac,,,,,,,baez-a8fb1,,,Baez,,,,,,,2-6 6-4 6-1,3,R128,,,,,,,,,,,,,,,,,,,
2026-barcelona,Barcelona,Clay,,250,,20260414,20,ugo-carabelli,,,Ugo Carabelli,,,,,,,khachanov,4,,Khachanov,,,,,,,6-3 6-4,3,R128,,,,,,,,,,,,,,,,,,,
2026-barcelona,Barcelona,Clay,,250,,20260414,21,musetti,2,,Musetti,,,,,,,landaluce-84126,,,Landaluce,,,,,,,7-5 6-2,3,R128,,,,,,,,,,,,,,,,,,,
2026-barcelona,Barcelona,Clay,,250,,20260414,22,sonego,,,Sonego,,,,,,,martinez-c0caf,,,Martinez,,,,,,,6-2 2-6 6-4,3,R128,,,,,,,,,,,,,,,,,,,
2026-barcelona,Barcelona,Clay,,250,,20260414,23,de-minaur,3,,De Minaur,,,,,,,ofner-44428,,,Ofner,,,,,,,7-67 6-4,3,R128,,,,,,,,,,,,,,,,,,,
2026-barcelona,Barcelona,Clay,,250,,20260413,24,jodar,,,Jodar,,,,,,,munar-d1298,,,Munar,,,,,,,6-1 6-2,3,R128,,,,,,,,,,,,,,,,,,,
2026-barcelona,Barcelona,Clay,,250,,20260413,25,borges-8d823,,,Borges,,,,,,,mannarino-a7108,,,Mannarino,,,,,,,6-3 6-4,3,R128,,,,,,,,,,,,,,,,,,,
2026-barcelona,Barcelona,Clay,,250,,20260413,26,medjedovic,,,Medjedovic,,,,,,,trungelliti,,,Trungelliti,,,,,,,7-5 6-4,3,R128,,,,,,,,,,,,,,,,,,,
2026-barcelona,Barcelona,Clay,,250,,20260413,27,norrie,7,,Norrie,,,,,,,wawrinka-ffdb9,,,Wawrinka,,,,,,,6-4 65-7 6-4,3,R128,,,,,,,,,,,,,,,,,,,
2026-barcelona,Barcelona,Clay,,250,,20260413,28,quinn-d0193,,,Quinn,,,,,,,opelka,,,Opelka,,,,,,,7-5 7-67,3,R128,,,,,,,,,,,,,,,,,,,
2026-barcelona,Barcelona,Clay,,250,,20260413,29,etcheverry-7101a,,,Etcheverry,,,,,,,draper-e73d3,8,,Draper,,,,,,,3-6 6-3 4-1,3,R128,,,,,,,,,,,,,,,,,,,
2026-barcelona,Barcelona,Clay,,250,,20260413,30,moutet,,,Moutet,,,,,,,buse,,,Buse,,,,,,,6-4 6-4,3,R128,,,,,,,,,,,,,,,,,,,
2026-munich,Munich,Clay,,250,,20260419,1,shelton-38989,2,,Shelton,,,,,,,cobolli-d6311,4,,Cobolli,,,,,,,6-2 7-5,3,F,,,,,,,,,,,,,,,,,,,
2026-munich,Munich,Clay,,250,,20260418,2,shelton-38989,2,,Shelton,,,,,,,molcan,,,Molcan,,,,,,,6-3 6-4,3,SF,,,,,,,,,,,,,,,,,,,
2026-munich,Munich,Clay,,250,,20260418,3,cobolli-d6311,4,,Cobolli,,,,,,,zverev-6f768,1,,Zverev,,,,,,,6-3 6-3,3,SF,,,,,,,,,,,,,,,,,,,
2026-munich,Munich,Clay,,250,,20260417,4,molcan,,,Molcan,,,,,,,shapovalov,,,Shapovalov,,,,,,,6-4 6-4,3,QF,,,,,,,,,,,,,,,,,,,
2026-munich,Munich,Clay,,250,,20260417,5,shelton-38989,2,,Shelton,,,,,,,fonseca-57dc1,,,Fonseca,,,,,,,6-3 3-6 6-3,3,QF,,,,,,,,,,,,,,,,,,,
2026-munich,Munich,Clay,,250,,20260417,6,zverev-6f768,1,,Zverev,,,,,,,cerundolo,5,,Cerundolo,,,,,,,5-7 6-0 6-2,3,QF,,,,,,,,,,,,,,,,,,,
2026-munich,Munich,Clay,,250,,20260417,7,cobolli-d6311,4,,Cobolli,,,,,,,kopriva,,,Kopriva,,,,,,,6-3 6-2,3,QF,,,,,,,,,,,,,,,,,,,
2026-munich,Munich,Clay,,250,,20260416,8,shapovalov,,,Shapovalov,,,,,,,marozsan,,,Marozsan,,,,,,,7-64 6-2,3,R16,,,,,,,,,,,,,,,,,,,
2026-munich,Munich,Clay,,250,,20260416,9,zverev-6f768,1,,Zverev,,,,,,,diallo-dd116,,,Diallo,,,,,,,6-1 6-2,3,R16,,,,,,,,,,,,,,,,,,,
2026-munich,Munich,Clay,,250,,20260416,10,molcan,,,Molcan,,,,,,,altmaier,,,Altmaier,,,,,,,6-4 7-610,3,R16,,,,,,,,,,,,,,,,,,,
2026-munich,Munich,Clay,,250,,20260416,11,cerundolo,5,,Cerundolo,,,,,,,van-de-zandschulp,,,Van De Zandschulp,,,,,,,6-3 6-0,3,R16,,,,,,,,,,,,,,,,,,,
2026-munich,Munich,Clay,,250,,20260415,12,kopriva,,,Kopriva,,,,,,,darderi,6,,Darderi,,,,,,,2-6 6-4 6-1,3,R16,,,,,,,,,,,,,,,,,,,
2026-munich,Munich,Clay,,250,,20260415,13,cobolli-d6311,4,,Cobolli,,,,,,,bergs,,,Bergs,,,,,,,6-2 6-3,3,R16,,,,,,,,,,,,,,,,,,,
2026-munich,Munich,Clay,,250,,20260415,14,shelton-38989,2,,Shelton,,,,,,,blockx,,,Blockx,,,,,,,6-4 7-68,3,R16,,,,,,,,,,,,,,,,,,,
2026-munich,Munich,Clay,,250,,20260415,15,fonseca-57dc1,,,Fonseca,,,,,,,rinderknech,7,,Rinderknech,,,,,,,6-3 6-2,3,R16,,,,,,,,,,,,,,,,,,,
2026-munich,Munich,Clay,,250,,20260415,16,marozsan,,,Marozsan,,,,,,,tsitsipas-b526f,,,Tsitsipas,,,,,,,3-6 7-65 6-4,3,R128,,,,,,,,,,,,,,,,,,,
2026-munich,Munich,Clay,,250,,20260414,17,bergs,,,Bergs,,,,,,,topo-77408,,,Topo,,,,,,,6-1 6-4,3,R128,,,,,,,,,,,,,,,,,,,
2026-munich,Munich,Clay,,250,,20260414,18,molcan,,,Molcan,,,,,,,bublik-43f80,3,,Bublik,,,,,,,6-4 6-2,3,R128,,,,,,,,,,,,,,,,,,,
2026-munich,Munich,Clay,,250,,20260414,19,altmaier,,,Altmaier,,,,,,,cilic,,,Cilic,,,,,,,6-2 6-3,3,R128,,,,,,,,,,,,,,,,,,,
2026-munich,Munich,Clay,,250,,20260414,20,kopriva,,,Kopriva,,,,,,,engel-6e09f,,,Engel,,,,,,,6-3 5-7 6-2,3,R128,,,,,,,,,,,,,,,,,,,
2026-munich,Munich,Clay,,250,,20260414,21,cobolli-d6311,4,,Cobolli,,,,,,,dedura-palomero-d612d,,,Dedura-Palomero,,,,,,,6-4 7-5,3,R128,,,,,,,,,,,,,,,,,,,
2026-munich,Munich,Clay,,250,,20260414,22,zverev-6f768,1,,Zverev,,,,,,,kecmanovic,,,Kecmanovic,,,,,,,6-3 3-6 7-62,3,R128,,,,,,,,,,,,,,,,,,,
2026-munich,Munich,Clay,,250,,20260414,23,darderi,6,,Darderi,,,,,,,zhang-45ae9,,,Zhang,,,,,,,7-65 3-6 6-1,3,R128,,,,,,,,,,,,,,,,,,,
2026-munich,Munich,Clay,,250,,20260414,24,shapovalov,,,Shapovalov,,,,,,,griekspoor-d58ed,8,,Griekspoor,,,,,,,6-4 3-6 6-2,3,R128,,,,,,,,,,,,,,,,,,,
2026-munich,Munich,Clay,,250,,20260414,25,fonseca-57dc1,,,Fonseca,,,,,,,tabilo,,,Tabilo,,,,,,,7-61 6-3,3,R128,,,,,,,,,,,,,,,,,,,
2026-munich,Munich,Clay,,250,,20260413,26,blockx,,,Blockx,,,,,,,hanfmann,,,Hanfmann,,,,,,,7-62 6-2,3,R128,,,,,,,,,,,,,,,,,,,
2026-munich,Munich,Clay,,250,,20260413,27,shelton-38989,2,,Shelton,,,,,,,nava-337db,,,Nava,,,,,,,7-64 3-6 6-3,3,R128,,,,,,,,,,,,,,,,,,,
2026-munich,Munich,Clay,,250,,20260413,28,diallo-dd116,,,Diallo,,,,,,,sachko,,,Sachko,,,,,,,6-1 6-2,3,R128,,,,,,,,,,,,,,,,,,,
2026-munich,Munich,Clay,,250,,20260413,29,cerundolo,5,,Cerundolo,,,,,,,nagal,,,Nagal,,,,,,,6-2 6-2,3,R128,,,,,,,,,,,,,,,,,,,
2026-munich,Munich,Clay,,250,,20260413,30,rinderknech,7,,Rinderknech,,,,,,,michelsen-a98bb,,,Michelsen,,,,,,,6-3 6-3,3,R128,,,,,,,,,,,,,,,,,,,
2026-munich,Munich,Clay,,250,,20260413,31,van-de-zandschulp,,,Van De Zandschulp,,,,,,,huesler,,,Huesler,,,,,,,7-67 6-3,3,R128,,,,,,,,,,,,,,,,,,,
2026-tallahassee-chall,Tallahassee chall.,Clay,,250,,20260419,1,tabur,5,,Tabur,,,,,,,reis-da-silva,,,Reis Da Silva,,,,,,,6-4 1-0,3,F,,,,,,,,,,,,,,,,,,,
2026-tallahassee-chall,Tallahassee chall.,Clay,,250,,20260418,2,tabur,5,,Tabur,,,,,,,mmoh,,,Mmoh,,,,,,,6-4 6-2,3,SF,,,,,,,,,,,,,,,,,,,
2026-tallahassee-chall,Tallahassee chall.,Clay,,250,,20260418,3,reis-da-silva,,,Reis Da Silva,,,,,,,kennedy-81205,,,Kennedy,,,,,,,6-2 2-6 6-4,3,SF,,,,,,,,,,,,,,,,,,,
2026-tallahassee-chall,Tallahassee chall.,Clay,,250,,20260418,4,tabur,5,,Tabur,,,,,,,zink-30580,,,Zink,,,,,,,6-1 6-4,3,QF,,,,,,,,,,,,,,,,,,,
2026-tallahassee-chall,Tallahassee chall.,Clay,,250,,20260417,5,kennedy-81205,,,Kennedy,,,,,,,glinka,4,,Glinka,,,,,,,6-4 6-4,3,QF,,,,,,,,,,,,,,,,,,,
2026-tallahassee-chall,Tallahassee chall.,Clay,,250,,20260417,6,mmoh,,,Mmoh,,,,,,,barton-61a23,,,Barton,,,,,,,6-3 7-65,3,QF,,,,,,,,,,,,,,,,,,,
2026-tallahassee-chall,Tallahassee chall.,Clay,,250,,20260417,7,reis-da-silva,,,Reis Da Silva,,,,,,,boscardin-dias-3afa8,,,Boscardin Dias,,,,,,,6-4 4-6 6-4,3,QF,,,,,,,,,,,,,,,,,,,
2026-tallahassee-chall,Tallahassee chall.,Clay,,250,,20260417,8,glinka,4,,Glinka,,,,,,,blanch-748a3,,,Blanch,,,,,,,6-3 6-4,3,R16,,,,,,,,,,,,,,,,,,,
2026-tallahassee-chall,Tallahassee chall.,Clay,,250,,20260416,9,tabur,5,,Tabur,,,,,,,martin-e6e6e,,,Martin,,,,,,,6-3 5-7 6-3,3,R16,,,,,,,,,,,,,,,,,,,
2026-tallahassee-chall,Tallahassee chall.,Clay,,250,,20260416,10,kennedy-81205,,,Kennedy,,,,,,,crawford-71058,,,Crawford,,,,,,,7-64 4-6 7-5,3,R16,,,,,,,,,,,,,,,,,,,
2026-tallahassee-chall,Tallahassee chall.,Clay,,250,,20260416,11,zink-30580,,,Zink,,,,,,,krueger-d6035,,,Krueger,,,,,,,6-1 6-2,3,R16,,,,,,,,,,,,,,,,,,,
2026-tallahassee-chall,Tallahassee chall.,Clay,,250,,20260415,12,boscardin-dias-3afa8,,,Boscardin Dias,,,,,,,rybakov,,,Rybakov,,,,,,,2-6 7-5 7-5,3,R16,,,,,,,,,,,,,,,,,,,
2026-tallahassee-chall,Tallahassee chall.,Clay,,250,,20260415,13,mmoh,,,Mmoh,,,,,,,kingsley-84b50,,,Kingsley,,,,,,,4-6 7-64 6-4,3,R16,,,,,,,,,,,,,,,,,,,
2026-tallahassee-chall,Tallahassee chall.,Clay,,250,,20260415,14,barton-61a23,,,Barton,,,,,,,johns-b2ed0,,,Johns,,,,,,,6-4 6-4,3,R16,,,,,,,,,,,,,,,,,,,
2026-tallahassee-chall,Tallahassee chall.,Clay,,250,,20260415,15,reis-da-silva,,,Reis Da Silva,,,,,,,draxl,1,,Draxl,,,,,,,6-3 7-5,3,R16,,,,,,,,,,,,,,,,,,,
2026-tallahassee-chall,Tallahassee chall.,Clay,,250,,20260415,16,krueger-d6035,,,Krueger,,,,,,,dutra-da-silva,,,Dutra da Silva,,,,,,,2-6 6-3 6-4,3,R128,,,,,,,,,,,,,,,,,,,
2026-tallahassee-chall,Tallahassee chall.,Clay,,250,,20260414,17,kennedy-81205,,,Kennedy,,,,,,,neumayer,7,,Neumayer,,,,,,,3-6 6-4 4-0,3,R128,,,,,,,,,,,,,,,,,,,
2026-tallahassee-chall,Tallahassee chall.,Clay,,250,,20260414,18,zink-30580,,,Zink,,,,,,,purtseladze,,,Purtseladze,,,,,,,4-6 7-66 6-1,3,R128,,,,,,,,,,,,,,,,,,,
2026-tallahassee-chall,Tallahassee chall.,Clay,,250,,20260414,19,rybakov,,,Rybakov,,,,,,,kozlov,,,Kozlov,,,,,,,7-63 6-2,3,R128,,,,,,,,,,,,,,,,,,,
2026-tallahassee-chall,Tallahassee chall.,Clay,,250,,20260414,20,crawford-71058,,,Crawford,,,,,,,ajdukovic,,,Ajdukovic,,,,,,,6-3 6-4,3,R128,,,,,,,,,,,,,,,,,,,
2026-tallahassee-chall,Tallahassee chall.,Clay,,250,,20260414,21,boscardin-dias-3afa8,,,Boscardin Dias,,,,,,,olivieri-ff875,8,,Olivieri,,,,,,,4-6 6-4 6-3,3,R128,,,,,,,,,,,,,,,,,,,
2026-tallahassee-chall,Tallahassee chall.,Clay,,250,,20260414,22,tabur,5,,Tabur,,,,,,,gueymard-wayenburg,,,Gueymard Wayenburg,,,,,,,6-1 3-0,3,R128,,,,,,,,,,,,,,,,,,,
2026-tallahassee-chall,Tallahassee chall.,Clay,,250,,20260414,23,blanch-748a3,,,Blanch,,,,,,,galan-e4b30,,,Galan,,,,,,,3-6 6-1 6-4,3,R128,,,,,,,,,,,,,,,,,,,
2026-tallahassee-chall,Tallahassee chall.,Clay,,250,,20260414,24,glinka,4,,Glinka,,,,,,,dostanic,,,Dostanic,,,,,,,6-2 7-63,3,R128,,,,,,,,,,,,,,,,,,,
2026-tallahassee-chall,Tallahassee chall.,Clay,,250,,20260414,25,barton-61a23,,,Barton,,,,,,,kuzuhara,,,Kuzuhara,,,,,,,4-6 6-4 6-3,3,R128,,,,,,,,,,,,,,,,,,,
2026-tallahassee-chall,Tallahassee chall.,Clay,,250,,20260414,26,martin-e6e6e,,,Martin,,,,,,,langmo,,,Langmo,,,,,,,6-4 7-5,3,R128,,,,,,,,,,,,,,,,,,,
2026-tallahassee-chall,Tallahassee chall.,Clay,,250,,20260414,27,johns-b2ed0,,,Johns,,,,,,,smith-4a480,6,,Smith,,,,,,,7-66 6-1,3,R128,,,,,,,,,,,,,,,,,,,
2026-tallahassee-chall,Tallahassee chall.,Clay,,250,,20260414,28,kingsley-84b50,,,Kingsley,,,,,,,popko,,,Popko,,,,,,,6-3 3-6 7-5,3,R128,,,,,,,,,,,,,,,,,,,
2026-tallahassee-chall,Tallahassee chall.,Clay,,250,,20260414,29,draxl,1,,Draxl,,,,,,,bigun,,,Bigun,,,,,,,3-6 6-2 6-1,3,R128,,,,,,,,,,,,,,,,,,,
2026-tallahassee-chall,Tallahassee chall.,Clay,,250,,20260413,30,mmoh,,,Mmoh,,,,,,,gomez-e101b,2,,Gomez,,,,,,,6-2 6-1,3,R128,,,,,,,,,,,,,,,,,,,
2026-tallahassee-chall,Tallahassee chall.,Clay,,250,,20260413,31,reis-da-silva,,,Reis Da Silva,,,,,,,kicker,,,Kicker,,,,,,,6-2 6-3,3,R128,,,,,,,,,,,,,,,,,,,
2026-hamburg,Hamburg,Clay,,250,,20260523,1,buse,,,Buse,,,,,,,paul-324c3,6,,Paul,,,,,,,7-66 4-6 6-3,3,F,,,,,,,,,,,,,,,,,,,
2026-hamburg,Hamburg,Clay,,250,,20260522,2,paul-324c3,6,,Paul,,,,,,,de-minaur,3,,De Minaur,,,,,,,2-6 6-3 6-3,3,SF,,,,,,,,,,,,,,,,,,,
2026-hamburg,Hamburg,Clay,,250,,20260522,3,buse,,,Buse,,,,,,,kovacevic-a2706,,,Kovacevic,,,,,,,6-1 6-4,3,SF,,,,,,,,,,,,,,,,,,,
2026-hamburg,Hamburg,Clay,,250,,20260521,4,de-minaur,3,,De Minaur,,,,,,,darderi,7,,Darderi,,,,,,,6-0 6-3,3,QF,,,,,,,,,,,,,,,,,,,
2026-hamburg,Hamburg,Clay,,250,,20260521,5,kovacevic-a2706,,,Kovacevic,,,,,,,ugo-carabelli,,,Ugo Carabelli,,,,,,,6-4 610-7 6-2,3,QF,,,,,,,,,,,,,,,,,,,
2026-hamburg,Hamburg,Clay,,250,,20260521,6,paul-324c3,6,,Paul,,,,,,,altmaier,,,Altmaier,,,,,,,6-2 7-5,3,QF,,,,,,,,,,,,,,,,,,,
2026-hamburg,Hamburg,Clay,,250,,20260521,7,buse,,,Buse,,,,,,,humbert-e2553,,,Humbert,,,,,,,6-3 5-7 6-3,3,QF,,,,,,,,,,,,,,,,,,,
2026-hamburg,Hamburg,Clay,,250,,20260520,8,darderi,7,,Darderi,,,,,,,hanfmann,,,Hanfmann,,,,,,,7-67 7-5,3,R16,,,,,,,,,,,,,,,,,,,
2026-hamburg,Hamburg,Clay,,250,,20260520,9,ugo-carabelli,,,Ugo Carabelli,,,,,,,tiafoe,8,,Tiafoe,,,,,,,7-63 7-64,3,R16,,,,,,,,,,,,,,,,,,,
2026-hamburg,Hamburg,Clay,,250,,20260520,10,de-minaur,3,,De Minaur,,,,,,,davidovich-fokina,,,Davidovich Fokina,,,,,,,6-2 4-6 6-4,3,R16,,,,,,,,,,,,,,,,,,,
2026-hamburg,Hamburg,Clay,,250,,20260520,11,humbert-e2553,,,Humbert,,,,,,,khachanov,5,,Khachanov,,,,,,,6-3 3-6 7-63,3,R16,,,,,,,,,,,,,,,,,,,
2026-hamburg,Hamburg,Clay,,250,,20260520,12,paul-324c3,6,,Paul,,,,,,,etcheverry-7101a,,,Etcheverry,,,,,,,65-7 7-65 7-67,3,R16,,,,,,,,,,,,,,,,,,,
2026-hamburg,Hamburg,Clay,,250,,20260520,13,buse,,,Buse,,,,,,,mensik,,,Mensik,,,,,,,6-0 6-3,3,R16,,,,,,,,,,,,,,,,,,,
2026-hamburg,Hamburg,Clay,,250,,20260520,14,kovacevic-a2706,,,Kovacevic,,,,,,,auger-aliassime,1,,Auger Aliassime,,,,,,,4-6 7-5 6-4,3,R16,,,,,,,,,,,,,,,,,,,
2026-hamburg,Hamburg,Clay,,250,,20260519,15,altmaier,,,Altmaier,,,,,,,shelton-38989,2,,Shelton,,,,,,,4-6 7-64 6-4,3,R16,,,,,,,,,,,,,,,,,,,
2026-hamburg,Hamburg,Clay,,250,,20260519,16,humbert-e2553,,,Humbert,,,,,,,engel-6e09f,,,Engel,,,,,,,6-3 3-6 7-62,3,R128,,,,,,,,,,,,,,,,,,,
2026-hamburg,Hamburg,Clay,,250,,20260519,17,khachanov,5,,Khachanov,,,,,,,gaston-e1fa4,,,Gaston,,,,,,,3-6 6-3 7-64,3,R128,,,,,,,,,,,,,,,,,,,
2026-hamburg,Hamburg,Clay,,250,,20260519,18,auger-aliassime,1,,Auger Aliassime,,,,,,,kopriva,,,Kopriva,,,,,,,7-5 6-1,3,R128,,,,,,,,,,,,,,,,,,,
2026-hamburg,Hamburg,Clay,,250,,20260519,19,darderi,7,,Darderi,,,,,,,burruchaga,,,Burruchaga,,,,,,,6-3 7-64,3,R128,,,,,,,,,,,,,,,,,,,
2026-hamburg,Hamburg,Clay,,250,,20260519,20,kovacevic-a2706,,,Kovacevic,,,,,,,gea,,,Gea,,,,,,,6-2 7-63,3,R128,,,,,,,,,,,,,,,,,,,
2026-hamburg,Hamburg,Clay,,250,,20260519,21,buse,,,Buse,,,,,,,cobolli-d6311,4,,Cobolli,,,,,,,6-2 7-5,3,R128,,,,,,,,,,,,,,,,,,,
2026-hamburg,Hamburg,Clay,,250,,20260518,22,mensik,,,Mensik,,,,,,,struff,,,Struff,,,,,,,7-63 6-2,3,R128,,,,,,,,,,,,,,,,,,,
2026-hamburg,Hamburg,Clay,,250,,20260518,23,shelton-38989,2,,Shelton,,,,,,,giron-49e97,,,Giron,,,,,,,6-3 4-6 7-63,3,R128,,,,,,,,,,,,,,,,,,,
2026-hamburg,Hamburg,Clay,,250,,20260518,24,altmaier,,,Altmaier,,,,,,,hijikata,,,Hijikata,,,,,,,7-5 6-2,3,R128,,,,,,,,,,,,,,,,,,,
2026-hamburg,Hamburg,Clay,,250,,20260518,25,hanfmann,,,Hanfmann,,,,,,,schoenhaus,,,Schoenhaus,,,,,,,6-3 64-7 6-4,3,R128,,,,,,,,,,,,,,,,,,,
2026-hamburg,Hamburg,Clay,,250,,20260518,26,etcheverry-7101a,,,Etcheverry,,,,,,,atmane,,,Atmane,,,,,,,6-2 7-64,3,R128,,,,,,,,,,,,,,,,,,,
2026-hamburg,Hamburg,Clay,,250,,20260518,27,ugo-carabelli,,,Ugo Carabelli,,,,,,,majchrzak-905d8,,,Majchrzak,,,,,,,1-6 6-2 6-3,3,R128,,,,,,,,,,,,,,,,,,,
2026-hamburg,Hamburg,Clay,,250,,20260518,28,davidovich-fokina,,,Davidovich Fokina,,,,,,,moutet,,,Moutet,,,,,,,6-4 6-4,3,R128,,,,,,,,,,,,,,,,,,,
2026-hamburg,Hamburg,Clay,,250,,20260518,29,de-minaur,3,,De Minaur,,,,,,,cerundolo,,,Cerundolo,,,,,,,3-6 6-4 6-3,3,R128,,,,,,,,,,,,,,,,,,,
2026-hamburg,Hamburg,Clay,,250,,20260517,30,paul-324c3,6,,Paul,,,,,,,quinn-d0193,,,Quinn,,,,,,,6-1 6-3,3,R128,,,,,,,,,,,,,,,,,,,
2026-hamburg,Hamburg,Clay,,250,,20260517,31,tiafoe,8,,Tiafoe,,,,,,,dedura-palomero-d612d,,,Dedura-Palomero,,,,,,,6-4 6-4,3,R128,,,,,,,,,,,,,,,,,,,
2026-geneva,Geneva,Clay,,250,,20260523,1,tien,4,,Tien,,,,,,,navone,,,Navone,,,,,,,3-6 6-3 7-5,3,F,,,,,,,,,,,,,,,,,,,
2026-geneva,Geneva,Clay,,250,,20260522,2,tien,4,,Tien,,,,,,,bublik-43f80,2,,Bublik,,,,,,,6-1 4-6 7-65,3,SF,,,,,,,,,,,,,,,,,,,
2026-geneva,Geneva,Clay,,250,,20260522,3,navone,,,Navone,,,,,,,ruud-dfb38,6,,Ruud,,,,,,,7-5 6-2,3,SF,,,,,,,,,,,,,,,,,,,
2026-geneva,Geneva,Clay,,250,,20260521,4,bublik-43f80,2,,Bublik,,,,,,,rinderknech,5,,Rinderknech,,,,,,,5-7 6-4 6-2,3,QF,,,,,,,,,,,,,,,,,,,
2026-geneva,Geneva,Clay,,250,,20260521,5,tien,4,,Tien,,,,,,,michelsen-a98bb,,,Michelsen,,,,,,,6-4 3-6 6-1,3,QF,,,,,,,,,,,,,,,,,,,
2026-geneva,Geneva,Clay,,250,,20260521,6,ruud-dfb38,6,,Ruud,,,,,,,popyrin,,,Popyrin,,,,,,,6-4 6-3,3,QF,,,,,,,,,,,,,,,,,,,
2026-geneva,Geneva,Clay,,250,,20260521,7,navone,,,Navone,,,,,,,munar-d1298,8,,Munar,,,,,,,6-2 6-2,3,QF,,,,,,,,,,,,,,,,,,,
2026-geneva,Geneva,Clay,,250,,20260520,8,bublik-43f80,2,,Bublik,,,,,,,butvilas,,,Butvilas,,,,,,,6-4 6-3,3,R16,,,,,,,,,,,,,,,,,,,
2026-geneva,Geneva,Clay,,250,,20260520,9,michelsen-a98bb,,,Michelsen,,,,,,,wawrinka-ffdb9,,,Wawrinka,,,,,,,7-61 7-64,3,R16,,,,,,,,,,,,,,,,,,,
2026-geneva,Geneva,Clay,,250,,20260520,10,rinderknech,5,,Rinderknech,,,,,,,djere,,,Djere,,,,,,,4-6 7-64 6-1,3,R16,,,,,,,,,,,,,,,,,,,
2026-geneva,Geneva,Clay,,250,,20260520,11,ruud-dfb38,6,,Ruud,,,,,,,collignon,,,Collignon,,,,,,,7-62 6-2,3,R16,,,,,,,,,,,,,,,,,,,
2026-geneva,Geneva,Clay,,250,,20260520,12,munar-d1298,8,,Munar,,,,,,,comesana-c17e0,,,Comesana,,,,,,,6-4 6-4,3,R16,,,,,,,,,,,,,,,,,,,
2026-geneva,Geneva,Clay,,250,,20260520,13,popyrin,,,Popyrin,,,,,,,fritz-f1aa7,1,,Fritz,,,,,,,6-4 6-4,3,R16,,,,,,,,,,,,,,,,,,,
2026-geneva,Geneva,Clay,,250,,20260520,14,navone,,,Navone,,,,,,,norrie,3,,Norrie,,,,,,,6-4 6-4,3,R16,,,,,,,,,,,,,,,,,,,
2026-geneva,Geneva,Clay,,250,,20260520,15,tien,4,,Tien,,,,,,,tsitsipas-b526f,,,Tsitsipas,,,,,,,7-64 7-62,3,R16,,,,,,,,,,,,,,,,,,,
2026-geneva,Geneva,Clay,,250,,20260519,16,djere,,,Djere,,,,,,,duckworth,,,Duckworth,,,,,,,6-4 3-6 6-3,3,R128,,,,,,,,,,,,,,,,,,,
2026-geneva,Geneva,Clay,,250,,20260519,17,collignon,,,Collignon,,,,,,,mannarino-a7108,,,Mannarino,,,,,,,6-3 7-65,3,R128,,,,,,,,,,,,,,,,,,,
2026-geneva,Geneva,Clay,,250,,20260519,18,ruud-dfb38,6,,Ruud,,,,,,,brooksby,,,Brooksby,,,,,,,6-3 7-5,3,R128,,,,,,,,,,,,,,,,,,,
2026-geneva,Geneva,Clay,,250,,20260519,19,munar-d1298,8,,Munar,,,,,,,basavareddy,,,Basavareddy,,,,,,,6-0 6-3,3,R128,,,,,,,,,,,,,,,,,,,
2026-geneva,Geneva,Clay,,250,,20260519,20,popyrin,,,Popyrin,,,,,,,tabur,,,Tabur,,,,,,,7-62 65-7 6-4,3,R128,,,,,,,,,,,,,,,,,,,
2026-geneva,Geneva,Clay,,250,,20260518,21,butvilas,,,Butvilas,,,,,,,sonego,,,Sonego,,,,,,,6-3 6-1,3,R128,,,,,,,,,,,,,,,,,,,
2026-geneva,Geneva,Clay,,250,,20260518,22,wawrinka-ffdb9,,,Wawrinka,,,,,,,brancaccio,,,Brancaccio,,,,,,,6-2 4-6 7-65,3,R128,,,,,,,,,,,,,,,,,,,
2026-geneva,Geneva,Clay,,250,,20260518,23,tsitsipas-b526f,,,Tsitsipas,,,,,,,mpetshi-perricard,,,Mpetshi Perricard,,,,,,,6-4 7-68,3,R128,,,,,,,,,,,,,,,,,,,
2026-geneva,Geneva,Clay,,250,,20260518,24,comesana-c17e0,,,Comesana,,,,,,,royer,,,Royer,,,,,,,2-6 6-3 6-4,3,R128,,,,,,,,,,,,,,,,,,,
2026-geneva,Geneva,Clay,,250,,20260518,25,rinderknech,5,,Rinderknech,,,,,,,tirante,,,Tirante,,,,,,,6-4 6-1,3,R128,,,,,,,,,,,,,,,,,,,
2026-geneva,Geneva,Clay,,250,,20260518,26,michelsen-a98bb,,,Michelsen,,,,,,,baez-a8fb1,,,Baez,,,,,,,7-5 6-3,3,R128,,,,,,,,,,,,,,,,,,,
2026-geneva,Geneva,Clay,,250,,20260517,27,navone,,,Navone,,,,,,,trungelliti,,,Trungelliti,,,,,,,5-7 7-5 6-1,3,R128,,,,,,,,,,,,,,,,,,,
2026-french-open,French Open,Clay,,250,,20260607,1,zverev-6f768,2,,Zverev,,,,,,,cobolli-d6311,10,,Cobolli,,,,,,,6-1 4-6 6-4 65-7 6-1,3,F,,,,,,,,,,,,,,,,,,,
2026-french-open,French Open,Clay,,250,,20260605,2,zverev-6f768,2,,Zverev,,,,,,,mensik,26,,Mensik,,,,,,,7-5 6-2 3-6 6-3,3,SF,,,,,,,,,,,,,,,,,,,
2026-french-open,French Open,Clay,,250,,20260603,3,arnaldi,,,Arnaldi,,,,,,,berrettini-707ad,,,Berrettini,,,,,,,7-5 5-2,3,QF,,,,,,,,,,,,,,,,,,,
2026-french-open,French Open,Clay,,250,,20260603,4,cobolli-d6311,10,,Cobolli,,,,,,,auger-aliassime,4,,Auger Aliassime,,,,,,,4-6 6-4 6-4 6-4,3,QF,,,,,,,,,,,,,,,,,,,
2026-french-open,French Open,Clay,,250,,20260602,5,mensik,26,,Mensik,,,,,,,fonseca-57dc1,28,,Fonseca,,,,,,,6-4 6-3 7-63,3,QF,,,,,,,,,,,,,,,,,,,
2026-french-open,French Open,Clay,,250,,20260602,6,zverev-6f768,2,,Zverev,,,,,,,jodar,27,,Jodar,,,,,,,7-63 6-1 6-3,3,QF,,,,,,,,,,,,,,,,,,,
2026-french-open,French Open,Clay,,250,,20260601,7,arnaldi,,,Arnaldi,,,,,,,tiafoe,19,,Tiafoe,,,,,,,7-65 65-7 3-6 7-63 6-4,3,R16,,,,,,,,,,,,,,,,,,,
2026-french-open,French Open,Clay,,250,,20260601,8,auger-aliassime,4,,Auger Aliassime,,,,,,,tabilo,,,Tabilo,,,,,,,6-3 7-5 6-1,3,R16,,,,,,,,,,,,,,,,,,,
2026-french-open,French Open,Clay,,250,,20260601,9,berrettini-707ad,,,Berrettini,,,,,,,cerundolo-08df6,,,Cerundolo,,,,,,,6-3 7-62 7-66,3,R16,,,,,,,,,,,,,,,,,,,
2026-french-open,French Open,Clay,,250,,20260601,10,cobolli-d6311,10,,Cobolli,,,,,,,svajda,,,Svajda,,,,,,,6-2 6-3 63-7 7-65,3,R16,,,,,,,,,,,,,,,,,,,
2026-french-open,French Open,Clay,,250,,20260531,11,fonseca-57dc1,28,,Fonseca,,,,,,,ruud-dfb38,15,,Ruud,,,,,,,7-5 7-68 5-7 6-2,3,R16,,,,,,,,,,,,,,,,,,,
2026-french-open,French Open,Clay,,250,,20260531,12,mensik,26,,Mensik,,,,,,,rublev,11,,Rublev,,,,,,,6-3 7-66 4-6 2-6 6-3,3,R16,,,,,,,,,,,,,,,,,,,
2026-french-open,French Open,Clay,,250,,20260531,13,zverev-6f768,2,,Zverev,,,,,,,de-jong-57322,,,De Jong,,,,,,,7-63 6-4 6-1,3,R16,,,,,,,,,,,,,,,,,,,
2026-french-open,French Open,Clay,,250,,20260531,14,jodar,27,,Jodar,,,,,,,carreno-busta,,,Carreno-Busta,,,,,,,4-6 4-6 6-1 6-2 6-2,3,R16,,,,,,,,,,,,,,,,,,,
2026-french-open,French Open,Clay,,250,,20260530,15,auger-aliassime,4,,Auger Aliassime,,,,,,,nakashima-68876,31,,Nakashima,,,,,,,5-7 6-1 7-64 7-61,3,R32,,,,,,,,,,,,,,,,,,,
2026-french-open,French Open,Clay,,250,,20260530,16,tiafoe,19,,Tiafoe,,,,,,,faria-4754c,,,Faria,,,,,,,4-6 62-7 7-64 6-1 6-2,3,R32,,,,,,,,,,,,,,,,,,,
2026-french-open,French Open,Clay,,250,,20260530,17,arnaldi,,,Arnaldi,,,,,,,collignon,,,Collignon,,,,,,,6-4 65-7 5-7 6-4 7-64,3,R32,,,,,,,,,,,,,,,,,,,
2026-french-open,French Open,Clay,,250,,20260530,18,tabilo,,,Tabilo,,,,,,,kouame-d4969,,,Kouame,,,,,,,4-6 6-3 6-4 7-69,3,R32,,,,,,,,,,,,,,,,,,,
2026-french-open,French Open,Clay,,250,,20260530,19,cerundolo-08df6,,,Cerundolo,,,,,,,landaluce-84126,,,Landaluce,,,,,,,6-4 67-7 7-64 64-7 7-68,3,R32,,,,,,,,,,,,,,,,,,,
2026-french-open,French Open,Clay,,250,,20260530,20,berrettini-707ad,,,Berrettini,,,,,,,comesana-c17e0,,,Comesana,,,,,,,7-63 5-7 64-7 6-4 7-613,3,R32,,,,,,,,,,,,,,,,,,,
2026-french-open,French Open,Clay,,250,,20260530,21,cobolli-d6311,10,,Cobolli,,,,,,,tien,18,,Tien,,,,,,,6-2 6-2 6-3,3,R32,,,,,,,,,,,,,,,,,,,
2026-french-open,French Open,Clay,,250,,20260530,22,svajda,,,Svajda,,,,,,,cerundolo,25,,Cerundolo,,,,,,,6-3 6-4 3-6 4-6 6-3,3,R32,,,,,,,,,,,,,,,,,,,
2026-french-open,French Open,Clay,,250,,20260529,23,zverev-6f768,2,,Zverev,,,,,,,halys,,,Halys,,,,,,,6-4 6-3 5-7 6-2,3,R32,,,,,,,,,,,,,,,,,,,
2026-french-open,French Open,Clay,,250,,20260529,24,ruud-dfb38,15,,Ruud,,,,,,,paul-324c3,24,,Paul,,,,,,,4-6 64-7 6-4 7-64 7-5,3,R32,,,,,,,,,,,,,,,,,,,
2026-french-open,French Open,Clay,,250,,20260529,25,mensik,26,,Mensik,,,,,,,de-minaur,8,,De Minaur,,,,,,,0-6 6-2 6-2 6-3,3,R32,,,,,,,,,,,,,,,,,,,
2026-french-open,French Open,Clay,,250,,20260529,26,de-jong-57322,,,De Jong,,,,,,,khachanov,13,,Khachanov,,,,,,,7-5 5-7 6-2 62-7 6-2,3,R32,,,,,,,,,,,,,,,,,,,
2026-french-open,French Open,Clay,,250,,20260529,27,fonseca-57dc1,28,,Fonseca,,,,,,,djokovic,3,,Djokovic,,,,,,,4-6 4-6 6-3 7-5 7-5,3,R32,,,,,,,,,,,,,,,,,,,
2026-french-open,French Open,Clay,,250,,20260529,28,jodar,27,,Jodar,,,,,,,michelsen-a98bb,,,Michelsen,,,,,,,7-62 65-7 4-6 6-3 6-3,3,R32,,,,,,,,,,,,,,,,,,,
2026-french-open,French Open,Clay,,250,,20260529,29,rublev,11,,Rublev,,,,,,,borges-8d823,,,Borges,,,,,,,7-5 7-62 7-62,3,R32,,,,,,,,,,,,,,,,,,,
2026-french-open,French Open,Clay,,250,,20260529,30,carreno-busta,,,Carreno-Busta,,,,,,,tirante,,,Tirante,,,,,,,7-60 7-5 3-6 6-4,3,R32,,,,,,,,,,,,,,,,,,,
2026-french-open,French Open,Clay,,250,,20260528,31,berrettini-707ad,,,Berrettini,,,,,,,rinderknech,22,,Rinderknech,,,,,,,6-4 6-4 6-4,3,R64,,,,,,,,,,,,,,,,,,,
2026-french-open,French Open,Clay,,250,,20260528,32,arnaldi,,,Arnaldi,,,,,,,tsitsipas-b526f,,,Tsitsipas,,,,,,,7-62 5-7 6-3 6-2,3,R64,,,,,,,,,,,,,,,,,,,
2026-french-open,French Open,Clay,,250,,20260528,33,collignon,,,Collignon,,,,,,,shelton-38989,5,,Shelton,,,,,,,6-4 7-5 6-4,3,R64,,,,,,,,,,,,,,,,,,,
2026-french-open,French Open,Clay,,250,,20260528,34,nakashima-68876,31,,Nakashima,,,,,,,van-assche,,,Van Assche,,,,,,,65-7 6-4 5-7 6-1 6-3,3,R64,,,,,,,,,,,,,,,,,,,
2026-french-open,French Open,Clay,,250,,20260528,35,comesana-c17e0,,,Comesana,,,,,,,darderi,14,,Darderi,,,,,,,7-65 4-6 6-4 2-6 6-4,3,R64,,,,,,,,,,,,,,,,,,,
2026-french-open,French Open,Clay,,250,,20260528,36,auger-aliassime,4,,Auger Aliassime,,,,,,,burruchaga,,,Burruchaga,,,,,,,4-6 6-0 7-5 6-1,3,R64,,,,,,,,,,,,,,,,,,,
2026-french-open,French Open,Clay,,250,,20260528,37,landaluce-84126,,,Landaluce,,,,,,,kopriva,,,Kopriva,,,,,,,1-6 2-6 6-4 7-5 6-0,3,R64,,,,,,,,,,,,,,,,,,,
2026-french-open,French Open,Clay,,250,,20260528,38,cerundolo,25,,Cerundolo,,,,,,,gaston-e1fa4,,,Gaston,,,,,,,2-6 6-4 6-2 6-1,3,R64,,,,,,,,,,,,,,,,,,,
2026-french-open,French Open,Clay,,250,,20260528,39,tiafoe,19,,Tiafoe,,,,,,,hurkacz,,,Hurkacz,,,,,,,65-7 7-65 6-4 61-7 6-4,3,R64,,,,,,,,,,,,,,,,,,,
2026-french-open,French Open,Clay,,250,,20260528,40,cerundolo-08df6,,,Cerundolo,,,,,,,sinner-8b8e8,1,,Sinner,,,,,,,3-6 2-6 7-5 6-1 6-1,3,R64,,,,,,,,,,,,,,,,,,,
2026-french-open,French Open,Clay,,250,,20260528,41,cobolli-d6311,10,,Cobolli,,,,,,,wu-9762d,,,Wu,,,,,,,6-4 6-4 6-4,3,R64,,,,,,,,,,,,,,,,,,,
2026-french-open,French Open,Clay,,250,,20260528,42,svajda,,,Svajda,,,,,,,walton,,,Walton,,,,,,,6-3 6-4 64-7 6-2,3,R64,,,,,,,,,,,,,,,,,,,
2026-french-open,French Open,Clay,,250,,20260528,43,kouame-d4969,,,Kouame,,,,,,,vallejo-d7859,,,Vallejo,,,,,,,6-3 7-5 3-6 2-6 7-68,3,R64,,,,,,,,,,,,,,,,,,,
2026-french-open,French Open,Clay,,250,,20260528,44,tien,18,,Tien,,,,,,,diaz-acosta,,,Diaz Acosta,,,,,,,7-5 4-6 3-6 7-64 6-3,3,R64,,,,,,,,,,,,,,,,,,,
2026-french-open,French Open,Clay,,250,,20260528,45,faria-4754c,,,Faria,,,,,,,struff,,,Struff,,,,,,,7-5 7-61 6-2,3,R64,,,,,,,,,,,,,,,,,,,
2026-french-open,French Open,Clay,,250,,20260527,46,ruud-dfb38,15,,Ruud,,,,,,,medjedovic,,,Medjedovic,,,,,,,6-3 6-2 6-4,3,R64,,,,,,,,,,,,,,,,,,,
2026-french-open,French Open,Clay,,250,,20260527,47,zverev-6f768,2,,Zverev,,,,,,,machac,,,Machac,,,,,,,6-4 6-2 6-2,3,R64,,,,,,,,,,,,,,,,,,,
2026-french-open,French Open,Clay,,250,,20260527,48,paul-324c3,24,,Paul,,,,,,,sonego,,,Sonego,,,,,,,6-3 6-2 6-4,3,R64,,,,,,,,,,,,,,,,,,,
2026-french-open,French Open,Clay,,250,,20260527,49,fonseca-57dc1,28,,Fonseca,,,,,,,prizmic,,,Prizmic,,,,,,,3-6 4-6 6-3 6-1 6-2,3,R64,,,,,,,,,,,,,,,,,,,
2026-french-open,French Open,Clay,,250,,20260527,50,michelsen-a98bb,,,Michelsen,,,,,,,basavareddy,,,Basavareddy,,,,,,,7-65 6-3 3-6 6-3,3,R64,,,,,,,,,,,,,,,,,,,
2026-french-open,French Open,Clay,,250,,20260527,51,halys,,,Halys,,,,,,,humbert-e2553,32,,Humbert,,,,,,,6-4 7-64 7-68,3,R64,,,,,,,,,,,,,,,,,,,
2026-french-open,French Open,Clay,,250,,20260527,52,jodar,27,,Jodar,,,,,,,duckworth,,,Duckworth,,,,,,,6-1 65-7 6-4 7-5,3,R64,,,,,,,,,,,,,,,,,,,
2026-french-open,French Open,Clay,,250,,20260527,53,djokovic,3,,Djokovic,,,,,,,royer,,,Royer,,,,,,,6-3 6-2 67-7 6-3,3,R64,,,,,,,,,,,,,,,,,,,
2026-french-open,French Open,Clay,,250,,20260527,54,borges-8d823,,,Borges,,,,,,,kecmanovic,,,Kecmanovic,,,,,,,3-6 6-2 6-1 6-2,3,R64,,,,,,,,,,,,,,,,,,,
2026-french-open,French Open,Clay,,250,,20260527,55,carreno-busta,,,Carreno-Busta,,,,,,,kokkinakis-7b2e6,,,Kokkinakis,,,,,,,7-5 4-6 1-0,3,R64,,,,,,,,,,,,,,,,,,,
2026-french-open,French Open,Clay,,250,,20260527,56,mensik,26,,Mensik,,,,,,,navone,,,Navone,,,,,,,6-3 2-6 6-4 1-6 7-611,3,R64,,,,,,,,,,,,,,,,,,,
2026-french-open,French Open,Clay,,250,,20260527,57,rublev,11,,Rublev,,,,,,,ugo-carabelli,,,Ugo Carabelli,,,,,,,6-1 1-6 6-3 7-65,3,R64,,,,,,,,,,,,,,,,,,,
2026-french-open,French Open,Clay,,250,,20260527,58,de-jong-57322,,,De Jong,,,,,,,cina,,,Cina,,,,,,,6-3 6-1 6-3,3,R64,,,,,,,,,,,,,,,,,,,
2026-french-open,French Open,Clay,,250,,20260527,59,khachanov,13,,Khachanov,,,,,,,trungelliti,,,Trungelliti,,,,,,,7-65 5-7 6-1 7-64,3,R64,,,,,,,,,,,,,,,,,,,
2026-french-open,French Open,Clay,,250,,20260527,60,tirante,,,Tirante,,,,,,,davidovich-fokina,21,,Davidovich Fokina,,,,,,,4-6 7-64 6-1 6-3,3,R64,,,,,,,,,,,,,,,,,,,
2026-french-open,French Open,Clay,,250,,20260526,61,sinner-8b8e8,1,,Sinner,,,,,,,tabur,,,Tabur,,,,,,,6-1 6-3 6-4,3,R128,,,,,,,,,,,,,,,,,,,
2026-french-open,French Open,Clay,,250,,20260526,62,auger-aliassime,4,,Auger Aliassime,,,,,,,altmaier,,,Altmaier,,,,,,,4-6 6-4 4-6 6-1 7-67,3,R128,,,,,,,,,,,,,,,,,,,
2026-french-open,French Open,Clay,,250,,20260526,63,darderi,14,,Darderi,,,,,,,ofner-44428,,,Ofner,,,,,,,7-65 6-2 6-3,3,R128,,,,,,,,,,,,,,,,,,,
2026-french-open,French Open,Clay,,250,,20260526,64,comesana-c17e0,,,Comesana,,,,,,,quinn-d0193,,,Quinn,,,,,,,6-4 7-68 7-64,3,R128,,,,,,,,,,,,,,,,,,,
2026-french-open,French Open,Clay,,250,,20260526,65,cerundolo-08df6,,,Cerundolo,,,,,,,fearnley,,,Fearnley,,,,,,,6-2 7-60 7-67,3,R128,,,,,,,,,,,,,,,,,,,
2026-french-open,French Open,Clay,,250,,20260526,66,faria-4754c,,,Faria,,,,,,,shapovalov,,,Shapovalov,,,,,,,6-4 7-5 6-4,3,R128,,,,,,,,,,,,,,,,,,,
2026-french-open,French Open,Clay,,250,,20260526,67,struff,,,Struff,,,,,,,bublik-43f80,9,,Bublik,,,,,,,7-5 66-7 6-4 7-5,3,R128,,,,,,,,,,,,,,,,,,,
2026-french-open,French Open,Clay,,250,,20260526,68,tien,18,,Tien,,,,,,,garin,,,Garin,,,,,,,6-0 2-6 6-0 6-2,3,R128,,,,,,,,,,,,,,,,,,,
2026-french-open,French Open,Clay,,250,,20260526,69,burruchaga,,,Burruchaga,,,,,,,baez-a8fb1,,,Baez,,,,,,,2-6 7-5 6-2 2-0,3,R128,,,,,,,,,,,,,,,,,,,
2026-french-open,French Open,Clay,,250,,20260526,70,vallejo-d7859,,,Vallejo,,,,,,,norrie,20,,Norrie,,,,,,,7-67 2-0,3,R128,,,,,,,,,,,,,,,,,,,
2026-french-open,French Open,Clay,,250,,20260526,71,kopriva,,,Kopriva,,,,,,,moutet,30,,Moutet,,,,,,,6-3 5-7 6-4 3-6 6-3,3,R128,,,,,,,,,,,,,,,,,,,
2026-french-open,French Open,Clay,,250,,20260526,72,tsitsipas-b526f,,,Tsitsipas,,,,,,,muller-c81bc,,,Muller,,,,,,,6-2 3-0,3,R128,,,,,,,,,,,,,,,,,,,
2026-french-open,French Open,Clay,,250,,20260526,73,landaluce-84126,,,Landaluce,,,,,,,prado-angelo,,,Prado Angelo,,,,,,,6-3 4-6 6-2 63-7 6-4,3,R128,,,,,,,,,,,,,,,,,,,
2026-french-open,French Open,Clay,,250,,20260526,74,diaz-acosta,,,Diaz Acosta,,,,,,,zhang-45ae9,,,Zhang,,,,,,,6-1 6-4 6-3,3,R128,,,,,,,,,,,,,,,,,,,
2026-french-open,French Open,Clay,,250,,20260526,75,vacherot,16,,Vacherot,,,,,,,faurel-53b9f,,,Faurel,,,,,,,6-3 6-4 3-6 7-66,3,R128,,,,,,,,,,,,,,,,,,,
2026-french-open,French Open,Clay,,250,,20260526,76,arnaldi,,,Arnaldi,,,,,,,griekspoor-d58ed,29,,Griekspoor,,,,,,,69-7 6-3 7-66 6-3,3,R128,,,,,,,,,,,,,,,,,,,
2026-french-open,French Open,Clay,,250,,20260526,77,kouame-d4969,,,Kouame,,,,,,,cilic,,,Cilic,,,,,,,7-64 6-2 6-1,3,R128,,,,,,,,,,,,,,,,,,,
2026-french-open,French Open,Clay,,250,,20260526,78,tabilo,,,Tabilo,,,,,,,majchrzak-905d8,,,Majchrzak,,,,,,,6-1 6-3 6-4,3,R128,,,,,,,,,,,,,,,,,,,
2026-french-open,French Open,Clay,,250,,20260526,79,svajda,,,Svajda,,,,,,,popyrin,,,Popyrin,,,,,,,3-6 6-3 7-63 7-5,3,R128,,,,,,,,,,,,,,,,,,,
2026-french-open,French Open,Clay,,250,,20260526,80,walton,,,Walton,,,,,,,medvedev-e0d2d,6,,Medvedev,,,,,,,6-2 1-6 6-1 1-6 6-4,3,R128,,,,,,,,,,,,,,,,,,,
2026-french-open,French Open,Clay,,250,,20260525,81,gaston-e1fa4,,,Gaston,,,,,,,monfils,,,Monfils,,,,,,,6-2 6-3 3-6 2-6 6-0,3,R128,,,,,,,,,,,,,,,,,,,
2026-french-open,French Open,Clay,,250,,20260525,82,shelton-38989,5,,Shelton,,,,,,,merida-aguilar,,,Merida Aguilar,,,,,,,6-3 6-3 6-4,3,R128,,,,,,,,,,,,,,,,,,,
2026-french-open,French Open,Clay,,250,,20260525,83,wu-9762d,,,Wu,,,,,,,giron-49e97,,,Giron,,,,,,,7-5 6-2 6-4,3,R128,,,,,,,,,,,,,,,,,,,
2026-french-open,French Open,Clay,,250,,20260525,84,cobolli-d6311,10,,Cobolli,,,,,,,pellegrino-fd654,,,Pellegrino,,,,,,,6-4 7-64 6-3,3,R128,,,,,,,,,,,,,,,,,,,
2026-french-open,French Open,Clay,,250,,20260525,85,cerundolo,25,,Cerundolo,,,,,,,van-de-zandschulp,,,Van De Zandschulp,,,,,,,6-3 6-4 67-7 6-4,3,R128,,,,,,,,,,,,,,,,,,,
2026-french-open,French Open,Clay,,250,,20260525,86,collignon,,,Collignon,,,,,,,vukic,,,Vukic,,,,,,,6-3 6-3 7-64,3,R128,,,,,,,,,,,,,,,,,,,
2026-french-open,French Open,Clay,,250,,20260525,87,ruud-dfb38,15,,Ruud,,,,,,,safiullin,,,Safiullin,,,,,,,6-2 7-65 5-7 0-6 6-2,3,R128,,,,,,,,,,,,,,,,,,,
2026-french-open,French Open,Clay,,250,,20260525,88,rublev,11,,Rublev,,,,,,,buse,,,Buse,,,,,,,6-3 66-7 6-3 7-5,3,R128,,,,,,,,,,,,,,,,,,,
2026-french-open,French Open,Clay,,250,,20260525,89,paul-324c3,24,,Paul,,,,,,,hijikata,,,Hijikata,,,,,,,4-6 6-3 7-5 6-4,3,R128,,,,,,,,,,,,,,,,,,,
2026-french-open,French Open,Clay,,250,,20260525,90,hurkacz,,,Hurkacz,,,,,,,munar-d1298,,,Munar,,,,,,,6-3 6-3 2-6 6-3,3,R128,,,,,,,,,,,,,,,,,,,
2026-french-open,French Open,Clay,,250,,20260525,91,humbert-e2553,32,,Humbert,,,,,,,mannarino-a7108,,,Mannarino,,,,,,,6-3 6-4 6-3,3,R128,,,,,,,,,,,,,,,,,,,
2026-french-open,French Open,Clay,,250,,20260525,92,ugo-carabelli,,,Ugo Carabelli,,,,,,,nava-337db,,,Nava,,,,,,,7-610 6-3 6-3,3,R128,,,,,,,,,,,,,,,,,,,
2026-french-open,French Open,Clay,,250,,20260525,93,navone,,,Navone,,,,,,,brooksby,,,Brooksby,,,,,,,6-4 6-4 6-4,3,R128,,,,,,,,,,,,,,,,,,,
2026-french-open,French Open,Clay,,250,,20260525,94,kokkinakis-7b2e6,,,Kokkinakis,,,,,,,atmane,,,Atmane,,,,,,,65-7 6-2 4-6 6-3 7-5,3,R128,,,,,,,,,,,,,,,,,,,
2026-french-open,French Open,Clay,,250,,20260525,95,nakashima-68876,31,,Nakashima,,,,,,,bautista-agut,,,Bautista-Agut,,,,,,,6-2 7-5 6-2,3,R128,,,,,,,,,,,,,,,,,,,
2026-french-open,French Open,Clay,,250,,20260525,96,de-jong-57322,,,De Jong,,,,,,,wawrinka-ffdb9,,,Wawrinka,,,,,,,6-3 3-6 6-3 6-4,3,R128,,,,,,,,,,,,,,,,,,,
2026-french-open,French Open,Clay,,250,,20260525,97,jodar,27,,Jodar,,,,,,,kovacevic-a2706,,,Kovacevic,,,,,,,6-1 6-0 6-4,3,R128,,,,,,,,,,,,,,,,,,,
2026-french-open,French Open,Clay,,250,,20260525,98,tiafoe,19,,Tiafoe,,,,,,,spizzirri,,,Spizzirri,,,,,,,6-3 65-7 6-4 6-3,3,R128,,,,,,,,,,,,,,,,,,,
2026-french-open,French Open,Clay,,250,,20260525,99,berrettini-707ad,,,Berrettini,,,,,,,fucsovics,,,Fucsovics,,,,,,,62-7 7-5 6-1 6-2,3,R128,,,,,,,,,,,,,,,,,,,
2026-french-open,French Open,Clay,,250,,20260525,100,van-assche,,,Van Assche,,,,,,,gaubas,,,Gaubas,,,,,,,6-4 6-2 2-6 7-5,3,R128,,,,,,,,,,,,,,,,,,,
2026-french-open,French Open,Clay,,250,,20260525,101,michelsen-a98bb,,,Michelsen,,,,,,,shevchenko-3bd40,,,Shevchenko,,,,,,,6-2 6-4 6-2,3,R128,,,,,,,,,,,,,,,,,,,
2026-french-open,French Open,Clay,,250,,20260525,102,carreno-busta,,,Carreno-Busta,,,,,,,lehecka,12,,Lehecka,,,,,,,6-3 7-63 6-3,3,R128,,,,,,,,,,,,,,,,,,,
2026-french-open,French Open,Clay,,250,,20260525,103,rinderknech,22,,Rinderknech,,,,,,,rodionov-f5e38,,,Rodionov,,,,,,,7-65 6-2 6-3,3,R128,,,,,,,,,,,,,,,,,,,
2026-french-open,French Open,Clay,,250,,20260525,104,de-minaur,8,,De Minaur,,,,,,,samuel-371b3,,,Samuel,,,,,,,6-4 6-4 6-2,3,R128,,,,,,,,,,,,,,,,,,,
2026-french-open,French Open,Clay,,250,,20260524,105,djokovic,3,,Djokovic,,,,,,,mpetshi-perricard,,,Mpetshi Perricard,,,,,,,5-7 7-5 6-1 6-4,3,R128,,,,,,,,,,,,,,,,,,,
2026-french-open,French Open,Clay,,250,,20260524,106,royer,,,Royer,,,,,,,dellien,,,Dellien,,,,,,,6-4 6-2 6-2,3,R128,,,,,,,,,,,,,,,,,,,
2026-french-open,French Open,Clay,,250,,20260524,107,sonego,,,Sonego,,,,,,,herbert-fa5ad,,,Herbert,,,,,,,7-63 5-7 6-2 1-6 6-4,3,R128,,,,,,,,,,,,,,,,,,,
2026-french-open,French Open,Clay,,250,,20260524,108,medjedovic,,,Medjedovic,,,,,,,hanfmann,,,Hanfmann,,,,,,,6-3 6-4 61-7 6-4,3,R128,,,,,,,,,,,,,,,,,,,
2026-french-open,French Open,Clay,,250,,20260524,109,blockx,,,Blockx,,,,,,,wong-d3ead,,,Wong,,,,,,,6-3 6-4 6-2,3,R128,,,,,,,,,,,,,,,,,,,
2026-french-open,French Open,Clay,,250,,20260524,110,halys,,,Halys,,,,,,,bellucci-47e7e,,,Bellucci,,,,,,,6-3 7-64 6-3,3,R128,,,,,,,,,,,,,,,,,,,
2026-french-open,French Open,Clay,,250,,20260524,111,basavareddy,,,Basavareddy,,,,,,,fritz-f1aa7,7,,Fritz,,,,,,,7-65 7-65 69-7 6-1,3,R128,,,,,,,,,,,,,,,,,,,
2026-french-open,French Open,Clay,,250,,20260524,112,fonseca-57dc1,28,,Fonseca,,,,,,,pavlovic-c059e,,,Pavlovic,,,,,,,7-66 6-4 6-2,3,R128,,,,,,,,,,,,,,,,,,,
2026-french-open,French Open,Clay,,250,,20260524,113,prizmic,,,Prizmic,,,,,,,zheng-c91db,,,Zheng,,,,,,,6-1 6-1 6-3,3,R128,,,,,,,,,,,,,,,,,,,
2026-french-open,French Open,Clay,,250,,20260524,114,borges-8d823,,,Borges,,,,,,,etcheverry-7101a,23,,Etcheverry,,,,,,,6-3 6-4 6-2,3,R128,,,,,,,,,,,,,,,,,,,
2026-french-open,French Open,Clay,,250,,20260524,115,cina,,,Cina,,,,,,,opelka,,,Opelka,,,,,,,3-6 6-4 6-2 66-7 6-4,3,R128,,,,,,,,,,,,,,,,,,,
2026-french-open,French Open,Clay,,250,,20260524,116,mensik,26,,Mensik,,,,,,,droguet,,,Droguet,,,,,,,6-3 6-2 6-4,3,R128,,,,,,,,,,,,,,,,,,,
2026-french-open,French Open,Clay,,250,,20260524,117,zverev-6f768,2,,Zverev,,,,,,,bonzi-a38fa,,,Bonzi,,,,,,,6-3 6-4 6-2,3,R128,,,,,,,,,,,,,,,,,,,
2026-french-open,French Open,Clay,,250,,20260524,118,machac,,,Machac,,,,,,,bergs,,,Bergs,,,,,,,6-4 6-4 6-3,3,R128,,,,,,,,,,,,,,,,,,,
2026-french-open,French Open,Clay,,250,,20260524,119,trungelliti,,,Trungelliti,,,,,,,jacquet-d2059,,,Jacquet,,,,,,,6-4 6-2 6-2,3,R128,,,,,,,,,,,,,,,,,,,
2026-french-open,French Open,Clay,,250,,20260524,120,davidovich-fokina,21,,Davidovich Fokina,,,,,,,dzumhur,,,Dzumhur,,,,,,,63-7 6-3 2-6 7-5 6-3,3,R128,,,,,,,,,,,,,,,,,,,
2026-french-open,French Open,Clay,,250,,20260524,121,khachanov,13,,Khachanov,,,,,,,gea,,,Gea,,,,,,,6-3 7-63 6-0,3,R128,,,,,,,,,,,,,,,,,,,
2026-french-open,French Open,Clay,,250,,20260524,122,kecmanovic,,,Kecmanovic,,,,,,,marozsan,,,Marozsan,,,,,,,7-60 6-3 6-4,3,R128,,,,,,,,,,,,,,,,,,,
2026-french-open,French Open,Clay,,250,,20260524,123,duckworth,,,Duckworth,,,,,,,diallo-dd116,,,Diallo,,,,,,,6-3 4-1,3,R128,,,,,,,,,,,,,,,,,,,
2026-french-open,French Open,Clay,,250,,20260524,124,tirante,,,Tirante,,,,,,,llamas-ruiz,,,Llamas Ruiz,,,,,,,6-3 7-66 65-7 6-0,3,R128,,,,,,,,,,,,,,,,,,,
2026-halle,Halle,Grass,,250,,20260621,1,tiafoe,,,Tiafoe,,,,,,,fritz-f1aa7,5,,Fritz,,,,,,,6-4 6-4,3,F,,,,,,,,,,,,,,,,,,,
2026-halle,Halle,Grass,,250,,20260620,2,tiafoe,,,Tiafoe,,,,,,,altmaier,,,Altmaier,,,,,,,6-1 6-3,3,SF,,,,,,,,,,,,,,,,,,,
2026-halle,Halle,Grass,,250,,20260620,3,fritz-f1aa7,5,,Fritz,,,,,,,zverev-6f768,1,,Zverev,,,,,,,64-7 6-4 7-5,3,SF,,,,,,,,,,,,,,,,,,,
2026-halle,Halle,Grass,,250,,20260619,4,tiafoe,,,Tiafoe,,,,,,,auger-aliassime,2,,Auger Aliassime,,,,,,,3-6 6-3 7-612,3,QF,,,,,,,,,,,,,,,,,,,
2026-halle,Halle,Grass,,250,,20260619,5,altmaier,,,Altmaier,,,,,,,medvedev-e0d2d,4,,Medvedev,,,,,,,6-4 66-7 6-4,3,QF,,,,,,,,,,,,,,,,,,,
2026-halle,Halle,Grass,,250,,20260619,6,zverev-6f768,1,,Zverev,,,,,,,collignon,,,Collignon,,,,,,,7-610 7-62,3,QF,,,,,,,,,,,,,,,,,,,
2026-halle,Halle,Grass,,250,,20260619,7,fritz-f1aa7,5,,Fritz,,,,,,,shelton-38989,3,,Shelton,,,,,,,65-7 7-68 7-63,3,QF,,,,,,,,,,,,,,,,,,,
2026-halle,Halle,Grass,,250,,20260618,8,collignon,,,Collignon,,,,,,,bellucci-47e7e,,,Bellucci,,,,,,,4-6 6-4 6-3,3,R16,,,,,,,,,,,,,,,,,,,
2026-halle,Halle,Grass,,250,,20260618,9,zverev-6f768,1,,Zverev,,,,,,,hanfmann,,,Hanfmann,,,,,,,6-3 7-64,3,R16,,,,,,,,,,,,,,,,,,,
2026-halle,Halle,Grass,,250,,20260618,10,shelton-38989,3,,Shelton,,,,,,,quinn-d0193,,,Quinn,,,,,,,6-4 5-7 6-4,3,R16,,,,,,,,,,,,,,,,,,,
2026-halle,Halle,Grass,,250,,20260618,11,fritz-f1aa7,5,,Fritz,,,,,,,marozsan,,,Marozsan,,,,,,,6-2 6-4,3,R16,,,,,,,,,,,,,,,,,,,
2026-halle,Halle,Grass,,250,,20260617,12,medvedev-e0d2d,4,,Medvedev,,,,,,,atmane,,,Atmane,,,,,,,6-4 6-4,3,R16,,,,,,,,,,,,,,,,,,,
2026-halle,Halle,Grass,,250,,20260617,13,auger-aliassime,2,,Auger Aliassime,,,,,,,tien,,,Tien,,,,,,,65-7 7-5 7-65,3,R16,,,,,,,,,,,,,,,,,,,
2026-halle,Halle,Grass,,250,,20260617,14,altmaier,,,Altmaier,,,,,,,hurkacz,,,Hurkacz,,,,,,,3-6 6-3 7-5,3,R16,,,,,,,,,,,,,,,,,,,
2026-halle,Halle,Grass,,250,,20260617,15,tiafoe,,,Tiafoe,,,,,,,shimabukuro,,,Shimabukuro,,,,,,,6-4 7-5,3,R16,,,,,,,,,,,,,,,,,,,
2026-halle,Halle,Grass,,250,,20260617,16,shelton-38989,3,,Shelton,,,,,,,sonego,,,Sonego,,,,,,,7-5 6-3,3,R128,,,,,,,,,,,,,,,,,,,
2026-halle,Halle,Grass,,250,,20260617,17,fritz-f1aa7,5,,Fritz,,,,,,,bergs,,,Bergs,,,,,,,7-64 5-7 6-4,3,R128,,,,,,,,,,,,,,,,,,,
2026-halle,Halle,Grass,,250,,20260616,18,medvedev-e0d2d,4,,Medvedev,,,,,,,etcheverry-7101a,,,Etcheverry,,,,,,,6-3 6-4,3,R128,,,,,,,,,,,,,,,,,,,
2026-halle,Halle,Grass,,250,,20260616,19,marozsan,,,Marozsan,,,,,,,kecmanovic,,,Kecmanovic,,,,,,,6-3 3-6 6-4,3,R128,,,,,,,,,,,,,,,,,,,
2026-halle,Halle,Grass,,250,,20260616,20,zverev-6f768,1,,Zverev,,,,,,,kopriva,,,Kopriva,,,,,,,6-3 4-6 6-2,3,R128,,,,,,,,,,,,,,,,,,,
2026-halle,Halle,Grass,,250,,20260616,21,hurkacz,,,Hurkacz,,,,,,,rublev,8,,Rublev,,,,,,,6-3 6-2,3,R128,,,,,,,,,,,,,,,,,,,
2026-halle,Halle,Grass,,250,,20260616,22,hanfmann,,,Hanfmann,,,,,,,fonseca-57dc1,,,Fonseca,,,,,,,6-2 6-2,3,R128,,,,,,,,,,,,,,,,,,,
2026-halle,Halle,Grass,,250,,20260616,23,shimabukuro,,,Shimabukuro,,,,,,,griekspoor-d58ed,,,Griekspoor,,,,,,,6-4 3-6 6-4,3,R128,,,,,,,,,,,,,,,,,,,
2026-halle,Halle,Grass,,250,,20260616,24,quinn-d0193,,,Quinn,,,,,,,khachanov,,,Khachanov,,,,,,,1-6 6-4 6-4,3,R128,,,,,,,,,,,,,,,,,,,
2026-halle,Halle,Grass,,250,,20260616,25,collignon,,,Collignon,,,,,,,popyrin,,,Popyrin,,,,,,,6-4 6-2,3,R128,,,,,,,,,,,,,,,,,,,
2026-halle,Halle,Grass,,250,,20260616,26,bellucci-47e7e,,,Bellucci,,,,,,,bublik-43f80,7,,Bublik,,,,,,,7-66 6-1,3,R128,,,,,,,,,,,,,,,,,,,
2026-halle,Halle,Grass,,250,,20260615,27,tiafoe,,,Tiafoe,,,,,,,cobolli-d6311,6,,Cobolli,,,,,,,6-2 7-64,3,R128,,,,,,,,,,,,,,,,,,,
2026-halle,Halle,Grass,,250,,20260615,28,auger-aliassime,2,,Auger Aliassime,,,,,,,borges-8d823,,,Borges,,,,,,,6-3 3-6 6-3,3,R128,,,,,,,,,,,,,,,,,,,
2026-halle,Halle,Grass,,250,,20260615,29,atmane,,,Atmane,,,,,,,landaluce-84126,,,Landaluce,,,,,,,6-3 3-6 7-62,3,R128,,,,,,,,,,,,,,,,,,,
2026-halle,Halle,Grass,,250,,20260615,30,altmaier,,,Altmaier,,,,,,,basilashvili,,,Basilashvili,,,,,,,7-5 6-4,3,R128,,,,,,,,,,,,,,,,,,,
2026-halle,Halle,Grass,,250,,20260615,31,tien,,,Tien,,,,,,,schoenhaus,,,Schoenhaus,,,,,,,6-2 6-4,3,R128,,,,,,,,,,,,,,,,,,,
2026-queen-s-club,Queen's Club,Grass,,250,,20260621,1,cerundolo,7,,Cerundolo,,,,,,,paul-324c3,8,,Paul,,,,,,,64-7 6-4 6-3,3,F,,,,,,,,,,,,,,,,,,,
2026-queen-s-club,Queen's Club,Grass,,250,,20260620,2,paul-324c3,8,,Paul,,,,,,,humbert-e2553,,,Humbert,,,,,,,6-3 6-3,3,SF,,,,,,,,,,,,,,,,,,,
2026-queen-s-club,Queen's Club,Grass,,250,,20260620,3,cerundolo,7,,Cerundolo,,,,,,,nakashima-68876,,,Nakashima,,,,,,,65-7 6-3 6-4,3,SF,,,,,,,,,,,,,,,,,,,
2026-queen-s-club,Queen's Club,Grass,,250,,20260619,4,humbert-e2553,,,Humbert,,,,,,,hijikata,,,Hijikata,,,,,,,6-1 6-2,3,QF,,,,,,,,,,,,,,,,,,,
2026-queen-s-club,Queen's Club,Grass,,250,,20260619,5,paul-324c3,8,,Paul,,,,,,,davidovich-fokina,4,,Davidovich Fokina,,,,,,,6-3 7-64,3,QF,,,,,,,,,,,,,,,,,,,
2026-queen-s-club,Queen's Club,Grass,,250,,20260619,6,cerundolo,7,,Cerundolo,,,,,,,fery,,,Fery,,,,,,,7-61 3-6 6-4,3,QF,,,,,,,,,,,,,,,,,,,
2026-queen-s-club,Queen's Club,Grass,,250,,20260619,7,nakashima-68876,,,Nakashima,,,,,,,de-minaur,1,,De Minaur,,,,,,,7-5 6-3,3,QF,,,,,,,,,,,,,,,,,,,
2026-queen-s-club,Queen's Club,Grass,,250,,20260619,8,humbert-e2553,,,Humbert,,,,,,,medjedovic,,,Medjedovic,,,,,,,2-6 7-64 7-65,3,R16,,,,,,,,,,,,,,,,,,,
2026-queen-s-club,Queen's Club,Grass,,250,,20260618,9,hijikata,,,Hijikata,,,,,,,lehecka,2,,Lehecka,,,,,,,4-6 7-5 7-67,3,R16,,,,,,,,,,,,,,,,,,,
2026-queen-s-club,Queen's Club,Grass,,250,,20260618,10,paul-324c3,8,,Paul,,,,,,,van-de-zandschulp,,,Van De Zandschulp,,,,,,,7-65 6-3,3,R16,,,,,,,,,,,,,,,,,,,
2026-queen-s-club,Queen's Club,Grass,,250,,20260618,11,davidovich-fokina,4,,Davidovich Fokina,,,,,,,moutet,,,Moutet,,,,,,,6-4 6-3,3,R16,,,,,,,,,,,,,,,,,,,
2026-queen-s-club,Queen's Club,Grass,,250,,20260617,12,cerundolo,7,,Cerundolo,,,,,,,brooksby,,,Brooksby,,,,,,,6-0 6-4,3,R16,,,,,,,,,,,,,,,,,,,
2026-queen-s-club,Queen's Club,Grass,,250,,20260617,13,fery,,,Fery,,,,,,,mannarino-a7108,,,Mannarino,,,,,,,7-67 6-4,3,R16,,,,,,,,,,,,,,,,,,,
2026-queen-s-club,Queen's Club,Grass,,250,,20260617,14,de-minaur,1,,De Minaur,,,,,,,shapovalov,,,Shapovalov,,,,,,,6-4 6-1,3,R16,,,,,,,,,,,,,,,,,,,
2026-queen-s-club,Queen's Club,Grass,,250,,20260617,15,nakashima-68876,,,Nakashima,,,,,,,buse,,,Buse,,,,,,,6-2 6-2,3,R16,,,,,,,,,,,,,,,,,,,
2026-queen-s-club,Queen's Club,Grass,,250,,20260616,16,lehecka,2,,Lehecka,,,,,,,majchrzak-905d8,,,Majchrzak,,,,,,,7-5 7-64,3,R128,,,,,,,,,,,,,,,,,,,
2026-queen-s-club,Queen's Club,Grass,,250,,20260616,17,davidovich-fokina,4,,Davidovich Fokina,,,,,,,norrie,,,Norrie,,,,,,,7-66 6-2,3,R128,,,,,,,,,,,,,,,,,,,
2026-queen-s-club,Queen's Club,Grass,,250,,20260616,18,hijikata,,,Hijikata,,,,,,,tabilo,,,Tabilo,,,,,,,6-2 6-4,3,R128,,,,,,,,,,,,,,,,,,,
2026-queen-s-club,Queen's Club,Grass,,250,,20260616,19,humbert-e2553,,,Humbert,,,,,,,cilic,,,Cilic,,,,,,,7-5 6-3,3,R128,,,,,,,,,,,,,,,,,,,
2026-queen-s-club,Queen's Club,Grass,,250,,20260616,20,medjedovic,,,Medjedovic,,,,,,,rinderknech,6,,Rinderknech,,,,,,,7-65 7-64,3,R128,,,,,,,,,,,,,,,,,,,
2026-queen-s-club,Queen's Club,Grass,,250,,20260616,21,de-minaur,1,,De Minaur,,,,,,,diallo-dd116,,,Diallo,,,,,,,7-68 6-3,3,R128,,,,,,,,,,,,,,,,,,,
2026-queen-s-club,Queen's Club,Grass,,250,,20260616,22,brooksby,,,Brooksby,,,,,,,damm-4f98a,,,Damm,,,,,,,6-4 3-6 6-3,3,R128,,,,,,,,,,,,,,,,,,,
2026-queen-s-club,Queen's Club,Grass,,250,,20260616,23,moutet,,,Moutet,,,,,,,mpetshi-perricard,,,Mpetshi Perricard,,,,,,,65-7 6-4 7-65,3,R128,,,,,,,,,,,,,,,,,,,
2026-queen-s-club,Queen's Club,Grass,,250,,20260616,24,cerundolo,7,,Cerundolo,,,,,,,kovacevic-a2706,,,Kovacevic,,,,,,,6-4 65-7 6-2,3,R128,,,,,,,,,,,,,,,,,,,
2026-queen-s-club,Queen's Club,Grass,,250,,20260616,25,fery,,,Fery,,,,,,,samuel-371b3,,,Samuel,,,,,,,6-0 6-2,3,R128,,,,,,,,,,,,,,,,,,,
2026-queen-s-club,Queen's Club,Grass,,250,,20260616,26,nakashima-68876,,,Nakashima,,,,,,,fucsovics,,,Fucsovics,,,,,,,6-3 6-3,3,R128,,,,,,,,,,,,,,,,,,,
2026-queen-s-club,Queen's Club,Grass,,250,,20260616,27,mannarino-a7108,,,Mannarino,,,,,,,mensik,3,,Mensik,,,,,,,5-7 7-63 7-65,3,R128,,,,,,,,,,,,,,,,,,,
2026-queen-s-club,Queen's Club,Grass,,250,,20260616,28,buse,,,Buse,,,,,,,giron-49e97,,,Giron,,,,,,,3-6 7-5 7-68,3,R128,,,,,,,,,,,,,,,,,,,
2026-queen-s-club,Queen's Club,Grass,,250,,20260615,29,shapovalov,,,Shapovalov,,,,,,,pinnington-jones,,,Pinnington Jones,,,,,,,6-4 4-6 7-63,3,R128,,,,,,,,,,,,,,,,,,,
2026-queen-s-club,Queen's Club,Grass,,250,,20260615,30,paul-324c3,8,,Paul,,,,,,,svajda,,,Svajda,,,,,,,7-5 6-3,3,R128,,,,,,,,,,,,,,,,,,,
2026-queen-s-club,Queen's Club,Grass,,250,,20260615,31,van-de-zandschulp,,,Van De Zandschulp,,,,,,,wendelken,,,Wendelken,,,,,,,6-4 7-65,3,R128,,,,,,,,,,,,,,,,,,,
2026-bastad,Bastad,Clay,,250,,20260719,1,rublev,1,,Rublev,,,,,,,darderi,2,,Darderi,,,,,,,6-4 6-3,3,F,,,,,,,,,,,,,,,,,,,
2026-bastad,Bastad,Clay,,250,,20260718,2,rublev,1,,Rublev,,,,,,,tabilo,3,,Tabilo,,,,,,,6-4 4-6 6-4,3,SF,,,,,,,,,,,,,,,,,,,
2026-bastad,Bastad,Clay,,250,,20260718,3,darderi,2,,Darderi,,,,,,,vallejo-d7859,,,Vallejo,,,,,,,6-4 611-7 6-3,3,SF,,,,,,,,,,,,,,,,,,,
2026-bastad,Bastad,Clay,,250,,20260717,4,rublev,1,,Rublev,,,,,,,baez-a8fb1,8,,Baez,,,,,,,6-1 6-2,3,QF,,,,,,,,,,,,,,,,,,,
2026-bastad,Bastad,Clay,,250,,20260717,5,darderi,2,,Darderi,,,,,,,borges-8d823,5,,Borges,,,,,,,7-69 6-4,3,QF,,,,,,,,,,,,,,,,,,,
2026-bastad,Bastad,Clay,,250,,20260717,6,vallejo-d7859,,,Vallejo,,,,,,,travaglia,,,Travaglia,,,,,,,7-65 6-2,3,QF,,,,,,,,,,,,,,,,,,,
2026-bastad,Bastad,Clay,,250,,20260716,7,baez-a8fb1,8,,Baez,,,,,,,de-jong-57322,,,De Jong,,,,,,,6-4 6-2,3,R16,,,,,,,,,,,,,,,,,,,
2026-bastad,Bastad,Clay,,250,,20260716,8,tabilo,3,,Tabilo,,,,,,,midon,,,Midon,,,,,,,6-4 65-7 6-4,3,R16,,,,,,,,,,,,,,,,,,,
2026-bastad,Bastad,Clay,,250,,20260716,9,rublev,1,,Rublev,,,,,,,pellegrino-fd654,,,Pellegrino,,,,,,,7-63 67-7 6-3,3,R16,,,,,,,,,,,,,,,,,,,
2026-bastad,Bastad,Clay,,250,,20260716,10,tirante,7,,Tirante,,,,,,,basilashvili,,,Basilashvili,,,,,,,7-5 3-6 6-4,3,R16,,,,,,,,,,,,,,,,,,,
2026-bastad,Bastad,Clay,,250,,20260715,11,darderi,2,,Darderi,,,,,,,altmaier,,,Altmaier,,,,,,,6-4 6-4,3,R16,,,,,,,,,,,,,,,,,,,
2026-bastad,Bastad,Clay,,250,,20260715,12,travaglia,,,Travaglia,,,,,,,navone,4,,Navone,,,,,,,6-4 6-2,3,R16,,,,,,,,,,,,,,,,,,,
2026-bastad,Bastad,Clay,,250,,20260715,13,borges-8d823,5,,Borges,,,,,,,dimitrov-779bc,,,Dimitrov,,,,,,,6-4 6-2,3,R16,,,,,,,,,,,,,,,,,,,
2026-bastad,Bastad,Clay,,250,,20260715,14,vallejo-d7859,,,Vallejo,,,,,,,van-de-zandschulp,6,,Van De Zandschulp,,,,,,,4-6 6-3 7-64,3,R16,,,,,,,,,,,,,,,,,,,
2026-bastad,Bastad,Clay,,250,,20260714,15,baez-a8fb1,8,,Baez,,,,,,,dahlin,,,Dahlin,,,,,,,4-6 6-4 6-1,3,R128,,,,,,,,,,,,,,,,,,,
2026-bastad,Bastad,Clay,,250,,20260714,16,borges-8d823,5,,Borges,,,,,,,kouame-d4969,,,Kouame,,,,,,,6-4 6-2,3,R128,,,,,,,,,,,,,,,,,,,
2026-bastad,Bastad,Clay,,250,,20260714,17,altmaier,,,Altmaier,,,,,,,gaston-e1fa4,,,Gaston,,,,,,,6-2 7-5,3,R128,,,,,,,,,,,,,,,,,,,
2026-bastad,Bastad,Clay,,250,,20260714,18,travaglia,,,Travaglia,,,,,,,krumich,,,Krumich,,,,,,,6-4 6-2,3,R128,,,,,,,,,,,,,,,,,,,
2026-bastad,Bastad,Clay,,250,,20260714,19,basilashvili,,,Basilashvili,,,,,,,choinski,,,Choinski,,,,,,,6-4 7-64,3,R128,,,,,,,,,,,,,,,,,,,
2026-bastad,Bastad,Clay,,250,,20260714,20,van-de-zandschulp,6,,Van De Zandschulp,,,,,,,daniel-2dd17,,,Daniel,,,,,,,7-60 6-4,3,R128,,,,,,,,,,,,,,,,,,,
2026-bastad,Bastad,Clay,,250,,20260714,21,dimitrov-779bc,,,Dimitrov,,,,,,,svrcina,,,Svrcina,,,,,,,7-65 1-6 6-4,3,R128,,,,,,,,,,,,,,,,,,,
2026-bastad,Bastad,Clay,,250,,20260714,22,midon,,,Midon,,,,,,,diaz-acosta,,,Diaz Acosta,,,,,,,3-6 6-4 6-2,3,R128,,,,,,,,,,,,,,,,,,,
2026-bastad,Bastad,Clay,,250,,20260714,23,vallejo-d7859,,,Vallejo,,,,,,,damas,,,Damas,,,,,,,6-3 6-3,3,R128,,,,,,,,,,,,,,,,,,,
2026-bastad,Bastad,Clay,,250,,20260714,24,pellegrino-fd654,,,Pellegrino,,,,,,,budkov-kjaer,,,Budkov Kjaer,,,,,,,6-3 6-2,3,R128,,,,,,,,,,,,,,,,,,,
2026-bastad,Bastad,Clay,,250,,20260714,25,tirante,7,,Tirante,,,,,,,ofner-44428,,,Ofner,,,,,,,6-3 6-4,3,R128,,,,,,,,,,,,,,,,,,,
2026-bastad,Bastad,Clay,,250,,20260713,26,de-jong-57322,,,De Jong,,,,,,,gaubas,,,Gaubas,,,,,,,7-61 7-5,3,R128,,,,,,,,,,,,,,,,,,,
2026-gstaad,Gstaad,Clay,,250,,20260719,1,tsitsipas-b526f,,,Tsitsipas,,,,,,,collignon,7,,Collignon,,,,,,,6-4 63-7 6-3,3,F,,,,,,,,,,,,,,,,,,,
2026-gstaad,Gstaad,Clay,,250,,20260718,2,tsitsipas-b526f,,,Tsitsipas,,,,,,,shevchenko-3bd40,,,Shevchenko,,,,,,,6-4 3-6 6-3,3,SF,,,,,,,,,,,,,,,,,,,
2026-gstaad,Gstaad,Clay,,250,,20260718,3,collignon,7,,Collignon,,,,,,,cerundolo-08df6,6,,Cerundolo,,,,,,,1-6 7-65 7-5,3,SF,,,,,,,,,,,,,,,,,,,
2026-gstaad,Gstaad,Clay,,250,,20260717,4,tsitsipas-b526f,,,Tsitsipas,,,,,,,rinderknech,4,,Rinderknech,,,,,,,6-3 3-6 6-3,3,QF,,,,,,,,,,,,,,,,,,,
2026-gstaad,Gstaad,Clay,,250,,20260717,5,shevchenko-3bd40,,,Shevchenko,,,,,,,halys,,,Halys,,,,,,,7-65 6-3,3,QF,,,,,,,,,,,,,,,,,,,
2026-gstaad,Gstaad,Clay,,250,,20260717,6,cerundolo-08df6,6,,Cerundolo,,,,,,,ruud-dfb38,2,,Ruud,,,,,,,3-6 7-5 6-2,3,QF,,,,,,,,,,,,,,,,,,,
2026-gstaad,Gstaad,Clay,,250,,20260717,7,collignon,7,,Collignon,,,,,,,vacherot,3,,Vacherot,,,,,,,7-67 4-6 7-5,3,QF,,,,,,,,,,,,,,,,,,,
2026-gstaad,Gstaad,Clay,,250,,20260717,8,halys,,,Halys,,,,,,,bublik-43f80,1,,Bublik,,,,,,,64-7 6-4 7-65,3,R16,,,,,,,,,,,,,,,,,,,
2026-gstaad,Gstaad,Clay,,250,,20260717,9,shevchenko-3bd40,,,Shevchenko,,,,,,,stricker,,,Stricker,,,,,,,7-65 6-2,3,R16,,,,,,,,,,,,,,,,,,,
2026-gstaad,Gstaad,Clay,,250,,20260716,10,tsitsipas-b526f,,,Tsitsipas,,,,,,,kym,,,Kym,,,,,,,6-4 62-7 7-65,3,R16,,,,,,,,,,,,,,,,,,,
2026-gstaad,Gstaad,Clay,,250,,20260716,11,ruud-dfb38,2,,Ruud,,,,,,,faria-4754c,,,Faria,,,,,,,61-7 6-4 6-2,3,R16,,,,,,,,,,,,,,,,,,,
2026-gstaad,Gstaad,Clay,,250,,20260716,12,cerundolo-08df6,6,,Cerundolo,,,,,,,kecmanovic,,,Kecmanovic,,,,,,,3-6 6-3 7-5,3,R16,,,,,,,,,,,,,,,,,,,
2026-gstaad,Gstaad,Clay,,250,,20260715,13,vacherot,3,,Vacherot,,,,,,,hanfmann,,,Hanfmann,,,,,,,4-6 6-3 6-4,3,R16,,,,,,,,,,,,,,,,,,,
2026-gstaad,Gstaad,Clay,,250,,20260715,14,rinderknech,4,,Rinderknech,,,,,,,tabur,,,Tabur,,,,,,,69-7 7-65 7-5,3,R16,,,,,,,,,,,,,,,,,,,
2026-gstaad,Gstaad,Clay,,250,,20260715,15,collignon,7,,Collignon,,,,,,,sonego,,,Sonego,,,,,,,7-62 7-65,3,R16,,,,,,,,,,,,,,,,,,,
2026-gstaad,Gstaad,Clay,,250,,20260714,16,faria-4754c,,,Faria,,,,,,,wawrinka-ffdb9,,,Wawrinka,,,,,,,68-7 6-4 6-4,3,R128,,,,,,,,,,,,,,,,,,,
2026-gstaad,Gstaad,Clay,,250,,20260714,17,shevchenko-3bd40,,,Shevchenko,,,,,,,muller-c81bc,,,Muller,,,,,,,3-6 6-3 6-4,3,R128,,,,,,,,,,,,,,,,,,,
2026-gstaad,Gstaad,Clay,,250,,20260714,18,tsitsipas-b526f,,,Tsitsipas,,,,,,,buse,5,,Buse,,,,,,,6-4 6-4,3,R128,,,,,,,,,,,,,,,,,,,
2026-gstaad,Gstaad,Clay,,250,,20260714,19,halys,,,Halys,,,,,,,cina,,,Cina,,,,,,,6-3 3-6 7-66,3,R128,,,,,,,,,,,,,,,,,,,
2026-gstaad,Gstaad,Clay,,250,,20260714,20,kym,,,Kym,,,,,,,dietrich-fa350,,,Dietrich,,,,,,,7-63 2-6 7-65,3,R128,,,,,,,,,,,,,,,,,,,
2026-gstaad,Gstaad,Clay,,250,,20260714,21,hanfmann,,,Hanfmann,,,,,,,martinez-c0caf,,,Martinez,,,,,,,7-66 6-1,3,R128,,,,,,,,,,,,,,,,,,,
2026-gstaad,Gstaad,Clay,,250,,20260714,22,cerundolo-08df6,6,,Cerundolo,,,,,,,kolar-d6d52,,,Kolar,,,,,,,4-6 6-3 6-4,3,R128,,,,,,,,,,,,,,,,,,,
2026-gstaad,Gstaad,Clay,,250,,20260713,23,stricker,,,Stricker,,,,,,,munar-d1298,8,,Munar,,,,,,,6-2 6-4,3,R128,,,,,,,,,,,,,,,,,,,
2026-gstaad,Gstaad,Clay,,250,,20260713,24,collignon,7,,Collignon,,,,,,,skatov,,,Skatov,,,,,,,3-6 7-61 6-4,3,R128,,,,,,,,,,,,,,,,,,,
2026-gstaad,Gstaad,Clay,,250,,20260713,25,kecmanovic,,,Kecmanovic,,,,,,,feldbausch,,,Feldbausch,,,,,,,6-1 1-6 6-3,3,R128,,,,,,,,,,,,,,,,,,,
2026-gstaad,Gstaad,Clay,,250,,20260713,26,tabur,,,Tabur,,,,,,,rodionov-f5e38,,,Rodionov,,,,,,,4-6 7-5 6-4,3,R128,,,,,,,,,,,,,,,,,,,
2026-gstaad,Gstaad,Clay,,250,,20260713,27,sonego,,,Sonego,,,,,,,schwaerzler,,,Schwaerzler,,,,,,,6-4 7-64,3,R128,,,,,,,,,,,,,,,,,,,
2026-umag,Umag,Clay,,250,,20260718,1,merida-aguilar,,,Merida Aguilar,,,,,,,dzumhur,,,Dzumhur,,,,,,,6-2 5-7 6-2,3,F,,,,,,,,,,,,,,,,,,,
2026-umag,Umag,Clay,,250,,20260717,2,dzumhur,,,Dzumhur,,,,,,,molcan,,,Molcan,,,,,,,3-6 6-4 6-3,3,SF,,,,,,,,,,,,,,,,,,,
2026-umag,Umag,Clay,,250,,20260717,3,merida-aguilar,,,Merida Aguilar,,,,,,,burruchaga,,,Burruchaga,,,,,,,6-4 6-2,3,SF,,,,,,,,,,,,,,,,,,,
2026-umag,Umag,Clay,,250,,20260716,4,molcan,,,Molcan,,,,,,,davidovich-fokina,2,,Davidovich Fokina,,,,,,,3-6 6-1 6-2,3,QF,,,,,,,,,,,,,,,,,,,
2026-umag,Umag,Clay,,250,,20260716,5,burruchaga,,,Burruchaga,,,,,,,ugo-carabelli,7,,Ugo Carabelli,,,,,,,6-2 2-6 6-3,3,QF,,,,,,,,,,,,,,,,,,,
2026-umag,Umag,Clay,,250,,20260716,6,dzumhur,,,Dzumhur,,,,,,,arnaldi,4,,Arnaldi,,,,,,,7-65 64-7 7-64,3,QF,,,,,,,,,,,,,,,,,,,
2026-umag,Umag,Clay,,250,,20260716,7,merida-aguilar,,,Merida Aguilar,,,,,,,droguet,,,Droguet,,,,,,,6-1 6-3,3,QF,,,,,,,,,,,,,,,,,,,
2026-umag,Umag,Clay,,250,,20260715,8,molcan,,,Molcan,,,,,,,prizmic,,,Prizmic,,,,,,,3-6 7-65 4-0,3,R16,,,,,,,,,,,,,,,,,,,
2026-umag,Umag,Clay,,250,,20260715,9,droguet,,,Droguet,,,,,,,van-assche,,,Van Assche,,,,,,,6-1 1-6 7-5,3,R16,,,,,,,,,,,,,,,,,,,
2026-umag,Umag,Clay,,250,,20260715,10,burruchaga,,,Burruchaga,,,,,,,cobolli-d6311,1,,Cobolli,,,,,,,6-2 6-4,3,R16,,,,,,,,,,,,,,,,,,,
2026-umag,Umag,Clay,,250,,20260715,11,ugo-carabelli,7,,Ugo Carabelli,,,,,,,carreno-busta,,,Carreno-Busta,,,,,,,3-6 7-5 7-5,3,R16,,,,,,,,,,,,,,,,,,,
2026-umag,Umag,Clay,,250,,20260715,12,davidovich-fokina,2,,Davidovich Fokina,,,,,,,trungelliti,,,Trungelliti,,,,,,,6-4 7-5,3,R16,,,,,,,,,,,,,,,,,,,
2026-umag,Umag,Clay,,250,,20260715,13,dzumhur,,,Dzumhur,,,,,,,prado-angelo,,,Prado Angelo,,,,,,,7-62 6-1,3,R16,,,,,,,,,,,,,,,,,,,
2026-umag,Umag,Clay,,250,,20260715,14,merida-aguilar,,,Merida Aguilar,,,,,,,etcheverry-7101a,3,,Etcheverry,,,,,,,7-5 6-4,3,R16,,,,,,,,,,,,,,,,,,,
2026-umag,Umag,Clay,,250,,20260715,15,arnaldi,4,,Arnaldi,,,,,,,gomez-e101b,,,Gomez,,,,,,,6-3 5-7 6-3,3,R16,,,,,,,,,,,,,,,,,,,
2026-umag,Umag,Clay,,250,,20260714,16,droguet,,,Droguet,,,,,,,blockx,5,,Blockx,,,,,,,3-6 6-2 6-0,3,R128,,,,,,,,,,,,,,,,,,,
2026-umag,Umag,Clay,,250,,20260714,17,prado-angelo,,,Prado Angelo,,,,,,,neumayer,,,Neumayer,,,,,,,6-3 7-66,3,R128,,,,,,,,,,,,,,,,,,,
2026-umag,Umag,Clay,,250,,20260714,18,gomez-e101b,,,Gomez,,,,,,,mcdonald-245be,,,McDonald,,,,,,,6-3 7-64,3,R128,,,,,,,,,,,,,,,,,,,
2026-umag,Umag,Clay,,250,,20260714,19,merida-aguilar,,,Merida Aguilar,,,,,,,sesko,,,Sesko,,,,,,,6-4 6-1,3,R128,,,,,,,,,,,,,,,,,,,
2026-umag,Umag,Clay,,250,,20260714,20,burruchaga,,,Burruchaga,,,,,,,cecchinato,,,Cecchinato,,,,,,,6-1 6-4,3,R128,,,,,,,,,,,,,,,,,,,
2026-umag,Umag,Clay,,250,,20260714,21,carreno-busta,,,Carreno-Busta,,,,,,,dodig-b6156,,,Dodig,,,,,,,6-4 6-2,3,R128,,,,,,,,,,,,,,,,,,,
2026-umag,Umag,Clay,,250,,20260714,22,molcan,,,Molcan,,,,,,,royer,,,Royer,,,,,,,6-4 7-5,3,R128,,,,,,,,,,,,,,,,,,,
2026-umag,Umag,Clay,,250,,20260714,23,ugo-carabelli,7,,Ugo Carabelli,,,,,,,topo-77408,,,Topo,,,,,,,62-7 7-63 6-3,3,R128,,,,,,,,,,,,,,,,,,,
2026-umag,Umag,Clay,,250,,20260713,24,prizmic,,,Prizmic,,,,,,,kopriva,8,,Kopriva,,,,,,,6-1 6-3,3,R128,,,,,,,,,,,,,,,,,,,
2026-umag,Umag,Clay,,250,,20260713,25,trungelliti,,,Trungelliti,,,,,,,jacquet-d2059,,,Jacquet,,,,,,,6-2 6-3,3,R128,,,,,,,,,,,,,,,,,,,
2026-umag,Umag,Clay,,250,,20260713,26,van-assche,,,Van Assche,,,,,,,lajovic,,,Lajovic,,,,,,,2-6 7-5 6-4,3,R128,,,,,,,,,,,,,,,,,,,
2026-umag,Umag,Clay,,250,,20260713,27,dzumhur,,,Dzumhur,,,,,,,rocha-0492a,,,Rocha,,,,,,,6-2 6-1,3,R128,,,,,,,,,,,,,,,,,,,
2026-ultimate-tennis-showdown,Ultimate Tennis Showdown,Hard,,250,,20260718,1,fonseca-57dc1,,,Fonseca,,,,,,,moutet,,,Moutet,,,,,,,16-14 13-20 16-14 19-10,3,,,,,,,,,,,,,,,,,,,,
2026-ultimate-tennis-showdown,Ultimate Tennis Showdown,Hard,,250,,20260718,2,nakashima-68876,,,Nakashima,,,,,,,kyrgios,,,Kyrgios,,,,,,,14-18 20-10 17-12 20-10,3,,,,,,,,,,,,,,,,,,,,
2026-ultimate-tennis-showdown,Ultimate Tennis Showdown,Hard,,250,,20260718,3,queiroz-miguel-da6d9,,,Queiroz Miguel,,,,,,,cerundolo,,,Cerundolo,,,,,,,11-23 15-12 15-16 17-12 2-0,3,,,,,,,,,,,,,,,,,,,,
2026-ultimate-tennis-showdown,Ultimate Tennis Showdown,Hard,,250,,20260718,4,norrie,,,Norrie,,,,,,,griekspoor-d58ed,,,Griekspoor,,,,,,,12-19 19-20 18-7 18-10 2-1,3,,,,,,,,,,,,,,,,,,,,
2026-ultimate-tennis-showdown,Ultimate Tennis Showdown,Hard,,250,,20260718,5,kyrgios,,,Kyrgios,,,,,,,fonseca-57dc1,,,Fonseca,,,,,,,16-11 17-10 19-11,3,,,,,,,,,,,,,,,,,,,,
2026-ultimate-tennis-showdown,Ultimate Tennis Showdown,Hard,,250,,20260718,6,cerundolo,,,Cerundolo,,,,,,,norrie,,,Norrie,,,,,,,16-12 15-12 17-8,3,,,,,,,,,,,,,,,,,,,,
2026-ultimate-tennis-showdown,Ultimate Tennis Showdown,Hard,,250,,20260718,7,fonseca-57dc1,,,Fonseca,,,,,,,griekspoor-d58ed,,,Griekspoor,,,,,,,9-19 14-13 17-10 18-8,3,,,,,,,,,,,,,,,,,,,,
2026-ultimate-tennis-showdown,Ultimate Tennis Showdown,Hard,,250,,20260717,8,queiroz-miguel-da6d9,,,Queiroz Miguel,,,,,,,kyrgios,,,Kyrgios,,,,,,,21-12 15-10 13-16 15-21 2-0,3,,,,,,,,,,,,,,,,,,,,
2026-ultimate-tennis-showdown,Ultimate Tennis Showdown,Hard,,250,,20260404,9,tsitsipas-b526f,,,Tsitsipas,,,,,,,humbert-e2553,,,Humbert,,,,,,,21-9 10-15 18-12 18-13,3,,,,,,,,,,,,,,,,,,,,
2026-ultimate-tennis-showdown,Ultimate Tennis Showdown,Hard,,250,,20260404,10,auger-aliassime,,,Auger Aliassime,,,,,,,rublev,,,Rublev,,,,,,,11-18 18-11 7-18 14-13 3-2,3,,,,,,,,,,,,,,,,,,,,
2026-ultimate-tennis-showdown,Ultimate Tennis Showdown,Hard,,250,,20260404,11,ruud-dfb38,,,Ruud,,,,,,,bublik-43f80,,,Bublik,,,,,,,15-14 18-8 20-4,3,,,,,,,,,,,,,,,,,,,,
2026-ultimate-tennis-showdown,Ultimate Tennis Showdown,Hard,,250,,20260404,12,khachanov,,,Khachanov,,,,,,,dimitrov-779bc,,,Dimitrov,,,,,,,15-10 17-10 16-11,3,,,,,,,,,,,,,,,,,,,,
2026-ultimate-tennis-showdown,Ultimate Tennis Showdown,Hard,,250,,20260403,13,rublev,,,Rublev,,,,,,,tsitsipas-b526f,,,Tsitsipas,,,,,,,17-15 16-14 23-13,3,,,,,,,,,,,,,,,,,,,,
2026-ultimate-tennis-showdown,Ultimate Tennis Showdown,Hard,,250,,20260403,14,bublik-43f80,,,Bublik,,,,,,,humbert-e2553,,,Humbert,,,,,,,11-18 10-21 17-16 17-12 2-0,3,,,,,,,,,,,,,,,,,,,,
2026-ultimate-tennis-showdown,Ultimate Tennis Showdown,Hard,,250,,20260403,15,auger-aliassime,,,Auger Aliassime,,,,,,,dimitrov-779bc,,,Dimitrov,,,,,,,16-10 13-20 11-16 14-12 2-1,3,,,,,,,,,,,,,,,,,,,,
2026-ultimate-tennis-showdown,Ultimate Tennis Showdown,Hard,,250,,20260403,16,ruud-dfb38,,,Ruud,,,,,,,khachanov,,,Khachanov,,,,,,,9-10 17-6 14-9 14-10,3,,,,,,,,,,,,,,,,,,,,
2026-estoril,Estoril,Clay,,250,,20260726,1,van-assche,,,Van Assche,,,,,,,blockx,4,,Blockx,,,,,,,6-4 4-6 7-5,3,F,,,,,,,,,,,,,,,,,,,
2026-estoril,Estoril,Clay,,250,,20260725,2,blockx,4,,Blockx,,,,,,,darderi,2,,Darderi,,,,,,,5-7 7-61 7-65,3,SF,,,,,,,,,,,,,,,,,,,
2026-estoril,Estoril,Clay,,250,,20260725,3,van-assche,,,Van Assche,,,,,,,gaston-e1fa4,,,Gaston,,,,,,,6-4 7-5,3,SF,,,,,,,,,,,,,,,,,,,
2026-estoril,Estoril,Clay,,250,,20260724,4,darderi,2,,Darderi,,,,,,,faria-4754c,,,Faria,,,,,,,2-6 7-5 6-2,3,QF,,,,,,,,,,,,,,,,,,,
2026-estoril,Estoril,Clay,,250,,20260724,5,blockx,4,,Blockx,,,,,,,burruchaga,,,Burruchaga,,,,,,,6-4 5-7 6-4,3,QF,,,,,,,,,,,,,,,,,,,
2026-estoril,Estoril,Clay,,250,,20260724,6,van-assche,,,Van Assche,,,,,,,rublev,1,,Rublev,,,,,,,3-6 6-3 6-4,3,QF,,,,,,,,,,,,,,,,,,,
2026-estoril,Estoril,Clay,,250,,20260724,7,gaston-e1fa4,,,Gaston,,,,,,,torres-a7519,,,Torres,,,,,,,6-3 6-4,3,QF,,,,,,,,,,,,,,,,,,,
2026-estoril,Estoril,Clay,,250,,20260723,8,darderi,2,,Darderi,,,,,,,martinez-c0caf,,,Martinez,,,,,,,6-0 6-1,3,R16,,,,,,,,,,,,,,,,,,,
2026-estoril,Estoril,Clay,,250,,20260723,9,rublev,1,,Rublev,,,,,,,skatov,,,Skatov,,,,,,,6-1 6-1,3,R16,,,,,,,,,,,,,,,,,,,
2026-estoril,Estoril,Clay,,250,,20260723,10,faria-4754c,,,Faria,,,,,,,bueno-01b7e,,,Bueno,,,,,,,6-2 6-4,3,R16,,,,,,,,,,,,,,,,,,,
2026-estoril,Estoril,Clay,,250,,20260723,11,van-assche,,,Van Assche,,,,,,,carreno-busta,8,,Carreno-Busta,,,,,,,6-3 4-6 6-2,3,R16,,,,,,,,,,,,,,,,,,,
2026-estoril,Estoril,Clay,,250,,20260722,12,blockx,4,,Blockx,,,,,,,jacquet-d2059,,,Jacquet,,,,,,,3-6 6-4 7-64,3,R16,,,,,,,,,,,,,,,,,,,
2026-estoril,Estoril,Clay,,250,,20260722,13,torres-a7519,,,Torres,,,,,,,tabilo,3,,Tabilo,,,,,,,6-4 6-4,3,R16,,,,,,,,,,,,,,,,,,,
2026-estoril,Estoril,Clay,,250,,20260722,14,burruchaga,,,Burruchaga,,,,,,,borges-8d823,5,,Borges,,,,,,,6-1 4-6 6-3,3,R16,,,,,,,,,,,,,,,,,,,
2026-estoril,Estoril,Clay,,250,,20260722,15,gaston-e1fa4,,,Gaston,,,,,,,droguet,,,Droguet,,,,,,,6-0 6-3,3,R16,,,,,,,,,,,,,,,,,,,
2026-estoril,Estoril,Clay,,250,,20260721,16,faria-4754c,,,Faria,,,,,,,van-de-zandschulp,6,,Van De Zandschulp,,,,,,,6-3 6-4,3,R128,,,,,,,,,,,,,,,,,,,
2026-estoril,Estoril,Clay,,250,,20260721,17,burruchaga,,,Burruchaga,,,,,,,wawrinka-ffdb9,,,Wawrinka,,,,,,,6-4 4-6 6-3,3,R128,,,,,,,,,,,,,,,,,,,
2026-estoril,Estoril,Clay,,250,,20260721,18,gaston-e1fa4,,,Gaston,,,,,,,dzumhur,,,Dzumhur,,,,,,,5-0,3,R128,,,,,,,,,,,,,,,,,,,
2026-estoril,Estoril,Clay,,250,,20260721,19,jacquet-d2059,,,Jacquet,,,,,,,merida-aguilar,,,Merida Aguilar,,,,,,,1-6 6-1 7-5,3,R128,,,,,,,,,,,,,,,,,,,
2026-estoril,Estoril,Clay,,250,,20260721,20,borges-8d823,5,,Borges,,,,,,,luz-2f442,,,Luz,,,,,,,6-3 6-3,3,R128,,,,,,,,,,,,,,,,,,,
2026-estoril,Estoril,Clay,,250,,20260721,21,carreno-busta,8,,Carreno-Busta,,,,,,,gaubas,,,Gaubas,,,,,,,6-1 6-3,3,R128,,,,,,,,,,,,,,,,,,,
2026-estoril,Estoril,Clay,,250,,20260721,22,bueno-01b7e,,,Bueno,,,,,,,pereira-96af4,,,Pereira,,,,,,,6-3 1-6 7-65,3,R128,,,,,,,,,,,,,,,,,,,
2026-estoril,Estoril,Clay,,250,,20260721,23,skatov,,,Skatov,,,,,,,de-jong-57322,,,De Jong,,,,,,,1-6 6-4 6-3,3,R128,,,,,,,,,,,,,,,,,,,
2026-estoril,Estoril,Clay,,250,,20260720,24,martinez-c0caf,,,Martinez,,,,,,,rocha-0492a,,,Rocha,,,,,,,7-5 7-5,3,R128,,,,,,,,,,,,,,,,,,,
2026-estoril,Estoril,Clay,,250,,20260720,25,van-assche,,,Van Assche,,,,,,,silva-cb43c,,,Silva,,,,,,,7-5 64-7 6-1,3,R128,,,,,,,,,,,,,,,,,,,
2026-estoril,Estoril,Clay,,250,,20260720,26,droguet,,,Droguet,,,,,,,ugo-carabelli,7,,Ugo Carabelli,,,,,,,6-0 3-6 6-4,3,R128,,,,,,,,,,,,,,,,,,,
2026-estoril,Estoril,Clay,,250,,20260720,27,torres-a7519,,,Torres,,,,,,,basilashvili,,,Basilashvili,,,,,,,6-4 6-2,3,R128,,,,,,,,,,,,,,,,,,,
2026-kitzbuhel,Kitzbühel,Clay,,250,,20260725,1,halys,,,Halys,,,,,,,bublik-43f80,1,,Bublik,,,,,,,6-4 7-66,3,F,,,,,,,,,,,,,,,,,,,
2026-kitzbuhel,Kitzbühel,Clay,,250,,20260724,2,bublik-43f80,1,,Bublik,,,,,,,etcheverry-7101a,4,,Etcheverry,,,,,,,6-3 6-4,3,SF,,,,,,,,,,,,,,,,,,,
2026-kitzbuhel,Kitzbühel,Clay,,250,,20260724,3,halys,,,Halys,,,,,,,hanfmann,,,Hanfmann,,,,,,,6-4 7-62,3,SF,,,,,,,,,,,,,,,,,,,
2026-kitzbuhel,Kitzbühel,Clay,,250,,20260723,4,bublik-43f80,1,,Bublik,,,,,,,molcan,,,Molcan,,,,,,,6-3 6-2,3,QF,,,,,,,,,,,,,,,,,,,
2026-kitzbuhel,Kitzbühel,Clay,,250,,20260723,5,etcheverry-7101a,4,,Etcheverry,,,,,,,buse,5,,Buse,,,,,,,6-2 7-5,3,QF,,,,,,,,,,,,,,,,,,,
2026-kitzbuhel,Kitzbühel,Clay,,250,,20260723,6,hanfmann,,,Hanfmann,,,,,,,baez-a8fb1,,,Baez,,,,,,,6-3 6-1,3,QF,,,,,,,,,,,,,,,,,,,
2026-kitzbuhel,Kitzbühel,Clay,,250,,20260723,7,halys,,,Halys,,,,,,,navone,,,Navone,,,,,,,7-5 6-3,3,QF,,,,,,,,,,,,,,,,,,,
2026-kitzbuhel,Kitzbühel,Clay,,250,,20260722,8,bublik-43f80,1,,Bublik,,,,,,,diaz-acosta,,,Diaz Acosta,,,,,,,6-3 7-5,3,R16,,,,,,,,,,,,,,,,,,,
2026-kitzbuhel,Kitzbühel,Clay,,250,,20260722,9,molcan,,,Molcan,,,,,,,altmaier,,,Altmaier,,,,,,,6-3 3-6 7-5,3,R16,,,,,,,,,,,,,,,,,,,
2026-kitzbuhel,Kitzbühel,Clay,,250,,20260722,10,etcheverry-7101a,4,,Etcheverry,,,,,,,rodionov-f5e38,,,Rodionov,,,,,,,6-2 7-64,3,R16,,,,,,,,,,,,,,,,,,,
2026-kitzbuhel,Kitzbühel,Clay,,250,,20260722,11,buse,5,,Buse,,,,,,,feldbausch,,,Feldbausch,,,,,,,2-6 6-2 6-2,3,R16,,,,,,,,,,,,,,,,,,,
2026-kitzbuhel,Kitzbühel,Clay,,250,,20260722,12,hanfmann,,,Hanfmann,,,,,,,trungelliti,,,Trungelliti,,,,,,,6-4 7-62,3,R16,,,,,,,,,,,,,,,,,,,
2026-kitzbuhel,Kitzbühel,Clay,,250,,20260722,13,navone,,,Navone,,,,,,,struff,6,,Struff,,,,,,,6-0 6-3,3,R16,,,,,,,,,,,,,,,,,,,
2026-kitzbuhel,Kitzbühel,Clay,,250,,20260722,14,baez-a8fb1,,,Baez,,,,,,,rinderknech,3,,Rinderknech,,,,,,,7-66 2-6 6-4,3,R16,,,,,,,,,,,,,,,,,,,
2026-kitzbuhel,Kitzbühel,Clay,,250,,20260722,15,halys,,,Halys,,,,,,,vacherot,2,,Vacherot,,,,,,,6-3 6-4,3,R16,,,,,,,,,,,,,,,,,,,
2026-kitzbuhel,Kitzbühel,Clay,,250,,20260721,16,altmaier,,,Altmaier,,,,,,,collignon,7,,Collignon,,,,,,,6-3 6-2,3,R128,,,,,,,,,,,,,,,,,,,
2026-kitzbuhel,Kitzbühel,Clay,,250,,20260721,17,molcan,,,Molcan,,,,,,,ofner-44428,,,Ofner,,,,,,,6-4 6-4,3,R128,,,,,,,,,,,,,,,,,,,
2026-kitzbuhel,Kitzbühel,Clay,,250,,20260721,18,feldbausch,,,Feldbausch,,,,,,,vallejo-d7859,,,Vallejo,,,,,,,7-62 6-1,3,R128,,,,,,,,,,,,,,,,,,,
2026-kitzbuhel,Kitzbühel,Clay,,250,,20260721,19,halys,,,Halys,,,,,,,djere,,,Djere,,,,,,,7-64 6-4,3,R128,,,,,,,,,,,,,,,,,,,
2026-kitzbuhel,Kitzbühel,Clay,,250,,20260721,20,baez-a8fb1,,,Baez,,,,,,,kecmanovic,,,Kecmanovic,,,,,,,6-3 3-6 6-4,3,R128,,,,,,,,,,,,,,,,,,,
2026-kitzbuhel,Kitzbühel,Clay,,250,,20260721,21,trungelliti,,,Trungelliti,,,,,,,cerundolo-08df6,8,,Cerundolo,,,,,,,6-2 6-1,3,R128,,,,,,,,,,,,,,,,,,,
2026-kitzbuhel,Kitzbühel,Clay,,250,,20260721,22,struff,6,,Struff,,,,,,,shevchenko-3bd40,,,Shevchenko,,,,,,,3-6 7-65 6-4,3,R128,,,,,,,,,,,,,,,,,,,
2026-kitzbuhel,Kitzbühel,Clay,,250,,20260720,23,buse,5,,Buse,,,,,,,kopriva,,,Kopriva,,,,,,,7-5 63-7 6-1,3,R128,,,,,,,,,,,,,,,,,,,
2026-kitzbuhel,Kitzbühel,Clay,,250,,20260720,24,diaz-acosta,,,Diaz Acosta,,,,,,,cina,,,Cina,,,,,,,4-6 6-3 6-4,3,R128,,,,,,,,,,,,,,,,,,,
2026-kitzbuhel,Kitzbühel,Clay,,250,,20260720,25,rodionov-f5e38,,,Rodionov,,,,,,,schwaerzler,,,Schwaerzler,,,,,,,6-4 6-2,3,R128,,,,,,,,,,,,,,,,,,,
2026-kitzbuhel,Kitzbühel,Clay,,250,,20260720,26,hanfmann,,,Hanfmann,,,,,,,neumayer,,,Neumayer,,,,,,,7-65 6-4,3,R128,,,,,,,,,,,,,,,,,,,
2026-kitzbuhel,Kitzbühel,Clay,,250,,20260720,27,navone,,,Navone,,,,,,,muller-c81bc,,,Muller,,,,,,,6-4 6-0,3,R128,,,,,,,,,,,,,,,,,,,
